"ISOcode","AgeStart","AgeEnd","Ri"
4,0,4,0
4,5,9,0
4,10,14,10
4,15,19,26
4,20,24,37
4,25,29,38
4,30,34,55
4,35,39,54
4,40,44,74
4,45,49,93
4,50,54,114
4,55,59,133
4,60,64,144
4,65,69,137
4,70,74,117
4,75,79,78
4,80,84,37
4,85,999,16
8,0,4,0
8,5,9,0
8,10,14,0
8,15,19,0
8,20,24,1
8,25,29,4
8,30,34,6
8,35,39,9
8,40,44,16
8,45,49,22
8,50,54,35
8,55,59,63
8,60,64,77
8,65,69,74
8,70,74,68
8,75,79,58
8,80,84,50
8,85,999,39
12,0,4,0
12,5,9,0
12,10,14,3
12,15,19,13
12,20,24,39
12,25,29,65
12,30,34,116
12,35,39,241
12,40,44,399
12,45,49,542
12,50,54,740
12,55,59,972
12,60,64,1072
12,65,69,1092
12,70,74,894
12,75,79,649
12,80,84,492
12,85,999,418
24,0,4,0
24,5,9,0
24,10,14,26
24,15,19,9
24,20,24,16
24,25,29,22
24,30,34,70
24,35,39,75
24,40,44,75
24,45,49,62
24,50,54,98
24,55,59,94
24,60,64,90
24,65,69,87
24,70,74,30
24,75,79,25
24,80,84,11
24,85,999,15
31,0,4,0
31,5,9,0
31,10,14,1
31,15,19,4
31,20,24,5
31,25,29,8
31,30,34,15
31,35,39,41
31,40,44,68
31,45,49,125
31,50,54,203
31,55,59,253
31,60,64,335
31,65,69,275
31,70,74,169
31,75,79,92
31,80,84,83
31,85,999,64
32,0,4,0
32,5,9,0
32,10,14,0
32,15,19,16
32,20,24,119
32,25,29,48
32,30,34,60
32,35,39,166
32,40,44,404
32,45,49,731
32,50,54,1084
32,55,59,1535
32,60,64,1960
32,65,69,2255
32,70,74,2331
32,75,79,2044
32,80,84,1539
32,85,999,1571
36,0,4,0
36,5,9,0
36,10,14,69
36,15,19,66
36,20,24,88
36,25,29,150
36,30,34,234
36,35,39,359
36,40,44,476
36,45,49,687
36,50,54,949
36,55,59,1300
36,60,64,1754
36,65,69,2082
36,70,74,2409
36,75,79,2317
36,80,84,1862
36,85,999,2286
40,0,4,0
40,5,9,0
40,10,14,3
40,15,19,4
40,20,24,6
40,25,29,12
40,30,34,29
40,35,39,52
40,40,44,89
40,45,49,146
40,50,54,271
40,55,59,426
40,60,64,531
40,65,69,576
40,70,74,627
40,75,79,603
40,80,84,644
40,85,999,520
44,0,4,0
44,5,9,0
44,10,14,0
44,15,19,0
44,20,24,1
44,25,29,0
44,30,34,0
44,35,39,0
44,40,44,5
44,45,49,5
44,50,54,7
44,55,59,9
44,60,64,13
44,65,69,12
44,70,74,13
44,75,79,13
44,80,84,8
44,85,999,10
48,0,4,0
48,5,9,0
48,10,14,0
48,15,19,0
48,20,24,2
48,25,29,1
48,30,34,3
48,35,39,6
48,40,44,5
48,45,49,9
48,50,54,20
48,55,59,22
48,60,64,29
48,65,69,25
48,70,74,14
48,75,79,10
48,80,84,7
48,85,999,4
50,0,4,0
50,5,9,0
50,10,14,3
50,15,19,30
50,20,24,134
50,25,29,187
50,30,34,295
50,35,39,307
50,40,44,423
50,45,49,520
50,50,54,639
50,55,59,724
50,60,64,663
50,65,69,503
50,70,74,432
50,75,79,388
50,80,84,265
50,85,999,210
51,0,4,0
51,5,9,0
51,10,14,0
51,15,19,0
51,20,24,3
51,25,29,0
51,30,34,7
51,35,39,1
51,40,44,2
51,45,49,14
51,50,54,38
51,55,59,97
51,60,64,205
51,65,69,241
51,70,74,194
51,75,79,112
51,80,84,112
51,85,999,101
52,0,4,0
52,5,9,0
52,10,14,0
52,15,19,0
52,20,24,0
52,25,29,1
52,30,34,0
52,35,39,0
52,40,44,2
52,45,49,8
52,50,54,13
52,55,59,13
52,60,64,18
52,65,69,16
52,70,74,24
52,75,79,20
52,80,84,17
52,85,999,16
56,0,4,0
56,5,9,0
56,10,14,6
56,15,19,6
56,20,24,11
56,25,29,19
56,30,34,27
56,35,39,51
56,40,44,102
56,45,49,188
56,50,54,374
56,55,59,642
56,60,64,942
56,65,69,1128
56,70,74,1228
56,75,79,1145
56,80,84,921
56,85,999,1159
64,0,4,0
64,5,9,0
64,10,14,0
64,15,19,0
64,20,24,0
64,25,29,0
64,30,34,0
64,35,39,1
64,40,44,1
64,45,49,2
64,50,54,2
64,55,59,4
64,60,64,4
64,65,69,4
64,70,74,4
64,75,79,4
64,80,84,2
64,85,999,2
68,0,4,0
68,5,9,0
68,10,14,0
68,15,19,0
68,20,24,2
68,25,29,4
68,30,34,7
68,35,39,12
68,40,44,24
68,45,49,46
68,50,54,58
68,55,59,83
68,60,64,90
68,65,69,107
68,70,74,110
68,75,79,70
68,80,84,43
68,85,999,45
70,0,4,0
70,5,9,0
70,10,14,0
70,15,19,0
70,20,24,2
70,25,29,2
70,30,34,3
70,35,39,16
70,40,44,38
70,45,49,72
70,50,54,115
70,55,59,184
70,60,64,274
70,65,69,369
70,70,74,333
70,75,79,193
70,80,84,152
70,85,999,102
72,0,4,0
72,5,9,0
72,10,14,0
72,15,19,0
72,20,24,0
72,25,29,3
72,30,34,4
72,35,39,8
72,40,44,13
72,45,49,9
72,50,54,9
72,55,59,9
72,60,64,10
72,65,69,8
72,70,74,7
72,75,79,6
72,80,84,3
72,85,999,0
76,0,4,0
76,5,9,0
76,10,14,28
76,15,19,50
76,20,24,171
76,25,29,410
76,30,34,343
76,35,39,924
76,40,44,1945
76,45,49,3150
76,50,54,4693
76,55,59,6488
76,60,64,7638
76,65,69,8022
76,70,74,7789
76,75,79,6741
76,80,84,5568
76,85,999,6158
84,0,4,0
84,5,9,0
84,10,14,0
84,15,19,0
84,20,24,0
84,25,29,0
84,30,34,0
84,35,39,1
84,40,44,0
84,45,49,0
84,50,54,3
84,55,59,3
84,60,64,4
84,65,69,2
84,70,74,2
84,75,79,1
84,80,84,3
84,85,999,2
90,0,4,0
90,5,9,0
90,10,14,0
90,15,19,0
90,20,24,0
90,25,29,0
90,30,34,0
90,35,39,0
90,40,44,2
90,45,49,1
90,50,54,3
90,55,59,0
90,60,64,3
90,65,69,3
90,70,74,3
90,75,79,2
90,80,84,0
90,85,999,2
96,0,4,0
96,5,9,0
96,10,14,0
96,15,19,0
96,20,24,0
96,25,29,0
96,30,34,1
96,35,39,4
96,40,44,9
96,45,49,13
96,50,54,20
96,55,59,22
96,60,64,24
96,65,69,22
96,70,74,15
96,75,79,10
96,80,84,7
96,85,999,6
100,0,4,0
100,5,9,0
100,10,14,1
100,15,19,1
100,20,24,1
100,25,29,4
100,30,34,8
100,35,39,19
100,40,44,44
100,45,49,120
100,50,54,229
100,55,59,382
100,60,64,654
100,65,69,921
100,70,74,1023
100,75,79,814
100,80,84,508
100,85,999,357
104,0,4,0
104,5,9,0
104,10,14,0
104,15,19,48
104,20,24,61
104,25,29,97
104,30,34,83
104,35,39,130
104,40,44,230
104,45,49,366
104,50,54,564
104,55,59,660
104,60,64,765
104,65,69,822
104,70,74,710
104,75,79,491
104,80,84,321
104,85,999,204
108,0,4,0
108,5,9,0
108,10,14,1
108,15,19,1
108,20,24,4
108,25,29,12
108,30,34,16
108,35,39,17
108,40,44,22
108,45,49,27
108,50,54,32
108,55,59,42
108,60,64,54
108,65,69,52
108,70,74,35
108,75,79,22
108,80,84,13
108,85,999,9
112,0,4,0
112,5,9,0
112,10,14,0
112,15,19,1
112,20,24,5
112,25,29,7
112,30,34,17
112,35,39,40
112,40,44,88
112,45,49,165
112,50,54,305
112,55,59,562
112,60,64,1003
112,65,69,1247
112,70,74,1156
112,75,79,634
112,80,84,528
112,85,999,402
116,0,4,0
116,5,9,0
116,10,14,0
116,15,19,1
116,20,24,3
116,25,29,12
116,30,34,30
116,35,39,76
116,40,44,94
116,45,49,105
116,50,54,177
116,55,59,222
116,60,64,225
116,65,69,235
116,70,74,221
116,75,79,159
116,80,84,101
116,85,999,65
120,0,4,0
120,5,9,0
120,10,14,2
120,15,19,2
120,20,24,23
120,25,29,33
120,30,34,30
120,35,39,48
120,40,44,72
120,45,49,96
120,50,54,119
120,55,59,132
120,60,64,119
120,65,69,94
120,70,74,69
120,75,79,43
120,80,84,24
120,85,999,10
124,0,4,0
124,5,9,0
124,10,14,16
124,15,19,22
124,20,24,24
124,25,29,56
124,30,34,163
124,35,39,343
124,40,44,563
124,45,49,856
124,50,54,1292
124,55,59,2008
124,60,64,2859
124,65,69,3325
124,70,74,3508
124,75,79,3215
124,80,84,2496
124,85,999,2979
132,0,4,0
132,5,9,0
132,10,14,0
132,15,19,0
132,20,24,0
132,25,29,0
132,30,34,1
132,35,39,0
132,40,44,4
132,45,49,1
132,50,54,5
132,55,59,6
132,60,64,4
132,65,69,4
132,70,74,1
132,75,79,1
132,80,84,0
132,85,999,1
140,0,4,0
140,5,9,0
140,10,14,5
140,15,19,4
140,20,24,8
140,25,29,6
140,30,34,6
140,35,39,8
140,40,44,11
140,45,49,13
140,50,54,15
140,55,59,18
140,60,64,15
140,65,69,14
140,70,74,11
140,75,79,10
140,80,84,6
140,85,999,3
144,0,4,0
144,5,9,0
144,10,14,1
144,15,19,3
144,20,24,3
144,25,29,15
144,30,34,21
144,35,39,30
144,40,44,66
144,45,49,119
144,50,54,186
144,55,59,279
144,60,64,362
144,65,69,422
144,70,74,423
144,75,79,321
144,80,84,168
144,85,999,121
148,0,4,0
148,5,9,0
148,10,14,9
148,15,19,16
148,20,24,9
148,25,29,31
148,30,34,10
148,35,39,32
148,40,44,1
148,45,49,35
148,50,54,28
148,55,59,8
148,60,64,10
148,65,69,12
148,70,74,9
148,75,79,18
148,80,84,0
148,85,999,0
152,0,4,0
152,5,9,0
152,10,14,0
152,15,19,0
152,20,24,17
152,25,29,25
152,30,34,27
152,35,39,48
152,40,44,110
152,45,49,224
152,50,54,372
152,55,59,599
152,60,64,833
152,65,69,1001
152,70,74,989
152,75,79,887
152,80,84,737
152,85,999,909
156,0,4,0
156,5,9,0
156,10,14,148
156,15,19,239
156,20,24,506
156,25,29,1554
156,30,34,4125
156,35,39,6052
156,40,44,10194
156,45,49,20691
156,50,54,47598
156,55,59,57082
156,60,64,60299
156,65,69,92532
156,70,74,81043
156,75,79,59243
156,80,84,43466
156,85,999,32334
170,0,4,0
170,5,9,0
170,10,14,2
170,15,19,22
170,20,24,75
170,25,29,47
170,30,34,74
170,35,39,182
170,40,44,348
170,45,49,548
170,50,54,831
170,55,59,1200
170,60,64,1447
170,65,69,1601
170,70,74,1547
170,75,79,1252
170,80,84,963
170,85,999,1024
174,0,4,0
174,5,9,0
174,10,14,0
174,15,19,0
174,20,24,0
174,25,29,0
174,30,34,0
174,35,39,0
174,40,44,0
174,45,49,0
174,50,54,1
174,55,59,3
174,60,64,3
174,65,69,4
174,70,74,4
174,75,79,2
174,80,84,0
174,85,999,0
178,0,4,0
178,5,9,0
178,10,14,0
178,15,19,0
178,20,24,3
178,25,29,4
178,30,34,4
178,35,39,6
178,40,44,14
178,45,49,22
178,50,54,27
178,55,59,33
178,60,64,20
178,65,69,15
178,70,74,10
178,75,79,6
178,80,84,3
178,85,999,1
180,0,4,0
180,5,9,0
180,10,14,39
180,15,19,33
180,20,24,67
180,25,29,104
180,30,34,109
180,35,39,106
180,40,44,177
180,45,49,243
180,50,54,303
180,55,59,343
180,60,64,355
180,65,69,342
180,70,74,304
180,75,79,229
180,80,84,134
180,85,999,73
188,0,4,0
188,5,9,0
188,10,14,0
188,15,19,0
188,20,24,4
188,25,29,5
188,30,34,10
188,35,39,14
188,40,44,26
188,45,49,41
188,50,54,65
188,55,59,107
188,60,64,141
188,65,69,155
188,70,74,164
188,75,79,148
188,80,84,115
188,85,999,126
191,0,4,0
191,5,9,0
191,10,14,0
191,15,19,0
191,20,24,3
191,25,29,5
191,30,34,10
191,35,39,16
191,40,44,50
191,45,49,95
191,50,54,171
191,55,59,328
191,60,64,528
191,65,69,721
191,70,74,735
191,75,79,569
191,80,84,513
191,85,999,446
192,0,4,0
192,5,9,0
192,10,14,0
192,15,19,16
192,20,24,1
192,25,29,6
192,30,34,8
192,35,39,14
192,40,44,36
192,45,49,110
192,50,54,267
192,55,59,504
192,60,64,586
192,65,69,658
192,70,74,768
192,75,79,737
192,80,84,629
192,85,999,673
196,0,4,0
196,5,9,0
196,10,14,0
196,15,19,0
196,20,24,0
196,25,29,0
196,30,34,2
196,35,39,5
196,40,44,11
196,45,49,18
196,50,54,30
196,55,59,48
196,60,64,65
196,65,69,77
196,70,74,85
196,75,79,86
196,80,84,71
196,85,999,70
203,0,4,0
203,5,9,0
203,10,14,5
203,15,19,6
203,20,24,10
203,25,29,22
203,30,34,22
203,35,39,39
203,40,44,101
203,45,49,232
203,50,54,353
203,55,59,577
203,60,64,819
203,65,69,1253
203,70,74,1451
203,75,79,1240
203,80,84,783
203,85,999,655
204,0,4,0
204,5,9,0
204,10,14,0
204,15,19,4
204,20,24,8
204,25,29,21
204,30,34,22
204,35,39,19
204,40,44,26
204,45,49,31
204,50,54,46
204,55,59,57
204,60,64,55
204,65,69,51
204,70,74,53
204,75,79,47
204,80,84,35
204,85,999,23
208,0,4,0
208,5,9,0
208,10,14,2
208,15,19,2
208,20,24,3
208,25,29,11
208,30,34,16
208,35,39,19
208,40,44,51
208,45,49,123
208,50,54,266
208,55,59,531
208,60,64,739
208,65,69,994
208,70,74,1208
208,75,79,1318
208,80,84,864
208,85,999,731
214,0,4,0
214,5,9,0
214,10,14,0
214,15,19,5
214,20,24,7
214,25,29,9
214,30,34,21
214,35,39,44
214,40,44,71
214,45,49,102
214,50,54,136
214,55,59,216
214,60,64,248
214,65,69,276
214,70,74,222
214,75,79,167
214,80,84,123
214,85,999,135
218,0,4,0
218,5,9,0
218,10,14,2
218,15,19,8
218,20,24,11
218,25,29,27
218,30,34,21
218,35,39,42
218,40,44,76
218,45,49,126
218,50,54,189
218,55,59,245
218,60,64,284
218,65,69,325
218,70,74,322
218,75,79,297
218,80,84,260
218,85,999,296
222,0,4,0
222,5,9,0
222,10,14,0
222,15,19,1
222,20,24,4
222,25,29,9
222,30,34,13
222,35,39,23
222,40,44,34
222,45,49,41
222,50,54,47
222,55,59,53
222,60,64,60
222,65,69,68
222,70,74,80
222,75,79,84
222,80,84,84
222,85,999,91
226,0,4,0
226,5,9,0
226,10,14,0
226,15,19,0
226,20,24,3
226,25,29,2
226,30,34,5
226,35,39,7
226,40,44,4
226,45,49,6
226,50,54,5
226,55,59,6
226,60,64,8
226,65,69,2
226,70,74,1
226,75,79,0
226,80,84,0
226,85,999,0
231,0,4,0
231,5,9,0
231,10,14,14
231,15,19,16
231,20,24,217
231,25,29,273
231,30,34,321
231,35,39,450
231,40,44,499
231,45,49,672
231,50,54,767
231,55,59,746
231,60,64,785
231,65,69,690
231,70,74,503
231,75,79,349
231,80,84,165
231,85,999,84
232,0,4,0
232,5,9,0
232,10,14,3
232,15,19,5
232,20,24,5
232,25,29,5
232,30,34,8
232,35,39,12
232,40,44,10
232,45,49,14
232,50,54,16
232,55,59,15
232,60,64,17
232,65,69,17
232,70,74,17
232,75,79,13
232,80,84,8
232,85,999,4
233,0,4,0
233,5,9,0
233,10,14,0
233,15,19,0
233,20,24,0
233,25,29,1
233,30,34,2
233,35,39,5
233,40,44,9
233,45,49,20
233,50,54,39
233,55,59,64
233,60,64,112
233,65,69,156
233,70,74,186
233,75,79,152
233,80,84,166
233,85,999,162
242,0,4,0
242,5,9,0
242,10,14,0
242,15,19,0
242,20,24,1
242,25,29,0
242,30,34,0
242,35,39,3
242,40,44,5
242,45,49,5
242,50,54,11
242,55,59,8
242,60,64,17
242,65,69,13
242,70,74,13
242,75,79,9
242,80,84,5
242,85,999,6
246,0,4,0
246,5,9,0
246,10,14,1
246,15,19,2
246,20,24,2
246,25,29,4
246,30,34,15
246,35,39,25
246,40,44,44
246,45,49,76
246,50,54,133
246,55,59,243
246,60,64,374
246,65,69,539
246,70,74,719
246,75,79,690
246,80,84,553
246,85,999,600
250,0,4,0
250,5,9,0
250,10,14,35
250,15,19,25
250,20,24,58
250,25,29,39
250,30,34,163
250,35,39,351
250,40,44,724
250,45,49,1322
250,50,54,2278
250,55,59,3511
250,60,64,5258
250,65,69,7027
250,70,74,8832
250,75,79,7583
250,80,84,5972
250,85,999,8458
254,0,4,0
254,5,9,0
254,10,14,0
254,15,19,0
254,20,24,0
254,25,29,0
254,30,34,0
254,35,39,0
254,40,44,0
254,45,49,3
254,50,54,5
254,55,59,8
254,60,64,6
254,65,69,6
254,70,74,7
254,75,79,5
254,80,84,4
254,85,999,2
258,0,4,0
258,5,9,0
258,10,14,0
258,15,19,0
258,20,24,0
258,25,29,0
258,30,34,0
258,35,39,0
258,40,44,0
258,45,49,2
258,50,54,4
258,55,59,5
258,60,64,6
258,65,69,7
258,70,74,7
258,75,79,8
258,80,84,5
258,85,999,4
262,0,4,0
262,5,9,0
262,10,14,0
262,15,19,0
262,20,24,1
262,25,29,2
262,30,34,4
262,35,39,4
262,40,44,4
262,45,49,6
262,50,54,7
262,55,59,7
262,60,64,6
262,65,69,6
262,70,74,5
262,75,79,4
262,80,84,2
262,85,999,0
266,0,4,0
266,5,9,0
266,10,14,0
266,15,19,0
266,20,24,3
266,25,29,3
266,30,34,5
266,35,39,9
266,40,44,10
266,45,49,15
266,50,54,14
266,55,59,15
266,60,64,19
266,65,69,7
266,70,74,4
266,75,79,3
266,80,84,2
266,85,999,0
268,0,4,0
268,5,9,0
268,10,14,0
268,15,19,0
268,20,24,0
268,25,29,3
268,30,34,3
268,35,39,3
268,40,44,7
268,45,49,25
268,50,54,52
268,55,59,105
268,60,64,173
268,65,69,212
268,70,74,205
268,75,79,139
268,80,84,112
268,85,999,86
270,0,4,0
270,5,9,0
270,10,14,0
270,15,19,0
270,20,24,1
270,25,29,3
270,30,34,2
270,35,39,5
270,40,44,4
270,45,49,3
270,50,54,3
270,55,59,4
270,60,64,3
270,65,69,2
270,70,74,3
270,75,79,3
270,80,84,1
270,85,999,0
275,0,4,0
275,5,9,0
275,10,14,0
275,15,19,2
275,20,24,4
275,25,29,10
275,30,34,10
275,35,39,18
275,40,44,29
275,45,49,43
275,50,54,57
275,55,59,71
275,60,64,74
275,65,69,70
275,70,74,69
275,75,79,51
275,80,84,29
275,85,999,16
276,0,4,0
276,5,9,0
276,10,14,16
276,15,19,21
276,20,24,51
276,25,29,74
276,30,34,82
276,35,39,159
276,40,44,502
276,45,49,1026
276,50,54,2293
276,55,59,4242
276,60,64,5907
276,65,69,7228
276,70,74,9091
276,75,79,8927
276,80,84,11698
276,85,999,11227
288,0,4,0
288,5,9,0
288,10,14,0
288,15,19,0
288,20,24,7
288,25,29,43
288,30,34,52
288,35,39,50
288,40,44,71
288,45,49,82
288,50,54,131
288,55,59,142
288,60,64,111
288,65,69,86
288,70,74,87
288,75,79,69
288,80,84,37
288,85,999,18
300,0,4,0
300,5,9,0
300,10,14,1
300,15,19,2
300,20,24,3
300,25,29,3
300,30,34,8
300,35,39,17
300,40,44,71
300,45,49,170
300,50,54,316
300,55,59,479
300,60,64,702
300,65,69,994
300,70,74,1278
300,75,79,1338
300,80,84,1181
300,85,999,1296
312,0,4,0
312,5,9,0
312,10,14,0
312,15,19,0
312,20,24,0
312,25,29,0
312,30,34,0
312,35,39,1
312,40,44,4
312,45,49,8
312,50,54,14
312,55,59,22
312,60,64,28
312,65,69,31
312,70,74,30
312,75,79,27
312,80,84,17
312,85,999,18
316,0,4,0
316,5,9,0
316,10,14,0
316,15,19,0
316,20,24,0
316,25,29,0
316,30,34,0
316,35,39,0
316,40,44,0
316,45,49,3
316,50,54,4
316,55,59,4
316,60,64,5
316,65,69,4
316,70,74,7
316,75,79,6
316,80,84,5
316,85,999,3
320,0,4,0
320,5,9,0
320,10,14,0
320,15,19,4
320,20,24,5
320,25,29,16
320,30,34,18
320,35,39,22
320,40,44,31
320,45,49,43
320,50,54,52
320,55,59,65
320,60,64,88
320,65,69,117
320,70,74,121
320,75,79,105
320,80,84,97
320,85,999,110
324,0,4,0
324,5,9,0
324,10,14,3
324,15,19,2
324,20,24,4
324,25,29,11
324,30,34,11
324,35,39,14
324,40,44,15
324,45,49,17
324,50,54,18
324,55,59,21
324,60,64,21
324,65,69,20
324,70,74,19
324,75,79,13
324,80,84,8
324,85,999,4
328,0,4,0
328,5,9,0
328,10,14,0
328,15,19,0
328,20,24,0
328,25,29,2
328,30,34,1
328,35,39,1
328,40,44,3
328,45,49,1
328,50,54,4
328,55,59,10
328,60,64,7
328,65,69,14
328,70,74,8
328,75,79,9
328,80,84,11
328,85,999,8
332,0,4,0
332,5,9,0
332,10,14,0
332,15,19,12
332,20,24,10
332,25,29,13
332,30,34,17
332,35,39,43
332,40,44,54
332,45,49,61
332,50,54,60
332,55,59,57
332,60,64,57
332,65,69,94
332,70,74,152
332,75,79,153
332,80,84,159
332,85,999,161
340,0,4,0
340,5,9,0
340,10,14,0
340,15,19,2
340,20,24,7
340,25,29,11
340,30,34,12
340,35,39,11
340,40,44,24
340,45,49,37
340,50,54,51
340,55,59,71
340,60,64,68
340,65,69,78
340,70,74,81
340,75,79,46
340,80,84,36
340,85,999,35
348,0,4,0
348,5,9,0
348,10,14,3
348,15,19,2
348,20,24,6
348,25,29,10
348,30,34,18
348,35,39,30
348,40,44,114
348,45,49,322
348,50,54,564
348,55,59,797
348,60,64,1189
348,65,69,1828
348,70,74,1705
348,75,79,1340
348,80,84,934
348,85,999,745
352,0,4,0
352,5,9,0
352,10,14,0
352,15,19,0
352,20,24,0
352,25,29,0
352,30,34,0
352,35,39,2
352,40,44,4
352,45,49,8
352,50,54,10
352,55,59,21
352,60,64,22
352,65,69,29
352,70,74,37
352,75,79,32
352,80,84,25
352,85,999,25
356,0,4,0
356,5,9,0
356,10,14,50
356,15,19,206
356,20,24,670
356,25,29,1176
356,30,34,1932
356,35,39,2408
356,40,44,3427
356,45,49,5030
356,50,54,6773
356,55,59,8609
356,60,64,10237
356,65,69,10613
356,70,74,8304
356,75,79,5361
356,80,84,3206
356,85,999,2036
360,0,4,0
360,5,9,0
360,10,14,22
360,15,19,93
360,20,24,116
360,25,29,479
360,30,34,410
360,35,39,848
360,40,44,1719
360,45,49,2761
360,50,54,4022
360,55,59,4828
360,60,64,5326
360,65,69,5006
360,70,74,3909
360,75,79,2908
360,80,84,1965
360,85,999,1264
364,0,4,0
364,5,9,0
364,10,14,10
364,15,19,18
364,20,24,71
364,25,29,87
364,30,34,238
364,35,39,540
364,40,44,833
364,45,49,1039
364,50,54,1374
364,55,59,1679
364,60,64,1862
364,65,69,1827
364,70,74,1389
364,75,79,915
364,80,84,585
364,85,999,432
368,0,4,0
368,5,9,0
368,10,14,0
368,15,19,18
368,20,24,46
368,25,29,54
368,30,34,80
368,35,39,120
368,40,44,172
368,45,49,233
368,50,54,284
368,55,59,291
368,60,64,258
368,65,69,277
368,70,74,217
368,75,79,136
368,80,84,87
368,85,999,47
372,0,4,0
372,5,9,0
372,10,14,3
372,15,19,3
372,20,24,4
372,25,29,6
372,30,34,8
372,35,39,22
372,40,44,50
372,45,49,99
372,50,54,161
372,55,59,247
372,60,64,350
372,65,69,435
372,70,74,477
372,75,79,497
372,80,84,355
372,85,999,404
376,0,4,0
376,5,9,0
376,10,14,3
376,15,19,6
376,20,24,13
376,25,29,6
376,30,34,21
376,35,39,58
376,40,44,110
376,45,49,176
376,50,54,232
376,55,59,296
376,60,64,363
376,65,69,391
376,70,74,401
376,75,79,354
376,80,84,306
376,85,999,504
380,0,4,0
380,5,9,0
380,10,14,11
380,15,19,20
380,20,24,28
380,25,29,46
380,30,34,83
380,35,39,193
380,40,44,522
380,45,49,1244
380,50,54,2177
380,55,59,3447
380,60,64,4681
380,65,69,6552
380,70,74,8987
380,75,79,8984
380,80,84,8642
380,85,999,9167
384,0,4,0
384,5,9,0
384,10,14,0
384,15,19,3
384,20,24,12
384,25,29,39
384,30,34,39
384,35,39,52
384,40,44,79
384,45,49,100
384,50,54,127
384,55,59,148
384,60,64,155
384,65,69,120
384,70,74,86
384,75,79,54
384,80,84,31
384,85,999,12
388,0,4,0
388,5,9,0
388,10,14,0
388,15,19,1
388,20,24,2
388,25,29,10
388,30,34,8
388,35,39,13
388,40,44,21
388,45,49,34
388,50,54,59
388,55,59,85
388,60,64,98
388,65,69,104
388,70,74,104
388,75,79,96
388,80,84,76
388,85,999,82
392,0,4,0
392,5,9,0
392,10,14,5
392,15,19,12
392,20,24,72
392,25,29,273
392,30,34,29
392,35,39,316
392,40,44,1151
392,45,49,3052
392,50,54,5758
392,55,59,8403
392,60,64,12070
392,65,69,17438
392,70,74,24030
392,75,79,24734
392,80,84,20656
392,85,999,27757
398,0,4,0
398,5,9,0
398,10,14,0
398,15,19,0
398,20,24,4
398,25,29,17
398,30,34,47
398,35,39,23
398,40,44,58
398,45,49,137
398,50,54,238
398,55,59,467
398,60,64,671
398,65,69,714
398,70,74,516
398,75,79,284
398,80,84,228
398,85,999,110
400,0,4,0
400,5,9,0
400,10,14,0
400,15,19,2
400,20,24,12
400,25,29,9
400,30,34,27
400,35,39,60
400,40,44,98
400,45,49,137
400,50,54,174
400,55,59,184
400,60,64,165
400,65,69,131
400,70,74,107
400,75,79,85
400,80,84,53
400,85,999,30
404,0,4,0
404,5,9,0
404,10,14,2
404,15,19,13
404,20,24,30
404,25,29,72
404,30,34,77
404,35,39,92
404,40,44,173
404,45,49,265
404,50,54,360
404,55,59,456
404,60,64,506
404,65,69,430
404,70,74,252
404,75,79,170
404,80,84,109
404,85,999,84
408,0,4,0
408,5,9,0
408,10,14,0
408,15,19,2
408,20,24,8
408,25,29,54
408,30,34,17
408,35,39,53
408,40,44,137
408,45,49,337
408,50,54,723
408,55,59,923
408,60,64,1216
408,65,69,1071
408,70,74,921
408,75,79,953
408,80,84,555
408,85,999,258
410,0,4,0
410,5,9,0
410,10,14,2
410,15,19,4
410,20,24,29
410,25,29,89
410,30,34,113
410,35,39,304
410,40,44,689
410,45,49,1288
410,50,54,2146
410,55,59,3108
410,60,64,4147
410,65,69,4403
410,70,74,4017
410,75,79,3650
410,80,84,2975
410,85,999,2596
414,0,4,0
414,5,9,0
414,10,14,0
414,15,19,0
414,20,24,1
414,25,29,3
414,30,34,5
414,35,39,9
414,40,44,24
414,45,49,44
414,50,54,63
414,55,59,75
414,60,64,78
414,65,69,66
414,70,74,34
414,75,79,19
414,80,84,11
414,85,999,4
417,0,4,0
417,5,9,0
417,10,14,0
417,15,19,1
417,20,24,2
417,25,29,6
417,30,34,11
417,35,39,8
417,40,44,11
417,45,49,19
417,50,54,27
417,55,59,48
417,60,64,76
417,65,69,86
417,70,74,64
417,75,79,31
417,80,84,23
417,85,999,24
418,0,4,0
418,5,9,0
418,10,14,1
418,15,19,3
418,20,24,6
418,25,29,16
418,30,34,18
418,35,39,28
418,40,44,43
418,45,49,63
418,50,54,81
418,55,59,101
418,60,64,111
418,65,69,105
418,70,74,83
418,75,79,60
418,80,84,39
418,85,999,23
422,0,4,0
422,5,9,0
422,10,14,1
422,15,19,0
422,20,24,3
422,25,29,7
422,30,34,9
422,35,39,30
422,40,44,54
422,45,49,80
422,50,54,101
422,55,59,120
422,60,64,128
422,65,69,135
422,70,74,121
422,75,79,86
422,80,84,65
422,85,999,65
426,0,4,0
426,5,9,0
426,10,14,0
426,15,19,0
426,20,24,1
426,25,29,1
426,30,34,2
426,35,39,2
426,40,44,6
426,45,49,8
426,50,54,11
426,55,59,10
426,60,64,11
426,65,69,12
426,70,74,12
426,75,79,11
426,80,84,6
426,85,999,4
428,0,4,0
428,5,9,0
428,10,14,0
428,15,19,0
428,20,24,0
428,25,29,0
428,30,34,1
428,35,39,3
428,40,44,7
428,45,49,21
428,50,54,42
428,55,59,72
428,60,64,132
428,65,69,174
428,70,74,202
428,75,79,170
428,80,84,167
428,85,999,136
430,0,4,0
430,5,9,0
430,10,14,0
430,15,19,0
430,20,24,1
430,25,29,5
430,30,34,7
430,35,39,8
430,40,44,11
430,45,49,14
430,50,54,16
430,55,59,17
430,60,64,18
430,65,69,16
430,70,74,13
430,75,79,9
430,80,84,5
430,85,999,2
434,0,4,0
434,5,9,0
434,10,14,0
434,15,19,7
434,20,24,2
434,25,29,8
434,30,34,19
434,35,39,41
434,40,44,71
434,45,49,101
434,50,54,112
434,55,59,85
434,60,64,66
434,65,69,84
434,70,74,99
434,75,79,106
434,80,84,98
434,85,999,75
440,0,4,0
440,5,9,0
440,10,14,0
440,15,19,0
440,20,24,0
440,25,29,1
440,30,34,5
440,35,39,4
440,40,44,11
440,45,49,28
440,50,54,60
440,55,59,117
440,60,64,200
440,65,69,223
440,70,74,236
440,75,79,214
440,80,84,207
440,85,999,200
442,0,4,0
442,5,9,0
442,10,14,0
442,15,19,0
442,20,24,0
442,25,29,0
442,30,34,0
442,35,39,3
442,40,44,5
442,45,49,8
442,50,54,20
442,55,59,31
442,60,64,36
442,65,69,33
442,70,74,41
442,75,79,38
442,80,84,42
442,85,999,59
450,0,4,0
450,5,9,0
450,10,14,11
450,15,19,6
450,20,24,15
450,25,29,49
450,30,34,36
450,35,39,46
450,40,44,50
450,45,49,62
450,50,54,76
450,55,59,92
450,60,64,108
450,65,69,122
450,70,74,107
450,75,79,76
450,80,84,51
450,85,999,35
454,0,4,0
454,5,9,0
454,10,14,0
454,15,19,0
454,20,24,10
454,25,29,29
454,30,34,36
454,35,39,51
454,40,44,47
454,45,49,50
454,50,54,57
454,55,59,32
454,60,64,41
454,65,69,31
454,70,74,53
454,75,79,35
454,80,84,26
454,85,999,14
458,0,4,0
458,5,9,0
458,10,14,3
458,15,19,16
458,20,24,59
458,25,29,56
458,30,34,90
458,35,39,204
458,40,44,329
458,45,49,475
458,50,54,668
458,55,59,861
458,60,64,1006
458,65,69,1001
458,70,74,887
458,75,79,657
458,80,84,446
458,85,999,392
462,0,4,0
462,5,9,0
462,10,14,0
462,15,19,0
462,20,24,0
462,25,29,2
462,30,34,1
462,35,39,2
462,40,44,4
462,45,49,6
462,50,54,6
462,55,59,6
462,60,64,6
462,65,69,6
462,70,74,2
462,75,79,3
462,80,84,3
462,85,999,3
466,0,4,0
466,5,9,0
466,10,14,2
466,15,19,3
466,20,24,24
466,25,29,41
466,30,34,53
466,35,39,69
466,40,44,83
466,45,49,93
466,50,54,93
466,55,59,88
466,60,64,90
466,65,69,93
466,70,74,78
466,75,79,55
466,80,84,31
466,85,999,12
470,0,4,0
470,5,9,0
470,10,14,0
470,15,19,0
470,20,24,0
470,25,29,0
470,30,34,1
470,35,39,2
470,40,44,4
470,45,49,10
470,50,54,13
470,55,59,21
470,60,64,31
470,65,69,40
470,70,74,49
470,75,79,54
470,80,84,33
470,85,999,43
474,0,4,0
474,5,9,0
474,10,14,0
474,15,19,0
474,20,24,0
474,25,29,0
474,30,34,0
474,35,39,1
474,40,44,3
474,45,49,7
474,50,54,13
474,55,59,19
474,60,64,25
474,65,69,28
474,70,74,31
474,75,79,28
474,80,84,25
474,85,999,32
478,0,4,0
478,5,9,0
478,10,14,0
478,15,19,0
478,20,24,3
478,25,29,5
478,30,34,8
478,35,39,11
478,40,44,14
478,45,49,18
478,50,54,20
478,55,59,23
478,60,64,23
478,65,69,20
478,70,74,16
478,75,79,12
478,80,84,6
478,85,999,4
480,0,4,0
480,5,9,0
480,10,14,0
480,15,19,0
480,20,24,1
480,25,29,0
480,30,34,1
480,35,39,4
480,40,44,9
480,45,49,15
480,50,54,24
480,55,59,44
480,60,64,58
480,65,69,66
480,70,74,63
480,75,79,41
480,80,84,24
480,85,999,20
484,0,4,0
484,5,9,0
484,10,14,0
484,15,19,26
484,20,24,86
484,25,29,154
484,30,34,275
484,35,39,455
484,40,44,764
484,45,49,1176
484,50,54,1572
484,55,59,1945
484,60,64,2168
484,65,69,2145
484,70,74,1821
484,75,79,1426
484,80,84,1020
484,85,999,1049
496,0,4,0
496,5,9,0
496,10,14,0
496,15,19,0
496,20,24,0
496,25,29,3
496,30,34,6
496,35,39,8
496,40,44,12
496,45,49,18
496,50,54,21
496,55,59,29
496,60,64,34
496,65,69,27
496,70,74,24
496,75,79,16
496,80,84,12
496,85,999,6
498,0,4,0
498,5,9,0
498,10,14,0
498,15,19,0
498,20,24,0
498,25,29,3
498,30,34,3
498,35,39,6
498,40,44,21
498,45,49,63
498,50,54,117
498,55,59,220
498,60,64,389
498,65,69,411
498,70,74,351
498,75,79,135
498,80,84,98
498,85,999,51
499,0,4,0
499,5,9,0
499,10,14,0
499,15,19,0
499,20,24,0
499,25,29,0
499,30,34,0
499,35,39,1
499,40,44,2
499,45,49,10
499,50,54,17
499,55,59,28
499,60,64,37
499,65,69,45
499,70,74,49
499,75,79,28
499,80,84,25
499,85,999,18
504,0,4,0
504,5,9,0
504,10,14,4
504,15,19,4
504,20,24,40
504,25,29,54
504,30,34,95
504,35,39,168
504,40,44,253
504,45,49,344
504,50,54,488
504,55,59,690
504,60,64,856
504,65,69,831
504,70,74,594
504,75,79,423
504,80,84,300
504,85,999,162
508,0,4,0
508,5,9,0
508,10,14,26
508,15,19,0
508,20,24,12
508,25,29,49
508,30,34,46
508,35,39,40
508,40,44,31
508,45,49,24
508,50,54,26
508,55,59,46
508,60,64,61
508,65,69,80
508,70,74,83
508,75,79,67
508,80,84,40
508,85,999,20
512,0,4,0
512,5,9,0
512,10,14,0
512,15,19,0
512,20,24,3
512,25,29,8
512,30,34,28
512,35,39,45
512,40,44,49
512,45,49,61
512,50,54,54
512,55,59,52
512,60,64,45
512,65,69,30
512,70,74,20
512,75,79,16
512,80,84,12
512,85,999,8
516,0,4,0
516,5,9,0
516,10,14,0
516,15,19,0
516,20,24,1
516,25,29,3
516,30,34,4
516,35,39,9
516,40,44,13
516,45,49,15
516,50,54,18
516,55,59,16
516,60,64,17
516,65,69,17
516,70,74,15
516,75,79,10
516,80,84,6
516,85,999,2
524,0,4,0
524,5,9,0
524,10,14,4
524,15,19,24
524,20,24,27
524,25,29,29
524,30,34,31
524,35,39,43
524,40,44,64
524,45,49,86
524,50,54,116
524,55,59,121
524,60,64,132
524,65,69,144
524,70,74,136
524,75,79,120
524,80,84,80
524,85,999,41
528,0,4,0
528,5,9,0
528,10,14,8
528,15,19,8
528,20,24,20
528,25,29,33
528,30,34,35
528,35,39,48
528,40,44,145
528,45,49,324
528,50,54,809
528,55,59,1519
528,60,64,2306
528,65,69,2887
528,70,74,3259
528,75,79,2880
528,80,84,1867
528,85,999,1522
540,0,4,0
540,5,9,0
540,10,14,0
540,15,19,0
540,20,24,0
540,25,29,0
540,30,34,0
540,35,39,0
540,40,44,1
540,45,49,3
540,50,54,7
540,55,59,12
540,60,64,13
540,65,69,15
540,70,74,14
540,75,79,11
540,80,84,8
540,85,999,7
548,0,4,0
548,5,9,0
548,10,14,0
548,15,19,0
548,20,24,0
548,25,29,0
548,30,34,0
548,35,39,0
548,40,44,1
548,45,49,0
548,50,54,3
548,55,59,0
548,60,64,3
548,65,69,3
548,70,74,2
548,75,79,1
548,80,84,0
548,85,999,0
554,0,4,0
554,5,9,0
554,10,14,1
554,15,19,3
554,20,24,12
554,25,29,15
554,30,34,15
554,35,39,28
554,40,44,52
554,45,49,100
554,50,54,181
554,55,59,294
554,60,64,427
554,65,69,546
554,70,74,663
554,75,79,651
554,80,84,510
554,85,999,572
558,0,4,0
558,5,9,0
558,10,14,0
558,15,19,1
558,20,24,6
558,25,29,11
558,30,34,9
558,35,39,14
558,40,44,21
558,45,49,29
558,50,54,39
558,55,59,55
558,60,64,74
558,65,69,83
558,70,74,73
558,75,79,64
558,80,84,63
558,85,999,68
562,0,4,0
562,5,9,0
562,10,14,4
562,15,19,14
562,20,24,47
562,25,29,39
562,30,34,50
562,35,39,59
562,40,44,53
562,45,49,83
562,50,54,66
562,55,59,85
562,60,64,88
562,65,69,70
562,70,74,51
562,75,79,33
562,80,84,16
562,85,999,6
566,0,4,0
566,5,9,0
566,10,14,0
566,15,19,19
566,20,24,52
566,25,29,35
566,30,34,346
566,35,39,301
566,40,44,454
566,45,49,717
566,50,54,914
566,55,59,1132
566,60,64,1224
566,65,69,1120
566,70,74,898
566,75,79,570
566,80,84,252
566,85,999,80
578,0,4,0
578,5,9,0
578,10,14,1
578,15,19,3
578,20,24,5
578,25,29,13
578,30,34,30
578,35,39,48
578,40,44,73
578,45,49,132
578,50,54,233
578,55,59,367
578,60,64,546
578,65,69,755
578,70,74,922
578,75,79,991
578,80,84,702
578,85,999,796
586,0,4,0
586,5,9,0
586,10,14,51
586,15,19,158
586,20,24,325
586,25,29,362
586,30,34,466
586,35,39,563
586,40,44,708
586,45,49,818
586,50,54,923
586,55,59,1028
586,60,64,1052
586,65,69,931
586,70,74,780
586,75,79,637
586,80,84,406
586,85,999,239
591,0,4,0
591,5,9,0
591,10,14,0
591,15,19,0
591,20,24,7
591,25,29,5
591,30,34,3
591,35,39,8
591,40,44,20
591,45,49,40
591,50,54,64
591,55,59,91
591,60,64,113
591,65,69,117
591,70,74,108
591,75,79,92
591,80,84,70
591,85,999,82
598,0,4,0
598,5,9,0
598,10,14,0
598,15,19,0
598,20,24,4
598,25,29,0
598,30,34,0
598,35,39,11
598,40,44,23
598,45,49,40
598,50,54,60
598,55,59,90
598,60,64,109
598,65,69,106
598,70,74,82
598,75,79,59
598,80,84,38
598,85,999,24
600,0,4,0
600,5,9,0
600,10,14,2
600,15,19,3
600,20,24,9
600,25,29,5
600,30,34,12
600,35,39,28
600,40,44,54
600,45,49,83
600,50,54,106
600,55,59,144
600,60,64,191
600,65,69,219
600,70,74,203
600,75,79,171
600,80,84,137
600,85,999,127
604,0,4,0
604,5,9,0
604,10,14,0
604,15,19,3
604,20,24,30
604,25,29,33
604,30,34,15
604,35,39,50
604,40,44,108
604,45,49,198
604,50,54,326
604,55,59,447
604,60,64,540
604,65,69,645
604,70,74,691
604,75,79,657
604,80,84,588
604,85,999,612
608,0,4,0
608,5,9,0
608,10,14,22
608,15,19,48
608,20,24,229
608,25,29,194
608,30,34,184
608,35,39,392
608,40,44,713
608,45,49,1155
608,50,54,1782
608,55,59,2552
608,60,64,3107
608,65,69,3316
608,70,74,2899
608,75,79,2014
608,80,84,1251
608,85,999,878
616,0,4,0
616,5,9,0
616,10,14,0
616,15,19,2
616,20,24,20
616,25,29,32
616,30,34,68
616,35,39,85
616,40,44,252
616,45,49,611
616,50,54,1061
616,55,59,1912
616,60,64,3573
616,65,69,5133
616,70,74,5084
616,75,79,3380
616,80,84,2763
616,85,999,2912
620,0,4,0
620,5,9,0
620,10,14,2
620,15,19,3
620,20,24,4
620,25,29,9
620,30,34,22
620,35,39,39
620,40,44,121
620,45,49,273
620,50,54,447
620,55,59,721
620,60,64,1055
620,65,69,1444
620,70,74,1787
620,75,79,1691
620,80,84,1423
620,85,999,1534
624,0,4,0
624,5,9,0
624,10,14,0
624,15,19,0
624,20,24,0
624,25,29,1
624,30,34,2
624,35,39,4
624,40,44,4
624,45,49,4
624,50,54,5
624,55,59,5
624,60,64,6
624,65,69,6
624,70,74,4
624,75,79,3
624,80,84,0
624,85,999,0
626,0,4,0
626,5,9,0
626,10,14,0
626,15,19,0
626,20,24,0
626,25,29,2
626,30,34,1
626,35,39,2
626,40,44,4
626,45,49,5
626,50,54,10
626,55,59,11
626,60,64,12
626,65,69,8
626,70,74,8
626,75,79,8
626,80,84,5
626,85,999,4
630,0,4,0
630,5,9,0
630,10,14,0
630,15,19,1
630,20,24,1
630,25,29,1
630,30,34,6
630,35,39,18
630,40,44,40
630,45,49,71
630,50,54,115
630,55,59,169
630,60,64,226
630,65,69,251
630,70,74,276
630,75,79,263
630,80,84,191
630,85,999,214
634,0,4,0
634,5,9,0
634,10,14,0
634,15,19,0
634,20,24,0
634,25,29,4
634,30,34,5
634,35,39,13
634,40,44,11
634,45,49,25
634,50,54,29
634,55,59,27
634,60,64,32
634,65,69,19
634,70,74,9
634,75,79,4
634,80,84,2
634,85,999,2
638,0,4,0
638,5,9,0
638,10,14,0
638,15,19,0
638,20,24,0
638,25,29,0
638,30,34,0
638,35,39,2
638,40,44,6
638,45,49,13
638,50,54,24
638,55,59,38
638,60,64,47
638,65,69,53
638,70,74,49
638,75,79,38
638,80,84,29
638,85,999,29
642,0,4,0
642,5,9,0
642,10,14,4
642,15,19,3
642,20,24,7
642,25,29,21
642,30,34,22
642,35,39,54
642,40,44,169
642,45,49,426
642,50,54,921
642,55,59,1100
642,60,64,1780
642,65,69,2508
642,70,74,2407
642,75,79,1675
642,80,84,1338
642,85,999,1106
643,0,4,0
643,5,9,0
643,10,14,17
643,15,19,27
643,20,24,68
643,25,29,95
643,30,34,121
643,35,39,495
643,40,44,1359
643,45,49,2563
643,50,54,4153
643,55,59,7607
643,60,64,14047
643,65,69,16847
643,70,74,15789
643,75,79,7404
643,80,84,8017
643,85,999,5084
646,0,4,0
646,5,9,0
646,10,14,0
646,15,19,2
646,20,24,7
646,25,29,11
646,30,34,17
646,35,39,23
646,40,44,27
646,45,49,34
646,50,54,36
646,55,59,52
646,60,64,52
646,65,69,42
646,70,74,25
646,75,79,13
646,80,84,7
646,85,999,5
662,0,4,0
662,5,9,0
662,10,14,0
662,15,19,0
662,20,24,0
662,25,29,0
662,30,34,0
662,35,39,0
662,40,44,1
662,45,49,1
662,50,54,6
662,55,59,3
662,60,64,6
662,65,69,3
662,70,74,4
662,75,79,5
662,80,84,3
662,85,999,2
678,0,4,0
678,5,9,0
678,10,14,0
678,15,19,0
678,20,24,0
678,25,29,0
678,30,34,0
678,35,39,0
678,40,44,0
678,45,49,1
678,50,54,1
678,55,59,2
678,60,64,3
678,65,69,1
678,70,74,0
678,75,79,0
678,80,84,0
678,85,999,0
682,0,4,0
682,5,9,0
682,10,14,2
682,15,19,4
682,20,24,13
682,25,29,46
682,30,34,88
682,35,39,192
682,40,44,366
682,45,49,545
682,50,54,584
682,55,59,558
682,60,64,477
682,65,69,362
682,70,74,214
682,75,79,138
682,80,84,94
682,85,999,67
686,0,4,0
686,5,9,0
686,10,14,1
686,15,19,1
686,20,24,12
686,25,29,24
686,30,34,32
686,35,39,41
686,40,44,48
686,45,49,56
686,50,54,62
686,55,59,65
686,60,64,66
686,65,69,65
686,70,74,55
686,75,79,42
686,80,84,26
686,85,999,13
688,0,4,0
688,5,9,0
688,10,14,0
688,15,19,1
688,20,24,4
688,25,29,6
688,30,34,9
688,35,39,20
688,40,44,79
688,45,49,204
688,50,54,358
688,55,59,576
688,60,64,783
688,65,69,944
688,70,74,973
688,75,79,695
688,80,84,493
688,85,999,344
694,0,4,0
694,5,9,0
694,10,14,0
694,15,19,0
694,20,24,0
694,25,29,2
694,30,34,3
694,35,39,0
694,40,44,0
694,45,49,0
694,50,54,3
694,55,59,1
694,60,64,1
694,65,69,0
694,70,74,0
694,75,79,1
694,80,84,0
694,85,999,1
702,0,4,0
702,5,9,0
702,10,14,3
702,15,19,0
702,20,24,6
702,25,29,4
702,30,34,9
702,35,39,30
702,40,44,70
702,45,49,151
702,50,54,253
702,55,59,422
702,60,64,630
702,65,69,769
702,70,74,637
702,75,79,383
702,80,84,292
702,85,999,348
703,0,4,0
703,5,9,0
703,10,14,1
703,15,19,1
703,20,24,3
703,25,29,3
703,30,34,5
703,35,39,16
703,40,44,31
703,45,49,95
703,50,54,182
703,55,59,334
703,60,64,553
703,65,69,796
703,70,74,819
703,75,79,596
703,80,84,427
703,85,999,357
704,0,4,0
704,5,9,0
704,10,14,18
704,15,19,22
704,20,24,37
704,25,29,251
704,30,34,156
704,35,39,244
704,40,44,567
704,45,49,925
704,50,54,1590
704,55,59,2432
704,60,64,3059
704,65,69,2862
704,70,74,1829
704,75,79,1098
704,80,84,798
704,85,999,947
705,0,4,0
705,5,9,0
705,10,14,0
705,15,19,1
705,20,24,0
705,25,29,2
705,30,34,4
705,35,39,9
705,40,44,23
705,45,49,43
705,50,54,75
705,55,59,128
705,60,64,184
705,65,69,254
705,70,74,270
705,75,79,214
705,80,84,191
705,85,999,182
706,0,4,0
706,5,9,0
706,10,14,2
706,15,19,2
706,20,24,18
706,25,29,28
706,30,34,24
706,35,39,34
706,40,44,46
706,45,49,65
706,50,54,88
706,55,59,100
706,60,64,107
706,65,69,93
706,70,74,68
706,75,79,45
706,80,84,22
706,85,999,13
710,0,4,0
710,5,9,0
710,10,14,12
710,15,19,12
710,20,24,29
710,25,29,104
710,30,34,196
710,35,39,310
710,40,44,396
710,45,49,530
710,50,54,671
710,55,59,848
710,60,64,907
710,65,69,968
710,70,74,964
710,75,79,739
710,80,84,444
710,85,999,208
716,0,4,0
716,5,9,0
716,10,14,2
716,15,19,3
716,20,24,6
716,25,29,21
716,30,34,25
716,35,39,28
716,40,44,47
716,45,49,59
716,50,54,72
716,55,59,91
716,60,64,101
716,65,69,105
716,70,74,86
716,75,79,65
716,80,84,42
716,85,999,20
724,0,4,0
724,5,9,0
724,10,14,9
724,15,19,15
724,20,24,16
724,25,29,29
724,30,34,40
724,35,39,130
724,40,44,328
724,45,49,1054
724,50,54,2039
724,55,59,3272
724,60,64,4549
724,65,69,5484
724,70,74,6378
724,75,79,6150
724,80,84,4420
724,85,999,5508
728,0,4,0
728,5,9,0
728,10,14,4
728,15,19,4
728,20,24,10
728,25,29,13
728,30,34,13
728,35,39,21
728,40,44,27
728,45,49,34
728,50,54,44
728,55,59,50
728,60,64,48
728,65,69,41
728,70,74,33
728,75,79,25
728,80,84,14
728,85,999,7
729,0,4,0
729,5,9,0
729,10,14,52
729,15,19,73
729,20,24,100
729,25,29,86
729,30,34,100
729,35,39,104
729,40,44,102
729,45,49,111
729,50,54,134
729,55,59,111
729,60,64,123
729,65,69,151
729,70,74,161
729,75,79,137
729,80,84,93
729,85,999,66
740,0,4,0
740,5,9,0
740,10,14,0
740,15,19,0
740,20,24,0
740,25,29,0
740,30,34,2
740,35,39,2
740,40,44,2
740,45,49,6
740,50,54,8
740,55,59,12
740,60,64,16
740,65,69,18
740,70,74,23
740,75,79,16
740,80,84,11
740,85,999,9
748,0,4,0
748,5,9,0
748,10,14,0
748,15,19,0
748,20,24,0
748,25,29,1
748,30,34,2
748,35,39,3
748,40,44,5
748,45,49,5
748,50,54,5
748,55,59,3
748,60,64,4
748,65,69,3
748,70,74,3
748,75,79,2
748,80,84,1
748,85,999,0
752,0,4,0
752,5,9,0
752,10,14,1
752,15,19,5
752,20,24,4
752,25,29,11
752,30,34,23
752,35,39,50
752,40,44,99
752,45,49,180
752,50,54,310
752,55,59,523
752,60,64,709
752,65,69,994
752,70,74,1295
752,75,79,1451
752,80,84,1024
752,85,999,1020
756,0,4,0
756,5,9,0
756,10,14,5
756,15,19,3
756,20,24,7
756,25,29,16
756,30,34,23
756,35,39,40
756,40,44,74
756,45,49,145
756,50,54,286
756,55,59,472
756,60,64,622
756,65,69,704
756,70,74,795
756,75,79,842
756,80,84,665
756,85,999,724
760,0,4,0
760,5,9,0
760,10,14,3
760,15,19,6
760,20,24,29
760,25,29,21
760,30,34,25
760,35,39,50
760,40,44,41
760,45,49,65
760,50,54,121
760,55,59,165
760,60,64,176
760,65,69,241
760,70,74,182
760,75,79,188
760,80,84,160
760,85,999,153
762,0,4,0
762,5,9,0
762,10,14,4
762,15,19,8
762,20,24,8
762,25,29,9
762,30,34,17
762,35,39,20
762,40,44,22
762,45,49,23
762,50,54,29
762,55,59,43
762,60,64,51
762,65,69,44
762,70,74,32
762,75,79,22
762,80,84,18
762,85,999,15
764,0,4,0
764,5,9,0
764,10,14,10
764,15,19,17
764,20,24,41
764,25,29,120
764,30,34,99
764,35,39,213
764,40,44,504
764,45,49,980
764,50,54,1663
764,55,59,2380
764,60,64,2992
764,65,69,3199
764,70,74,2798
764,75,79,2167
764,80,84,1567
764,85,999,1423
768,0,4,0
768,5,9,0
768,10,14,0
768,15,19,5
768,20,24,4
768,25,29,15
768,30,34,13
768,35,39,14
768,40,44,25
768,45,49,32
768,50,54,41
768,55,59,44
768,60,64,44
768,65,69,39
768,70,74,36
768,75,79,23
768,80,84,13
768,85,999,6
780,0,4,0
780,5,9,0
780,10,14,0
780,15,19,0
780,20,24,1
780,25,29,1
780,30,34,3
780,35,39,8
780,40,44,15
780,45,49,22
780,50,54,28
780,55,59,40
780,60,64,53
780,65,69,58
780,70,74,58
780,75,79,55
780,80,84,41
780,85,999,35
784,0,4,0
784,5,9,0
784,10,14,0
784,15,19,1
784,20,24,0
784,25,29,9
784,30,34,10
784,35,39,14
784,40,44,26
784,45,49,25
784,50,54,63
784,55,59,107
784,60,64,131
784,65,69,78
784,70,74,37
784,75,79,29
784,80,84,13
784,85,999,7
788,0,4,0
788,5,9,0
788,10,14,2
788,15,19,1
788,20,24,6
788,25,29,11
788,30,34,32
788,35,39,64
788,40,44,99
788,45,49,131
788,50,54,178
788,55,59,234
788,60,64,258
788,65,69,265
788,70,74,211
788,75,79,145
788,80,84,111
788,85,999,91
792,0,4,0
792,5,9,0
792,10,14,68
792,15,19,35
792,20,24,97
792,25,29,114
792,30,34,148
792,35,39,374
792,40,44,732
792,45,49,1196
792,50,54,1797
792,55,59,2481
792,60,64,2987
792,65,69,3183
792,70,74,2937
792,75,79,2371
792,80,84,1734
792,85,999,1464
795,0,4,0
795,5,9,0
795,10,14,1
795,15,19,2
795,20,24,3
795,25,29,4
795,30,34,9
795,35,39,13
795,40,44,20
795,45,49,25
795,50,54,34
795,55,59,45
795,60,64,50
795,65,69,47
795,70,74,30
795,75,79,16
795,80,84,13
795,85,999,11
800,0,4,0
800,5,9,0
800,10,14,8
800,15,19,0
800,20,24,40
800,25,29,43
800,30,34,26
800,35,39,71
800,40,44,77
800,45,49,108
800,50,54,151
800,55,59,203
800,60,64,213
800,65,69,189
800,70,74,136
800,75,79,79
800,80,84,36
800,85,999,14
804,0,4,0
804,5,9,0
804,10,14,2
804,15,19,4
804,20,24,8
804,25,29,24
804,30,34,38
804,35,39,92
804,40,44,328
804,45,49,684
804,50,54,1245
804,55,59,2234
804,60,64,3719
804,65,69,4136
804,70,74,3878
804,75,79,1943
804,80,84,1779
804,85,999,773
807,0,4,0
807,5,9,0
807,10,14,0
807,15,19,0
807,20,24,0
807,25,29,1
807,30,34,2
807,35,39,6
807,40,44,17
807,45,49,37
807,50,54,66
807,55,59,104
807,60,64,143
807,65,69,165
807,70,74,150
807,75,79,104
807,80,84,66
807,85,999,39
818,0,4,0
818,5,9,0
818,10,14,7
818,15,19,63
818,20,24,125
818,25,29,185
818,30,34,292
818,35,39,431
818,40,44,559
818,45,49,636
818,50,54,691
818,55,59,710
818,60,64,670
818,65,69,554
818,70,74,459
818,75,79,301
818,80,84,152
818,85,999,105
826,0,4,0
826,5,9,0
826,10,14,28
826,15,19,29
826,20,24,43
826,25,29,84
826,30,34,156
826,35,39,304
826,40,44,624
826,45,49,1093
826,50,54,2197
826,55,59,3700
826,60,64,5055
826,65,69,6116
826,70,74,7752
826,75,79,8199
826,80,84,6394
826,85,999,7655
834,0,4,0
834,5,9,0
834,10,14,0
834,15,19,12
834,20,24,63
834,25,29,53
834,30,34,93
834,35,39,135
834,40,44,187
834,45,49,212
834,50,54,231
834,55,59,243
834,60,64,223
834,65,69,221
834,70,74,216
834,75,79,167
834,80,84,90
834,85,999,39
840,0,4,0
840,5,9,0
840,10,14,110
840,15,19,227
840,20,24,373
840,25,29,670
840,30,34,1695
840,35,39,3365
840,40,44,5890
840,45,49,8812
840,50,54,13586
840,55,59,17925
840,60,64,22106
840,65,69,22784
840,70,74,20695
840,75,79,17022
840,80,84,11832
840,85,999,13094
854,0,4,0
854,5,9,0
854,10,14,0
854,15,19,11
854,20,24,19
854,25,29,50
854,30,34,10
854,35,39,80
854,40,44,25
854,45,49,51
854,50,54,99
854,55,59,63
854,60,64,37
854,65,69,0
854,70,74,0
854,75,79,15
854,80,84,0
854,85,999,0
858,0,4,0
858,5,9,0
858,10,14,3
858,15,19,2
858,20,24,4
858,25,29,2
858,30,34,7
858,35,39,15
858,40,44,32
858,45,49,63
858,50,54,100
858,55,59,156
858,60,64,229
858,65,69,276
858,70,74,302
858,75,79,294
858,80,84,252
858,85,999,355
860,0,4,0
860,5,9,0
860,10,14,2
860,15,19,5
860,20,24,14
860,25,29,32
860,30,34,66
860,35,39,79
860,40,44,127
860,45,49,204
860,50,54,285
860,55,59,408
860,60,64,526
860,65,69,497
860,70,74,283
860,75,79,133
860,80,84,81
860,85,999,37
862,0,4,0
862,5,9,0
862,10,14,3
862,15,19,12
862,20,24,42
862,25,29,49
862,30,34,22
862,35,39,47
862,40,44,135
862,45,49,286
862,50,54,519
862,55,59,816
862,60,64,1047
862,65,69,1036
862,70,74,841
862,75,79,645
862,80,84,445
862,85,999,439
882,0,4,0
882,5,9,0
882,10,14,0
882,15,19,0
882,20,24,0
882,25,29,0
882,30,34,0
882,35,39,0
882,40,44,0
882,45,49,3
882,50,54,5
882,55,59,6
882,60,64,8
882,65,69,8
882,70,74,6
882,75,79,3
882,80,84,3
882,85,999,0
887,0,4,0
887,5,9,0
887,10,14,0
887,15,19,0
887,20,24,15
887,25,29,61
887,30,34,69
887,35,39,112
887,40,44,139
887,45,49,175
887,50,54,188
887,55,59,202
887,60,64,190
887,65,69,149
887,70,74,116
887,75,79,83
887,80,84,46
887,85,999,27
894,0,4,0
894,5,9,0
894,10,14,1
894,15,19,1
894,20,24,10
894,25,29,20
894,30,34,21
894,35,39,28
894,40,44,40
894,45,49,58
894,50,54,60
894,55,59,52
894,60,64,49
894,65,69,53
894,70,74,28
894,75,79,19
894,80,84,11
894,85,999,4
900,0,4,0
900,5,9,0
900,10,14,1094
900,15,19,2131
900,20,24,5362
900,25,29,9719
900,30,34,15857
900,35,39,26439
900,40,44,46562
900,45,49,80714
900,50,54,141052
900,55,59,190062
900,60,64,236111
900,65,69,294200
900,70,74,287025
900,75,79,230799
900,80,84,182333
900,85,999,176368
