"LocationId","AgeStart","AgeEnd","Value"
4,0,4,82333
4,5,9,6667
4,10,14,4821
4,15,19,9606
4,20,24,14310
4,25,29,11973
4,30,34,9325
4,35,39,8222
4,40,44,8393
4,45,49,8975
4,50,54,9685
4,55,59,10690
4,60,64,12005
4,65,69,13272
4,70,74,15301
4,75,79,13942
4,80,84,10317
4,85,999,6724
8,0,4,292
8,5,9,15
8,10,14,20
8,15,19,40
8,20,24,65
8,25,29,82
8,30,34,92
8,35,39,106
8,40,44,138
8,45,49,258
8,50,54,519
8,55,59,1019
8,60,64,1652
8,65,69,2236
8,70,74,2954
8,75,79,4189
8,80,84,4553
8,85,999,6182
12,0,4,23228
12,5,9,1650
12,10,14,1212
12,15,19,1482
12,20,24,1988
12,25,29,2341
12,30,34,2990
12,35,39,4300
12,40,44,5246
12,45,49,6110
12,50,54,7532
12,55,59,8837
12,60,64,12268
12,65,69,15808
12,70,74,18250
12,75,79,21781
12,80,84,24301
12,85,999,28302
16,0,4,8
16,5,9,0
16,10,14,0
16,15,19,2
16,20,24,5
16,25,29,5
16,30,34,5
16,35,39,5
16,40,44,8
16,45,49,14
16,50,54,20
16,55,59,30
16,60,64,36
16,65,69,43
16,70,74,42
16,75,79,35
16,80,84,31
16,85,999,25
20,0,4,3
20,5,9,0
20,10,14,0
20,15,19,0
20,20,24,0
20,25,29,0
20,30,34,0
20,35,39,3
20,40,44,5
20,45,49,8
20,50,54,12
20,55,59,19
20,60,64,24
20,65,69,33
20,70,74,48
20,75,79,57
20,80,84,71
20,85,999,191
24,0,4,93413
24,5,9,8577
24,10,14,5123
24,15,19,6141
24,20,24,7401
24,25,29,7869
24,30,34,8308
24,35,39,8645
24,40,44,8860
24,45,49,9234
24,50,54,10485
24,55,59,11465
24,60,64,12496
24,65,69,12640
24,70,74,12897
24,75,79,12369
24,80,84,9703
24,85,999,6908
28,0,4,7
28,5,9,0
28,10,14,0
28,15,19,2
28,20,24,5
28,25,29,5
28,30,34,5
28,35,39,5
28,40,44,10
28,45,49,14
28,50,54,25
28,55,59,39
28,60,64,54
28,65,69,62
28,70,74,62
28,75,79,62
28,80,84,65
28,85,999,118
31,0,4,3032
31,5,9,218
31,10,14,253
31,15,19,413
31,20,24,753
31,25,29,1008
31,30,34,1281
31,35,39,1489
31,40,44,1731
31,45,49,2335
31,50,54,3710
31,55,59,5785
31,60,64,6832
31,65,69,6312
31,70,74,5823
31,75,79,6978
31,80,84,9661
31,85,999,8255
32,0,4,7623
32,5,9,472
32,10,14,557
32,15,19,1288
32,20,24,2049
32,25,29,2531
32,30,34,2891
32,35,39,3917
32,40,44,5858
32,45,49,8181
32,50,54,11662
32,55,59,16352
32,60,64,23049
32,65,69,31698
32,70,74,42502
32,75,79,46391
32,80,84,46143
32,85,999,86874
36,0,4,1087
36,5,9,116
36,10,14,142
36,15,19,476
36,20,24,888
36,25,29,1024
36,30,34,1142
36,35,39,1501
36,40,44,2021
36,45,49,3210
36,50,54,4018
36,55,59,6262
36,60,64,8625
36,65,69,11280
36,70,74,15713
36,75,79,18906
36,80,84,23827
36,85,999,66736
40,0,4,318
40,5,9,31
40,10,14,41
40,15,19,116
40,20,24,184
40,25,29,239
40,30,34,320
40,35,39,396
40,40,44,566
40,45,49,1091
40,50,54,1866
40,55,59,3017
40,60,64,4092
40,65,69,5517
40,70,74,7462
40,75,79,11433
40,80,84,12064
40,85,999,34756
44,0,4,111
44,5,9,43
44,10,14,33
44,15,19,36
44,20,24,53
44,25,29,73
44,30,34,86
44,35,39,115
44,40,44,142
44,45,49,186
44,50,54,233
44,55,59,287
44,60,64,282
44,65,69,295
44,70,74,269
44,75,79,299
44,80,84,278
44,85,999,385
48,0,4,143
48,5,9,10
48,10,14,9
48,15,19,18
48,20,24,30
48,25,29,50
48,30,34,73
48,35,39,90
48,40,44,110
48,45,49,149
48,50,54,205
48,55,59,263
48,60,64,294
48,65,69,280
48,70,74,255
48,75,79,287
48,80,84,328
48,85,999,415
50,0,4,93137
50,5,9,6552
50,10,14,6213
50,15,19,12200
50,20,24,14456
50,25,29,14310
50,30,34,19445
50,35,39,22234
50,40,44,26650
50,45,49,35153
50,50,54,42244
50,55,59,51073
50,60,64,71789
50,65,69,81269
50,70,74,96382
50,75,79,102066
50,80,84,90126
50,85,999,89629
51,0,4,426
51,5,9,16
51,10,14,18
51,15,19,42
51,20,24,71
51,25,29,135
51,30,34,210
51,35,39,258
51,40,44,346
51,45,49,523
51,50,54,884
51,55,59,1859
51,60,64,2694
51,65,69,2948
51,70,74,2621
51,75,79,3289
51,80,84,5113
51,85,999,5918
52,0,4,39
52,5,9,0
52,10,14,5
52,15,19,10
52,20,24,12
52,25,29,16
52,30,34,27
52,35,39,33
52,40,44,39
52,45,49,71
52,50,54,98
52,55,59,133
52,60,64,147
52,65,69,217
52,70,74,205
52,75,79,314
52,80,84,484
52,85,999,644
56,0,4,487
56,5,9,46
56,10,14,55
56,15,19,144
56,20,24,227
56,25,29,305
56,30,34,406
56,35,39,579
56,40,44,856
56,45,49,1452
56,50,54,2396
56,55,59,3669
56,60,64,5648
56,65,69,7483
56,70,74,10221
56,75,79,11312
56,80,84,16973
56,85,999,46861
60,0,4,1
60,5,9,0
60,10,14,0
60,15,19,0
60,20,24,0
60,25,29,0
60,30,34,1
60,35,39,5
60,40,44,5
60,45,49,11
60,50,54,17
60,55,59,28
60,60,64,38
60,65,69,48
60,70,74,60
60,75,79,70
60,80,84,90
60,85,999,198
64,0,4,289
64,5,9,31
64,10,14,28
64,15,19,53
64,20,24,78
64,25,29,94
64,30,34,100
64,35,39,106
64,40,44,124
64,45,49,156
64,50,54,214
64,55,59,277
64,60,64,378
64,65,69,462
64,70,74,550
64,75,79,647
64,80,84,655
64,85,999,841
68,0,4,9956
68,5,9,1087
68,10,14,831
68,15,19,1498
68,20,24,1885
68,25,29,1851
68,30,34,1925
68,35,39,2175
68,40,44,2651
68,45,49,3365
68,50,54,4291
68,55,59,5432
68,60,64,6695
68,65,69,7834
68,70,74,9438
68,75,79,9336
68,80,84,7377
68,85,999,6337
70,0,4,178
70,5,9,10
70,10,14,12
70,15,19,20
70,20,24,37
70,25,29,44
70,30,34,67
70,35,39,110
70,40,44,201
70,45,49,398
70,50,54,864
70,55,59,1767
70,60,64,3088
70,65,69,4725
70,70,74,5122
70,75,79,6346
70,80,84,8148
70,85,999,10251
72,0,4,2883
72,5,9,270
72,10,14,206
72,15,19,328
72,20,24,474
72,25,29,619
72,30,34,786
72,35,39,949
72,40,44,996
72,45,49,988
72,50,54,1092
72,55,59,1170
72,60,64,1289
72,65,69,1300
72,70,74,1147
72,75,79,1091
72,80,84,898
72,85,999,935
76,0,4,43501
76,5,9,3899
76,10,14,3775
76,15,19,8326
76,20,24,15642
76,25,29,19692
76,30,34,25317
76,35,39,32261
76,40,44,40532
76,45,49,49731
76,50,54,67298
76,55,59,87630
76,60,64,111984
76,65,69,136503
76,70,74,156582
76,75,79,172725
76,80,84,190876
76,85,999,225162
84,0,4,93
84,5,9,6
84,10,14,7
84,15,19,14
84,20,24,24
84,25,29,40
84,30,34,52
84,35,39,58
84,40,44,69
84,45,49,92
84,50,54,116
84,55,59,156
84,60,64,173
84,65,69,180
84,70,74,180
84,75,79,168
84,80,84,172
84,85,999,229
90,0,4,414
90,5,9,63
90,10,14,46
90,15,19,70
90,20,24,85
90,25,29,80
90,30,34,81
90,35,39,92
90,40,44,112
90,45,49,149
90,50,54,181
90,55,59,210
90,60,64,232
90,65,69,282
90,70,74,340
90,75,79,341
90,80,84,287
90,85,999,305
92,0,4,3
92,5,9,0
92,10,14,0
92,15,19,0
92,20,24,0
92,25,29,0
92,30,34,0
92,35,39,2
92,40,44,5
92,45,49,6
92,50,54,10
92,55,59,15
92,60,64,20
92,65,69,22
92,70,74,28
92,75,79,26
92,80,84,19
92,85,999,29
96,0,4,72
96,5,9,8
96,10,14,8
96,15,19,23
96,20,24,30
96,25,29,32
96,30,34,44
96,35,39,58
96,40,44,80
96,45,49,117
96,50,54,156
96,55,59,200
96,60,64,232
96,65,69,234
96,70,74,205
96,75,79,210
96,80,84,191
96,85,999,219
100,0,4,417
100,5,9,50
100,10,14,66
100,15,19,158
100,20,24,189
100,25,29,285
100,30,34,443
100,35,39,797
100,40,44,1316
100,45,49,2241
100,50,54,3166
100,55,59,5342
100,60,64,8099
100,65,69,11084
100,70,74,14035
100,75,79,15303
100,80,84,19879
100,85,999,31932
104,0,4,42572
104,5,9,4942
104,10,14,4109
104,15,19,6863
104,20,24,9562
104,25,29,10150
104,30,34,11231
104,35,39,13500
104,40,44,16443
104,45,49,21299
104,50,54,27603
104,55,59,34344
104,60,64,42356
104,65,69,48719
104,70,74,47792
104,75,79,46594
104,80,84,40276
104,85,999,33078
108,0,4,24428
108,5,9,7343
108,10,14,3505
108,15,19,3424
108,20,24,3695
108,25,29,3832
108,30,34,3971
108,35,39,3834
108,40,44,3267
108,45,49,2769
108,50,54,2793
108,55,59,2919
108,60,64,3680
108,65,69,4416
108,70,74,4163
108,75,79,4031
108,80,84,3059
108,85,999,2134
112,0,4,303
112,5,9,37
112,10,14,43
112,15,19,102
112,20,24,209
112,25,29,397
112,30,34,867
112,35,39,1421
112,40,44,2215
112,45,49,3254
112,50,54,4771
112,55,59,8379
112,60,64,12996
112,65,69,15183
112,70,74,15896
112,75,79,15595
112,80,84,22218
112,85,999,30275
116,0,4,8835
116,5,9,1943
116,10,14,1332
116,15,19,2096
116,20,24,2754
116,25,29,3250
116,30,34,3511
116,35,39,3372
116,40,44,2496
116,45,49,4249
116,50,54,6099
116,55,59,7009
116,60,64,8462
116,65,69,8641
116,70,74,8429
116,75,79,8719
116,80,84,7835
116,85,999,7513
120,0,4,68745
120,5,9,6512
120,10,14,4190
120,15,19,5464
120,20,24,6965
120,25,29,7688
120,30,34,8096
120,35,39,8409
120,40,44,8359
120,45,49,8589
120,50,54,9068
120,55,59,9277
120,60,64,9948
120,65,69,10385
120,70,74,11294
120,75,79,10818
120,80,84,8718
120,85,999,7935
124,0,4,1842
124,5,9,156
124,10,14,199
124,15,19,696
124,20,24,1288
124,25,29,1694
124,30,34,2011
124,35,39,2418
124,40,44,2926
124,45,49,4269
124,50,54,7076
124,55,59,12316
124,60,64,17439
124,65,69,22631
124,70,74,29160
124,75,79,32482
124,80,84,38706
124,85,999,106693
132,0,4,151
132,5,9,14
132,10,14,15
132,15,19,21
132,20,24,40
132,25,29,56
132,30,34,67
132,35,39,88
132,40,44,91
132,45,49,108
132,50,54,150
132,55,59,176
132,60,64,175
132,65,69,151
132,70,74,154
132,75,79,247
132,80,84,493
132,85,999,781
136,0,4,6
136,5,9,0
136,10,14,0
136,15,19,1
136,20,24,5
136,25,29,5
136,30,34,6
136,35,39,10
136,40,44,16
136,45,49,23
136,50,54,31
136,55,59,38
136,60,64,40
136,65,69,43
136,70,74,46
136,75,79,45
136,80,84,42
136,85,999,53
140,0,4,22770
140,5,9,2137
140,10,14,1409
140,15,19,1910
140,20,24,2337
140,25,29,2178
140,30,34,2038
140,35,39,1984
140,40,44,1859
140,45,49,2048
140,50,54,2348
140,55,59,2583
140,60,64,2941
140,65,69,2902
140,70,74,2174
140,75,79,1557
140,80,84,1014
140,85,999,667
144,0,4,2325
144,5,9,268
144,10,14,317
144,15,19,630
144,20,24,1171
144,25,29,1299
144,30,34,1380
144,35,39,2358
144,40,44,3264
144,45,49,5111
144,50,54,6953
144,55,59,9628
144,60,64,13282
144,65,69,19213
144,70,74,22157
144,75,79,20889
144,80,84,19293
144,85,999,23893
148,0,4,78602
148,5,9,18981
148,10,14,8428
148,15,19,8020
148,20,24,8783
148,25,29,7913
148,30,34,6934
148,35,39,6401
148,40,44,6499
148,45,49,6153
148,50,54,5994
148,55,59,5937
148,60,64,6154
148,65,69,6322
148,70,74,5958
148,75,79,5480
148,80,84,4086
148,85,999,2939
152,0,4,1682
152,5,9,148
152,10,14,192
152,15,19,548
152,20,24,893
152,25,29,1117
152,30,34,1326
152,35,39,1614
152,40,44,2194
152,45,49,3127
152,50,54,4472
152,55,59,6084
152,60,64,8169
152,65,69,10722
152,70,74,12328
152,75,79,13866
152,80,84,16607
152,85,999,35007
156,0,4,121015
156,5,9,24683
156,10,14,27519
156,15,19,33056
156,20,24,50046
156,25,29,80460
156,30,34,97507
156,35,39,99064
156,40,44,149396
156,45,49,294618
156,50,54,477998
156,55,59,505087
156,60,64,840381
156,65,69,1132023
156,70,74,1200120
156,75,79,1293467
156,80,84,1517340
156,85,999,2119462
158,0,4,870
158,5,9,104
158,10,14,123
158,15,19,467
158,20,24,731
158,25,29,777
158,30,34,1278
158,35,39,2311
158,40,44,3731
158,45,49,5273
158,50,54,7934
158,55,59,10653
158,60,64,13440
158,65,69,15157
158,70,74,15688
158,75,79,20083
158,80,84,24379
158,85,999,47087
170,0,4,10041
170,5,9,1126
170,10,14,1314
170,15,19,4454
170,20,24,7174
170,25,29,7138
170,30,34,7004
170,35,39,6979
170,40,44,7085
170,45,49,8464
170,50,54,11526
170,55,59,15790
170,60,64,20377
170,65,69,23118
170,70,74,25872
170,75,79,27147
170,80,84,33171
170,85,999,52722
174,0,4,1498
174,5,9,139
174,10,14,91
174,15,19,147
174,20,24,173
174,25,29,154
174,30,34,154
174,35,39,168
174,40,44,189
174,45,49,230
174,50,54,291
174,55,59,349
174,60,64,384
174,65,69,515
174,70,74,545
174,75,79,677
174,80,84,450
174,85,999,349
175,0,4,54
175,5,9,6
175,10,14,6
175,15,19,14
175,20,24,15
175,25,29,19
175,30,34,20
175,35,39,25
175,40,44,33
175,45,49,43
175,50,54,50
175,55,59,55
175,60,64,60
175,65,69,65
175,70,74,61
175,75,79,57
175,80,84,60
175,85,999,87
178,0,4,9095
178,5,9,1218
178,10,14,800
178,15,19,1017
178,20,24,1259
178,25,29,1434
178,30,34,1710
178,35,39,1972
178,40,44,2230
178,45,49,2373
178,50,54,2564
178,55,59,2585
178,60,64,2600
178,65,69,2489
178,70,74,2445
178,75,79,2200
178,80,84,1772
178,85,999,1417
180,0,4,314784
180,5,9,54437
180,10,14,25696
180,15,19,27938
180,20,24,32549
180,25,29,29193
180,30,34,26443
180,35,39,23618
180,40,44,22939
180,45,49,23572
180,50,54,26731
180,55,59,28260
180,60,64,32875
180,65,69,37544
180,70,74,43343
180,75,79,41246
180,80,84,31016
180,85,999,22106
184,0,4,2
184,5,9,0
184,10,14,0
184,15,19,0
184,20,24,0
184,25,29,0
184,30,34,0
184,35,39,0
184,40,44,4
184,45,49,5
184,50,54,8
184,55,59,10
184,60,64,13
184,65,69,16
184,70,74,16
184,75,79,19
184,80,84,18
184,85,999,18
188,0,4,542
188,5,9,34
188,10,14,41
188,15,19,89
188,20,24,167
188,25,29,218
188,30,34,293
188,35,39,382
188,40,44,520
188,45,49,732
188,50,54,1133
188,55,59,1617
188,60,64,2176
188,65,69,2608
188,70,74,2896
188,75,79,3272
188,80,84,4158
188,85,999,6903
191,0,4,170
191,5,9,14
191,10,14,11
191,15,19,26
191,20,24,51
191,25,29,64
191,30,34,93
191,35,39,163
191,40,44,297
191,45,49,528
191,50,54,1064
191,55,59,1951
191,60,64,3474
191,65,69,5115
191,70,74,5761
191,75,79,8211
191,80,84,10692
191,85,999,16766
192,0,4,589
192,5,9,130
192,10,14,120
192,15,19,296
192,20,24,415
192,25,29,511
192,30,34,641
192,35,39,828
192,40,44,1463
192,45,49,2957
192,50,54,4975
192,55,59,6883
192,60,64,8167
192,65,69,10658
192,70,74,13420
192,75,79,15851
192,80,84,15251
192,85,999,28482
196,0,4,38
196,5,9,5
196,10,14,5
196,15,19,7
196,20,24,14
196,25,29,21
196,30,34,34
196,35,39,53
196,40,44,76
196,45,49,126
196,50,54,216
196,55,59,348
196,60,64,515
196,65,69,739
196,70,74,978
196,75,79,1206
196,80,84,1401
196,85,999,2528
203,0,4,340
203,5,9,52
203,10,14,60
203,15,19,148
203,20,24,246
203,25,29,333
203,30,34,440
203,35,39,687
203,40,44,1238
203,45,49,1794
203,50,54,2650
203,55,59,3919
203,60,64,7195
203,65,69,11165
203,70,74,15118
203,75,79,15842
203,80,84,16056
203,85,999,34401
204,0,4,40155
204,5,9,6502
204,10,14,3247
204,15,19,3680
204,20,24,4313
204,25,29,4044
204,30,34,3748
204,35,39,3534
204,40,44,3471
204,45,49,3457
204,50,54,3905
204,55,59,4112
204,60,64,4614
204,65,69,5124
204,70,74,5734
204,75,79,5858
204,80,84,4492
204,85,999,3683
208,0,4,205
208,5,9,21
208,10,14,26
208,15,19,73
208,20,24,110
208,25,29,129
208,30,34,149
208,35,39,213
208,40,44,319
208,45,49,630
208,50,54,1217
208,55,59,1841
208,60,64,2959
208,65,69,4396
208,70,74,6496
208,75,79,7645
208,80,84,8636
208,85,999,18893
212,0,4,13
212,5,9,0
212,10,14,0
212,15,19,5
212,20,24,5
212,25,29,5
212,30,34,6
212,35,39,10
212,40,44,11
212,45,49,21
212,50,54,31
212,55,59,41
212,60,64,52
212,65,69,57
212,70,74,68
212,75,79,78
212,80,84,84
212,85,999,103
214,0,4,7244
214,5,9,186
214,10,14,156
214,15,19,800
214,20,24,1437
214,25,29,1533
214,30,34,1626
214,35,39,1792
214,40,44,2084
214,45,49,2660
214,50,54,3541
214,55,59,4368
214,60,64,5002
214,65,69,5561
214,70,74,5849
214,75,79,5972
214,80,84,6403
214,85,999,9218
218,0,4,4041
218,5,9,533
218,10,14,573
218,15,19,1380
218,20,24,2120
218,25,29,2294
218,30,34,2314
218,35,39,2348
218,40,44,2510
218,45,49,2880
218,50,54,3551
218,55,59,4699
218,60,64,5671
218,65,69,6927
218,70,74,8109
218,75,79,8618
218,80,84,9563
218,85,999,16898
222,0,4,1388
222,5,9,185
222,10,14,208
222,15,19,717
222,20,24,1183
222,25,29,1207
222,30,34,1158
222,35,39,1384
222,40,44,1718
222,45,49,1937
222,50,54,2357
222,55,59,2650
222,60,64,3059
222,65,69,3513
222,70,74,4168
222,75,79,5464
222,80,84,5669
222,85,999,9032
226,0,4,3961
226,5,9,338
226,10,14,211
226,15,19,232
226,20,24,340
226,25,29,439
226,30,34,528
226,35,39,522
226,40,44,531
226,45,49,571
226,50,54,634
226,55,59,716
226,60,64,697
226,65,69,825
226,70,74,710
226,75,79,751
226,80,84,583
226,85,999,676
231,0,4,187561
231,5,9,35646
231,10,14,21070
231,15,19,27658
231,20,24,33636
231,25,29,30938
231,30,34,27317
231,35,39,23914
231,40,44,24742
231,45,49,24929
231,50,54,29557
231,55,59,31301
231,60,64,35300
231,65,69,41987
231,70,74,48503
231,75,79,46455
231,80,84,36381
231,85,999,28221
232,0,4,4099
232,5,9,999
232,10,14,615
232,15,19,803
232,20,24,944
232,25,29,752
232,30,34,676
232,35,39,654
232,40,44,717
232,45,49,767
232,50,54,934
232,55,59,1006
232,60,64,1200
232,65,69,1426
232,70,74,1922
232,75,79,1958
232,80,84,1582
232,85,999,1115
233,0,4,31
233,5,9,5
233,10,14,5
233,15,19,14
233,20,24,26
233,25,29,49
233,30,34,91
233,35,39,132
233,40,44,189
233,45,49,285
233,50,54,401
233,55,59,706
233,60,64,1063
233,65,69,1481
233,70,74,1660
233,75,79,2080
233,80,84,2634
233,85,999,4620
234,0,4,5
234,5,9,0
234,10,14,0
234,15,19,0
234,20,24,0
234,25,29,0
234,30,34,0
234,35,39,0
234,40,44,3
234,45,49,5
234,50,54,11
234,55,59,17
234,60,64,27
234,65,69,46
234,70,74,70
234,75,79,96
234,80,84,101
234,85,999,234
238,0,4,0
238,5,9,0
238,10,14,0
238,15,19,0
238,20,24,0
238,25,29,0
238,30,34,0
238,35,39,0
238,40,44,0
238,45,49,0
238,50,54,0
238,55,59,0
238,60,64,0
238,65,69,0
238,70,74,1
238,75,79,5
238,80,84,5
238,85,999,4
242,0,4,500
242,5,9,38
242,10,14,36
242,15,19,47
242,20,24,70
242,25,29,87
242,30,34,112
242,35,39,167
242,40,44,235
242,45,49,339
242,50,54,553
242,55,59,725
242,60,64,965
242,65,69,878
242,70,74,872
242,75,79,758
242,80,84,557
242,85,999,396
246,0,4,117
246,5,9,14
246,10,14,35
246,15,19,109
246,20,24,204
246,25,29,221
246,30,34,239
246,35,39,333
246,40,44,428
246,45,49,549
246,50,54,1034
246,55,59,1677
246,60,64,2576
246,65,69,4209
246,70,74,6119
246,75,79,6344
246,80,84,8367
246,85,999,21422
250,0,4,3066
250,5,9,266
250,10,14,328
250,15,19,881
250,20,24,1406
250,25,29,1622
250,30,34,2205
250,35,39,3459
250,40,44,5166
250,45,49,9255
250,50,54,14290
250,55,59,21847
250,60,64,30927
250,65,69,41314
250,70,74,50331
250,75,79,52359
250,80,84,80327
250,85,999,283656
254,0,4,73
254,5,9,5
254,10,14,5
254,15,19,12
254,20,24,14
254,25,29,10
254,30,34,12
254,35,39,17
254,40,44,28
254,45,49,43
254,50,54,62
254,55,59,82
254,60,64,107
254,65,69,128
254,70,74,135
254,75,79,125
254,80,84,115
254,85,999,138
258,0,4,27
258,5,9,3
258,10,14,0
258,15,19,5
258,20,24,5
258,25,29,5
258,30,34,7
258,35,39,10
258,40,44,12
258,45,49,21
258,50,54,37
258,55,59,57
258,60,64,73
258,65,69,95
258,70,74,129
258,75,79,160
258,80,84,164
258,85,999,208
262,0,4,1412
262,5,9,372
262,10,14,226
262,15,19,304
262,20,24,367
262,25,29,370
262,30,34,359
262,35,39,369
262,40,44,414
262,45,49,424
262,50,54,463
262,55,59,472
262,60,64,532
262,65,69,620
262,70,74,731
262,75,79,679
262,80,84,526
262,85,999,400
266,0,4,2650
266,5,9,251
266,10,14,171
266,15,19,260
266,20,24,364
266,25,29,458
266,30,34,553
266,35,39,644
266,40,44,706
266,45,49,766
266,50,54,846
266,55,59,925
266,60,64,1043
266,65,69,1156
266,70,74,1207
266,75,79,1165
266,80,84,1033
266,85,999,1167
268,0,4,493
268,5,9,21
268,10,14,31
268,15,19,70
268,20,24,148
268,25,29,270
268,30,34,392
268,35,39,530
268,40,44,739
268,45,49,1100
268,50,54,1601
268,55,59,2917
268,60,64,4059
268,65,69,4963
268,70,74,5033
268,75,79,6906
268,80,84,9526
268,85,999,9792
270,0,4,4379
270,5,9,1240
270,10,14,635
270,15,19,721
270,20,24,812
270,25,29,744
270,30,34,679
270,35,39,643
270,40,44,659
270,45,49,659
270,50,54,734
270,55,59,733
270,60,64,741
270,65,69,738
270,70,74,921
270,75,79,973
270,80,84,813
270,85,999,757
275,0,4,2477
275,5,9,198
275,10,14,142
275,15,19,241
275,20,24,315
275,25,29,309
275,30,34,287
275,35,39,298
275,40,44,361
275,45,49,497
275,50,54,688
275,55,59,938
275,60,64,1140
275,65,69,1397
275,70,74,1654
275,75,79,1801
275,80,84,1679
275,85,999,1453
276,0,4,2928
276,5,9,296
276,10,14,305
276,15,19,870
276,20,24,1340
276,25,29,1733
276,30,34,2615
276,35,39,3893
276,40,44,5421
276,45,49,10094
276,50,54,21397
276,55,59,35630
276,60,64,48949
276,65,69,65484
276,70,74,73916
276,75,79,129193
276,80,84,181560
276,85,999,307778
288,0,4,41696
288,5,9,11925
288,10,14,6395
288,15,19,7916
288,20,24,9264
288,25,29,9491
288,30,34,9704
288,35,39,9903
288,40,44,9776
288,45,49,8796
288,50,54,9806
288,55,59,11535
288,60,64,13530
288,65,69,13906
288,70,74,13712
288,75,79,14176
288,80,84,12865
288,85,999,10841
292,0,4,3
292,5,9,0
292,10,14,0
292,15,19,0
292,20,24,0
292,25,29,0
292,30,34,0
292,35,39,0
292,40,44,2
292,45,49,5
292,50,54,5
292,55,59,7
292,60,64,12
292,65,69,18
292,70,74,30
292,75,79,28
292,80,84,46
292,85,999,110
296,0,4,177
296,5,9,14
296,10,14,10
296,15,19,14
296,20,24,20
296,25,29,20
296,30,34,20
296,35,39,24
296,40,44,25
296,45,49,31
296,50,54,48
296,55,59,55
296,60,64,54
296,65,69,66
296,70,74,67
296,75,79,63
296,80,84,35
296,85,999,33
300,0,4,344
300,5,9,28
300,10,14,27
300,15,19,64
300,20,24,124
300,25,29,155
300,30,34,244
300,35,39,465
300,40,44,794
300,45,49,1369
300,50,54,2447
300,55,59,3635
300,60,64,5452
300,65,69,8141
300,70,74,12300
300,75,79,15670
300,80,84,23909
300,85,999,45758
304,0,4,8
304,5,9,0
304,10,14,0
304,15,19,4
304,20,24,5
304,25,29,5
304,30,34,8
304,35,39,10
304,40,44,10
304,45,49,17
304,50,54,39
304,55,59,54
304,60,64,61
304,65,69,59
304,70,74,57
304,75,79,62
304,80,84,38
304,85,999,39
308,0,4,35
308,5,9,0
308,10,14,0
308,15,19,2
308,20,24,5
308,25,29,8
308,30,34,10
308,35,39,14
308,40,44,17
308,45,49,24
308,50,54,45
308,55,59,66
308,60,64,97
308,65,69,95
308,70,74,94
308,75,79,100
308,80,84,144
308,85,999,226
312,0,4,22
312,5,9,0
312,10,14,1
312,15,19,6
312,20,24,10
312,25,29,13
312,30,34,11
312,35,39,18
312,40,44,31
312,45,49,66
312,50,54,105
312,55,59,160
312,60,64,210
312,65,69,256
312,70,74,323
312,75,79,356
312,80,84,428
312,85,999,1123
316,0,4,38
316,5,9,5
316,10,14,5
316,15,19,8
316,20,24,10
316,25,29,10
316,30,34,10
316,35,39,15
316,40,44,27
316,45,49,45
316,50,54,74
316,55,59,94
316,60,64,106
316,65,69,132
316,70,74,136
316,75,79,96
316,80,84,101
316,85,999,159
320,0,4,9682
320,5,9,790
320,10,14,737
320,15,19,2118
320,20,24,2851
320,25,29,2725
320,30,34,2766
320,35,39,2974
320,40,44,3244
320,45,49,3409
320,50,54,3926
320,55,59,4965
320,60,64,5728
320,65,69,6174
320,70,74,6926
320,75,79,7090
320,80,84,6736
320,85,999,10974
324,0,4,44338
324,5,9,6961
324,10,14,3536
324,15,19,4124
324,20,24,4958
324,25,29,4587
324,30,34,3924
324,35,39,3343
324,40,44,3195
324,45,49,3256
324,50,54,3847
324,55,59,4244
324,60,64,4978
324,65,69,5760
324,70,74,6500
324,75,79,6924
324,80,84,5813
324,85,999,4806
328,0,4,489
328,5,9,22
328,10,14,26
328,15,19,63
328,20,24,123
328,25,29,157
328,30,34,150
328,35,39,174
328,40,44,249
328,45,49,319
328,50,54,457
328,55,59,553
328,60,64,639
328,65,69,644
328,70,74,585
328,75,79,476
328,80,84,401
328,85,999,514
332,0,4,16910
332,5,9,1719
332,10,14,1316
332,15,19,2026
332,20,24,2697
332,25,29,2749
332,30,34,2815
332,35,39,2935
332,40,44,3135
332,45,49,3521
332,50,54,4340
332,55,59,5308
332,60,64,6418
332,65,69,7221
332,70,74,7738
332,75,79,7817
332,80,84,6099
332,85,999,4130
340,0,4,3655
340,5,9,370
340,10,14,359
340,15,19,841
340,20,24,1049
340,25,29,985
340,30,34,1042
340,35,39,1271
340,40,44,1573
340,45,49,1920
340,50,54,2319
340,55,59,2929
340,60,64,3743
340,65,69,4514
340,70,74,4575
340,75,79,4292
340,80,84,3817
340,85,999,3738
344,0,4,131
344,5,9,17
344,10,14,10
344,15,19,20
344,20,24,46
344,25,29,74
344,30,34,119
344,35,39,206
344,40,44,344
344,45,49,622
344,50,54,1129
344,55,59,2112
344,60,64,3298
344,65,69,4188
344,70,74,4603
344,75,79,4953
344,80,84,7688
344,85,999,21449
348,0,4,405
348,5,9,57
348,10,14,62
348,15,19,123
348,20,24,214
348,25,29,303
348,30,34,407
348,35,39,701
348,40,44,1449
348,45,49,2342
348,50,54,3960
348,55,59,6366
348,60,64,11440
348,65,69,14757
348,70,74,15110
348,75,79,18177
348,80,84,19664
348,85,999,33750
352,0,4,7
352,5,9,0
352,10,14,0
352,15,19,5
352,20,24,7
352,25,29,11
352,30,34,13
352,35,39,16
352,40,44,25
352,45,49,34
352,50,54,52
352,55,59,91
352,60,64,124
352,65,69,169
352,70,74,229
352,75,79,281
352,80,84,370
352,85,999,976
356,0,4,817738
356,5,9,76907
356,10,14,64120
356,15,19,109048
356,20,24,135828
356,25,29,163113
356,30,34,196617
356,35,39,251837
356,40,44,307307
356,45,49,380905
356,50,54,544036
356,55,59,740620
356,60,64,859554
356,65,69,1008283
356,70,74,986800
356,75,79,949607
356,80,84,817255
356,85,999,871340
360,0,4,109467
360,5,9,12465
360,10,14,11009
360,15,19,23120
360,20,24,30414
360,25,29,30651
360,30,34,35945
360,35,39,48728
360,40,44,65081
360,45,49,90898
360,50,54,123755
360,55,59,158395
360,60,64,187228
360,65,69,204604
360,70,74,231470
360,75,79,257002
360,80,84,224122
360,85,999,187984
364,0,4,18425
364,5,9,2975
364,10,14,2604
364,15,19,5153
364,20,24,6303
364,25,29,8295
364,30,34,10313
364,35,39,11144
364,40,44,11407
364,45,49,14267
364,50,54,16948
364,55,59,25257
364,60,64,33051
364,65,69,46518
364,70,74,49898
364,75,79,50945
364,80,84,51297
364,85,999,56686
368,0,4,30883
368,5,9,2934
368,10,14,2022
368,15,19,3431
368,20,24,4561
368,25,29,4289
368,30,34,4035
368,35,39,4460
368,40,44,5614
368,45,49,7613
368,50,54,9421
368,55,59,10308
368,60,64,11310
368,65,69,16039
368,70,74,17202
368,75,79,17708
368,80,84,14810
368,85,999,12222
372,0,4,185
372,5,9,21
372,10,14,22
372,15,19,75
372,20,24,101
372,25,29,122
372,30,34,164
372,35,39,279
372,40,44,398
372,45,49,537
372,50,54,771
372,55,59,1101
372,60,64,1596
372,65,69,2135
372,70,74,3373
372,75,79,4014
372,80,84,5080
372,85,999,11489
376,0,4,727
376,5,9,52
376,10,14,44
376,15,19,102
376,20,24,135
376,25,29,151
376,30,34,193
376,35,39,283
376,40,44,431
376,45,49,678
376,50,54,973
376,55,59,1617
376,60,64,2461
376,65,69,3647
376,70,74,4568
376,75,79,4733
376,80,84,6945
376,85,999,17432
380,0,4,1231
380,5,9,152
380,10,14,205
380,15,19,551
380,20,24,818
380,25,29,992
380,30,34,1227
380,35,39,1917
380,40,44,3743
380,45,49,6678
380,50,54,11103
380,55,59,16497
380,60,64,22910
380,65,69,32720
380,70,74,50454
380,75,79,72830
380,80,84,109521
380,85,999,282247
384,0,4,71714
384,5,9,6128
384,10,14,4373
384,15,19,6440
384,20,24,8258
384,25,29,8958
384,30,34,9398
384,35,39,11314
384,40,44,12138
384,45,49,11874
384,50,54,11601
384,55,59,10871
384,60,64,11337
384,65,69,11266
384,70,74,9893
384,75,79,8532
384,80,84,6903
384,85,999,7301
388,0,4,487
388,5,9,50
388,10,14,55
388,15,19,148
388,20,24,262
388,25,29,310
388,30,34,379
388,35,39,478
388,40,44,610
388,45,49,912
388,50,54,1344
388,55,59,1769
388,60,64,2083
388,65,69,2146
388,70,74,2525
388,75,79,2744
388,80,84,2198
388,85,999,2581
392,0,4,2226
392,5,9,387
392,10,14,441
392,15,19,1193
392,20,24,2076
392,25,29,2114
392,30,34,3019
392,35,39,4442
392,40,44,7910
392,45,49,14001
392,50,54,19598
392,55,59,27708
392,60,64,41970
392,65,69,78498
392,70,74,122941
392,75,79,169528
392,80,84,233415
392,85,999,787762
398,0,4,4095
398,5,9,363
398,10,14,404
398,15,19,633
398,20,24,1184
398,25,29,1898
398,30,34,2837
398,35,39,3480
398,40,44,4729
398,45,49,6381
398,50,54,8461
398,55,59,12986
398,60,64,16534
398,65,69,18285
398,70,74,16448
398,75,79,18312
398,80,84,21206
398,85,999,15164
400,0,4,3691
400,5,9,317
400,10,14,251
400,15,19,415
400,20,24,577
400,25,29,581
400,30,34,596
400,35,39,698
400,40,44,933
400,45,49,1418
400,50,54,1930
400,55,59,2394
400,60,64,2693
400,65,69,3020
400,70,74,3422
400,75,79,3822
400,80,84,3682
400,85,999,3198
404,0,4,61628
404,5,9,6456
404,10,14,5574
404,15,19,9288
404,20,24,13239
404,25,29,17104
404,30,34,21254
404,35,39,23766
404,40,44,24375
404,45,49,25076
404,50,54,25346
404,55,59,24149
404,60,64,23153
404,65,69,20288
404,70,74,18966
404,75,79,15109
404,80,84,13588
404,85,999,23370
408,0,4,5989
408,5,9,1420
408,10,14,1137
408,15,19,2237
408,20,24,3463
408,25,29,3799
408,30,34,3839
408,35,39,4056
408,40,44,5205
408,45,49,8711
408,50,54,12828
408,55,59,13278
408,60,64,17754
408,65,69,17359
408,70,74,28957
408,75,79,36183
408,80,84,33995
408,85,999,28473
410,0,4,1022
410,5,9,197
410,10,14,138
410,15,19,286
410,20,24,470
410,25,29,601
410,30,34,759
410,35,39,1596
410,40,44,2633
410,45,49,5171
410,50,54,8502
410,55,59,14048
410,60,64,20474
410,65,69,27602
410,70,74,34082
410,75,79,48408
410,80,84,54245
410,85,999,88283
412,0,4,153
412,5,9,8
412,10,14,8
412,15,19,24
412,20,24,33
412,25,29,43
412,30,34,56
412,35,39,79
412,40,44,135
412,45,49,221
412,50,54,334
412,55,59,507
412,60,64,699
412,65,69,931
412,70,74,1162
412,75,79,1539
412,80,84,1491
412,85,999,2043
414,0,4,503
414,5,9,32
414,10,14,27
414,15,19,50
414,20,24,55
414,25,29,47
414,30,34,103
414,35,39,219
414,40,44,383
414,45,49,618
414,50,54,811
414,55,59,997
414,60,64,1155
414,65,69,1151
414,70,74,882
414,75,79,998
414,80,84,936
414,85,999,768
417,0,4,3061
417,5,9,117
417,10,14,136
417,15,19,213
417,20,24,439
417,25,29,708
417,30,34,893
417,35,39,1049
417,40,44,1382
417,45,49,1768
417,50,54,2193
417,55,59,3163
417,60,64,3527
417,65,69,3460
417,70,74,2518
417,75,79,2924
417,80,84,3997
417,85,999,3714
418,0,4,7540
418,5,9,603
418,10,14,478
418,15,19,800
418,20,24,1094
418,25,29,1108
418,30,34,1153
418,35,39,1231
418,40,44,1414
418,45,49,1785
418,50,54,2322
418,55,59,2985
418,60,64,3543
418,65,69,3927
418,70,74,4157
418,75,79,4223
418,80,84,3813
418,85,999,4772
422,0,4,687
422,5,9,104
422,10,14,81
422,15,19,149
422,20,24,191
422,25,29,183
422,30,34,209
422,35,39,272
422,40,44,378
422,45,49,638
422,50,54,1033
422,55,59,1527
422,60,64,2081
422,65,69,2902
422,70,74,3637
422,75,79,4147
422,80,84,5039
422,85,999,7300
426,0,4,5424
426,5,9,451
426,10,14,358
426,15,19,630
426,20,24,1033
426,25,29,1434
426,30,34,1752
426,35,39,1832
426,40,44,1710
426,45,49,1590
426,50,54,1711
426,55,59,1892
426,60,64,2039
426,65,69,1885
426,70,74,1616
426,75,79,1235
426,80,84,1086
426,85,999,1309
428,0,4,78
428,5,9,13
428,10,14,15
428,15,19,33
428,20,24,59
428,25,29,102
428,30,34,155
428,35,39,246
428,40,44,385
428,45,49,606
428,50,54,892
428,55,59,1516
428,60,64,2106
428,65,69,2665
428,70,74,3183
428,75,79,4288
428,80,84,5108
428,85,999,7967
430,0,4,12854
430,5,9,1109
430,10,14,778
430,15,19,1033
430,20,24,1197
430,25,29,1180
430,30,34,1300
430,35,39,1549
430,40,44,1734
430,45,49,1814
430,50,54,1959
430,55,59,2060
430,60,64,2366
430,65,69,2677
430,70,74,3103
430,75,79,3070
430,80,84,2157
430,85,999,1305
434,0,4,1611
434,5,9,244
434,10,14,232
434,15,19,605
434,20,24,868
434,25,29,826
434,30,34,916
434,35,39,1231
434,40,44,1671
434,45,49,2151
434,50,54,2409
434,55,59,2633
434,60,64,2498
434,65,69,2920
434,70,74,3410
434,75,79,4026
434,80,84,3709
434,85,999,3870
438,0,4,2
438,5,9,0
438,10,14,0
438,15,19,0
438,20,24,0
438,25,29,0
438,30,34,0
438,35,39,0
438,40,44,0
438,45,49,3
438,50,54,5
438,55,59,9
438,60,64,11
438,65,69,18
438,70,74,28
438,75,79,37
438,80,84,41
438,85,999,77
440,0,4,114
440,5,9,11
440,10,14,12
440,15,19,36
440,20,24,78
440,25,29,144
440,30,34,209
440,35,39,317
440,40,44,538
440,45,49,907
440,50,54,1379
440,55,59,2294
440,60,64,3033
440,65,69,3673
440,70,74,4253
440,75,79,5615
440,80,84,6595
440,85,999,11832
442,0,4,31
442,5,9,2
442,10,14,1
442,15,19,7
442,20,24,7
442,25,29,13
442,30,34,16
442,35,39,27
442,40,44,38
442,45,49,73
442,50,54,120
442,55,59,193
442,60,64,277
442,65,69,339
442,70,74,412
442,75,79,519
442,80,84,677
442,85,999,1562
446,0,4,25
446,5,9,2
446,10,14,0
446,15,19,4
446,20,24,8
446,25,29,11
446,30,34,17
446,35,39,21
446,40,44,29
446,45,49,46
446,50,54,84
446,55,59,149
446,60,64,209
446,65,69,242
446,70,74,230
446,75,79,246
446,80,84,357
446,85,999,944
450,0,4,44660
450,5,9,8392
450,10,14,4808
450,15,19,6245
450,20,24,7810
450,25,29,7091
450,30,34,6252
450,35,39,5943
450,40,44,6579
450,45,49,6834
450,50,54,7602
450,55,59,8103
450,60,64,9841
450,65,69,11535
450,70,74,10453
450,75,79,10118
450,80,84,9092
450,85,999,8134
454,0,4,25828
454,5,9,2570
454,10,14,2052
454,15,19,3195
454,20,24,4280
454,25,29,5013
454,30,34,5917
454,35,39,7207
454,40,44,7018
454,45,49,6131
454,50,54,5866
454,55,59,5906
454,60,64,6036
454,65,69,6327
454,70,74,7770
454,75,79,7576
454,80,84,6671
454,85,999,9397
458,0,4,4408
458,5,9,398
458,10,14,367
458,15,19,811
458,20,24,1336
458,25,29,1726
458,30,34,2490
458,35,39,3476
458,40,44,4505
458,45,49,6587
458,50,54,9796
458,55,59,13653
458,60,64,17731
458,65,69,21155
458,70,74,22030
458,75,79,20865
458,80,84,18972
458,85,999,21845
462,0,4,53
462,5,9,5
462,10,14,5
462,15,19,6
462,20,24,14
462,25,29,22
462,30,34,29
462,35,39,30
462,40,44,30
462,45,49,37
462,50,54,49
462,55,59,68
462,60,64,84
462,65,69,82
462,70,74,134
462,75,79,220
462,80,84,239
462,85,999,325
466,0,4,80630
466,5,9,9490
466,10,14,4786
466,15,19,5921
466,20,24,6650
466,25,29,5852
466,30,34,5509
466,35,39,5311
466,40,44,5141
466,45,49,4786
466,50,54,4900
466,55,59,5329
466,60,64,6669
466,65,69,8335
466,70,74,9889
466,75,79,10122
466,80,84,6662
466,85,999,3595
470,0,4,31
470,5,9,0
470,10,14,0
470,15,19,1
470,20,24,5
470,25,29,8
470,30,34,9
470,35,39,13
470,40,44,18
470,45,49,34
470,50,54,53
470,55,59,107
470,60,64,202
470,65,69,352
470,70,74,486
470,75,79,472
470,80,84,646
470,85,999,1205
474,0,4,38
474,5,9,2
474,10,14,1
474,15,19,5
474,20,24,5
474,25,29,5
474,30,34,10
474,35,39,13
474,40,44,24
474,45,49,52
474,50,54,93
474,55,59,144
474,60,64,189
474,65,69,222
474,70,74,270
474,75,79,338
474,80,84,547
474,85,999,1256
478,0,4,9479
478,5,9,775
478,10,14,491
478,15,19,654
478,20,24,691
478,25,29,597
478,30,34,585
478,35,39,633
478,40,44,729
478,45,49,898
478,50,54,1117
478,55,59,1376
478,60,64,1724
478,65,69,2014
478,70,74,2301
478,75,79,2370
478,80,84,2026
478,85,999,2260
480,0,4,213
480,5,9,11
480,10,14,11
480,15,19,22
480,20,24,40
480,25,29,54
480,30,34,70
480,35,39,129
480,40,44,221
480,45,49,358
480,50,54,650
480,55,59,915
480,60,64,1182
480,65,69,1431
480,70,74,1344
480,75,79,1187
480,80,84,1193
480,85,999,1861
484,0,4,28129
484,5,9,2877
484,10,14,3232
484,15,19,9799
484,20,24,15958
484,25,29,18587
484,30,34,20279
484,35,39,22972
484,40,44,28205
484,45,49,35273
484,50,54,43094
484,55,59,53566
484,60,64,64135
484,65,69,70622
484,70,74,78487
484,75,79,84251
484,80,84,92054
484,85,999,195557
492,0,4,1
492,5,9,0
492,10,14,0
492,15,19,0
492,20,24,0
492,25,29,0
492,30,34,0
492,35,39,0
492,40,44,0
492,45,49,0
492,50,54,3
492,55,59,5
492,60,64,9
492,65,69,14
492,70,74,28
492,75,79,48
492,80,84,86
492,85,999,544
496,0,4,1229
496,5,9,55
496,10,14,51
496,15,19,88
496,20,24,161
496,25,29,307
496,30,34,475
496,35,39,651
496,40,44,873
496,45,49,1153
496,50,54,1491
496,55,59,1816
496,60,64,1958
496,65,69,1582
496,70,74,1478
496,75,79,1629
496,80,84,1261
496,85,999,1484
498,0,4,606
498,5,9,42
498,10,14,31
498,15,19,59
498,20,24,114
498,25,29,183
498,30,34,354
498,35,39,485
498,40,44,753
498,45,49,1116
498,50,54,1749
498,55,59,3264
498,60,64,4843
498,65,69,6231
498,70,74,4461
498,75,79,5566
498,80,84,5361
498,85,999,5657
499,0,4,24
499,5,9,4
499,10,14,4
499,15,19,8
499,20,24,14
499,25,29,16
499,30,34,25
499,35,39,38
499,40,44,60
499,45,49,110
499,50,54,200
499,55,59,365
499,60,64,587
499,65,69,747
499,70,74,775
499,75,79,1036
499,80,84,1261
499,85,999,1532
500,0,4,0
500,5,9,0
500,10,14,0
500,15,19,0
500,20,24,0
500,25,29,0
500,30,34,0
500,35,39,0
500,40,44,0
500,45,49,0
500,50,54,0
500,55,59,4
500,60,64,5
500,65,69,5
500,70,74,7
500,75,79,7
500,80,84,9
500,85,999,4
504,0,4,12938
504,5,9,1125
504,10,14,870
504,15,19,1532
504,20,24,2098
504,25,29,2259
504,30,34,2578
504,35,39,3228
504,40,44,4407
504,45,49,6567
504,50,54,9578
504,55,59,14201
504,60,64,19470
504,65,69,24721
504,70,74,26207
504,75,79,26791
504,80,84,24017
504,85,999,23068
508,0,4,81298
508,5,9,6744
508,10,14,4430
508,15,19,6231
508,20,24,7789
508,25,29,8091
508,30,34,8349
508,35,39,8669
508,40,44,9534
508,45,49,10439
508,50,54,10573
508,55,59,11176
508,60,64,12819
508,65,69,14081
508,70,74,14702
508,75,79,13551
508,80,84,9178
508,85,999,5949
512,0,4,1012
512,5,9,54
512,10,14,38
512,15,19,71
512,20,24,128
512,25,29,246
512,30,34,313
512,35,39,342
512,40,44,379
512,45,49,456
512,50,54,545
512,55,59,669
512,60,64,761
512,65,69,796
512,70,74,981
512,75,79,1114
512,80,84,1120
512,85,999,1240
516,0,4,2856
516,5,9,283
516,10,14,212
516,15,19,389
516,20,24,653
516,25,29,951
516,30,34,1017
516,35,39,1109
516,40,44,1257
516,45,49,1364
516,50,54,1447
516,55,59,1413
516,60,64,1478
516,65,69,1511
516,70,74,1348
516,75,79,1073
516,80,84,816
516,85,999,1037
520,0,4,6
520,5,9,0
520,10,14,0
520,15,19,3
520,20,24,5
520,25,29,5
520,30,34,5
520,35,39,5
520,40,44,5
520,45,49,5
520,50,54,5
520,55,59,5
520,60,64,6
520,65,69,5
520,70,74,5
520,75,79,0
520,80,84,3
520,85,999,0
524,0,4,17731
524,5,9,2174
524,10,14,1870
524,15,19,3404
524,20,24,4348
524,25,29,3871
524,30,34,3638
524,35,39,4139
524,40,44,5138
524,45,49,6845
524,50,54,9180
524,55,59,12328
524,60,64,16603
524,65,69,21781
524,70,74,25323
524,75,79,25434
524,80,84,19460
524,85,999,15105
528,0,4,716
528,5,9,49
528,10,14,65
528,15,19,214
528,20,24,327
528,25,29,370
528,30,34,468
528,35,39,621
528,40,44,969
528,45,49,1804
528,50,54,3209
528,55,59,5273
528,60,64,7732
528,65,69,11170
528,70,74,16621
528,75,79,19438
528,80,84,24676
528,85,999,58353
531,0,4,24
531,5,9,5
531,10,14,5
531,15,19,8
531,20,24,13
531,25,29,14
531,30,34,10
531,35,39,15
531,40,44,19
531,45,49,36
531,50,54,62
531,55,59,103
531,60,64,140
531,65,69,196
531,70,74,254
531,75,79,278
531,80,84,258
531,85,999,285
533,0,4,15
533,5,9,0
533,10,14,0
533,15,19,3
533,20,24,5
533,25,29,5
533,30,34,5
533,35,39,9
533,40,44,12
533,45,49,20
533,50,54,32
533,55,59,58
533,60,64,85
533,65,69,110
533,70,74,128
533,75,79,145
533,80,84,155
533,85,999,143
534,0,4,4
534,5,9,0
534,10,14,0
534,15,19,2
534,20,24,5
534,25,29,0
534,30,34,0
534,35,39,0
534,40,44,5
534,45,49,14
534,50,54,26
534,55,59,35
534,60,64,37
534,65,69,39
534,70,74,36
534,75,79,24
534,80,84,15
534,85,999,3
535,0,4,3
535,5,9,0
535,10,14,0
535,15,19,0
535,20,24,0
535,25,29,0
535,30,34,0
535,35,39,0
535,40,44,2
535,45,49,5
535,50,54,8
535,55,59,14
535,60,64,18
535,65,69,23
535,70,74,30
535,75,79,31
535,80,84,30
535,85,999,39
540,0,4,54
540,5,9,5
540,10,14,5
540,15,19,10
540,20,24,14
540,25,29,14
540,30,34,18
540,35,39,22
540,40,44,32
540,45,49,49
540,50,54,65
540,55,59,91
540,60,64,115
540,65,69,145
540,70,74,176
540,75,79,184
540,80,84,185
540,85,999,256
548,0,4,237
548,5,9,22
548,10,14,16
548,15,19,30
548,20,24,35
548,25,29,40
548,30,34,40
548,35,39,43
548,40,44,51
548,45,49,65
548,50,54,83
548,55,59,101
548,60,64,120
548,65,69,137
548,70,74,142
548,75,79,149
548,80,84,172
548,85,999,238
554,0,4,273
554,5,9,17
554,10,14,32
554,15,19,132
554,20,24,183
554,25,29,214
554,30,34,202
554,35,39,271
554,40,44,384
554,45,49,654
554,50,54,964
554,55,59,1420
554,60,64,1775
554,65,69,2416
554,70,74,3117
554,75,79,3859
554,80,84,4454
554,85,999,11182
558,0,4,2365
558,5,9,180
558,10,14,181
558,15,19,477
558,20,24,731
558,25,29,859
558,30,34,945
558,35,39,1078
558,40,44,1255
558,45,49,1438
558,50,54,1690
558,55,59,1950
558,60,64,2181
558,65,69,2777
558,70,74,2637
558,75,79,2874
558,80,84,3554
558,85,999,3703
562,0,4,83349
562,5,9,7390
562,10,14,3932
562,15,19,4854
562,20,24,5543
562,25,29,4660
562,30,34,4283
562,35,39,4196
562,40,44,4302
562,45,49,4498
562,50,54,5407
562,55,59,6354
562,60,64,7622
562,65,69,8581
562,70,74,9441
562,75,79,9472
562,80,84,6395
562,85,999,3300
566,0,4,884810
566,5,9,225039
566,10,14,102502
566,15,19,101896
566,20,24,109082
566,25,29,101123
566,30,34,95859
566,35,39,95938
566,40,44,92867
566,45,49,83783
566,50,54,85670
566,55,59,91729
566,60,64,103562
566,65,69,113388
566,70,74,121324
566,75,79,109281
566,80,84,75970
566,85,999,47860
570,0,4,1
570,5,9,0
570,10,14,0
570,15,19,0
570,20,24,0
570,25,29,0
570,30,34,0
570,35,39,0
570,40,44,0
570,45,49,0
570,50,54,0
570,55,59,0
570,60,64,1
570,65,69,4
570,70,74,2
570,75,79,5
570,80,84,5
570,85,999,1
578,0,4,142
578,5,9,22
578,10,14,28
578,15,19,83
578,20,24,155
578,25,29,157
578,30,34,176
578,35,39,218
578,40,44,301
578,45,49,483
578,50,54,801
578,55,59,1177
578,60,64,1864
578,65,69,2654
578,70,74,4330
578,75,79,4878
578,80,84,5907
578,85,999,17212
580,0,4,4
580,5,9,0
580,10,14,0
580,15,19,0
580,20,24,0
580,25,29,0
580,30,34,0
580,35,39,1
580,40,44,5
580,45,49,12
580,50,54,23
580,55,59,32
580,60,64,40
580,65,69,40
580,70,74,35
580,75,79,23
580,80,84,24
580,85,999,19
583,0,4,61
583,5,9,5
583,10,14,5
583,15,19,12
583,20,24,15
583,25,29,13
583,30,34,10
583,35,39,12
583,40,44,17
583,45,49,24
583,50,54,36
583,55,59,53
583,60,64,73
583,65,69,83
583,70,74,72
583,75,79,59
583,80,84,49
583,85,999,43
584,0,4,31
584,5,9,5
584,10,14,5
584,15,19,8
584,20,24,10
584,25,29,10
584,30,34,15
584,35,39,17
584,40,44,19
584,45,49,22
584,50,54,27
584,55,59,30
584,60,64,36
584,65,69,36
584,70,74,26
584,75,79,14
584,80,84,10
584,85,999,12
585,0,4,4
585,5,9,0
585,10,14,0
585,15,19,3
585,20,24,5
585,25,29,5
585,30,34,5
585,35,39,8
585,40,44,11
585,45,49,16
585,50,54,21
585,55,59,25
585,60,64,29
585,65,69,28
585,70,74,25
585,75,79,22
585,80,84,16
585,85,999,12
586,0,4,424736
586,5,9,22554
586,10,14,16437
586,15,19,25874
586,20,24,31991
586,25,29,30050
586,30,34,29200
586,35,39,30839
586,40,44,35282
586,45,49,45582
586,50,54,61659
586,55,59,83572
586,60,64,103225
586,65,69,115292
586,70,74,135209
586,75,79,138425
586,80,84,108183
586,85,999,76489
591,0,4,1394
591,5,9,147
591,10,14,136
591,15,19,344
591,20,24,562
591,25,29,624
591,30,34,597
591,35,39,581
591,40,44,630
591,45,49,793
591,50,54,1016
591,55,59,1263
591,60,64,1516
591,65,69,1788
591,70,74,2025
591,75,79,2228
591,80,84,2237
591,85,999,3759
598,0,4,11260
598,5,9,1136
598,10,14,857
598,15,19,1592
598,20,24,1998
598,25,29,1938
598,30,34,2013
598,35,39,2248
598,40,44,2668
598,45,49,3249
598,50,54,3976
598,55,59,4654
598,60,64,4896
598,65,69,4928
598,70,74,4893
598,75,79,4187
598,80,84,2895
598,85,999,2264
600,0,4,2727
600,5,9,207
600,10,14,203
600,15,19,440
600,20,24,653
600,25,29,721
600,30,34,799
600,35,39,957
600,40,44,1112
600,45,49,1509
600,50,54,2082
600,55,59,2539
600,60,64,2993
600,65,69,3457
600,70,74,3840
600,75,79,4022
600,80,84,3502
600,85,999,5081
604,0,4,7854
604,5,9,1194
604,10,14,1221
604,15,19,2332
604,20,24,3167
604,25,29,3408
604,30,34,3596
604,35,39,4091
604,40,44,4981
604,45,49,6250
604,50,54,7545
604,55,59,9398
604,60,64,11727
604,65,69,14367
604,70,74,18405
604,75,79,21600
604,80,84,29565
604,85,999,46040
608,0,4,66434
608,5,9,5580
608,10,14,4462
608,15,19,7612
608,20,24,10135
608,25,29,10132
608,30,34,10399
608,35,39,12297
608,40,44,16186
608,45,49,23030
608,50,54,31478
608,55,59,42104
608,60,64,53340
608,65,69,63398
608,70,74,65904
608,75,79,67330
608,80,84,63249
608,85,999,66122
616,0,4,1678
616,5,9,185
616,10,14,213
616,15,19,643
616,20,24,1158
616,25,29,1764
616,30,34,2848
616,35,39,4269
616,40,44,6027
616,45,49,8387
616,50,54,12214
616,55,59,21181
616,60,64,37116
616,65,69,48084
616,70,74,45850
616,75,79,42838
616,80,84,57839
616,85,999,118534
620,0,4,303
620,5,9,35
620,10,14,51
620,15,19,112
620,20,24,185
620,25,29,211
620,30,34,340
620,35,39,507
620,40,44,937
620,45,49,1637
620,50,54,2610
620,55,59,3852
620,60,64,5307
620,65,69,6889
620,70,74,9408
620,75,79,12674
620,80,84,19526
620,85,999,47553
624,0,4,5011
624,5,9,533
624,10,14,345
624,15,19,443
624,20,24,552
624,25,29,580
624,30,34,650
624,35,39,715
624,40,44,714
624,45,49,687
624,50,54,650
624,55,59,702
624,60,64,850
624,65,69,934
624,70,74,885
624,75,79,766
624,80,84,610
624,85,999,547
626,0,4,1420
626,5,9,122
626,10,14,102
626,15,19,168
626,20,24,199
626,25,29,176
626,30,34,169
626,35,39,163
626,40,44,187
626,45,49,270
626,50,54,345
626,55,59,411
626,60,64,531
626,65,69,823
626,70,74,1133
626,75,79,1070
626,80,84,769
626,85,999,780
630,0,4,269
630,5,9,19
630,10,14,18
630,15,19,53
630,20,24,109
630,25,29,153
630,30,34,184
630,35,39,291
630,40,44,417
630,45,49,612
630,50,54,1044
630,55,59,1747
630,60,64,2675
630,65,69,3724
630,70,74,4818
630,75,79,4948
630,80,84,4900
630,85,999,9447
634,0,4,189
634,5,9,10
634,10,14,8
634,15,19,15
634,20,24,57
634,25,29,96
634,30,34,125
634,35,39,145
634,40,44,167
634,45,49,211
634,50,54,242
634,55,59,271
634,60,64,266
634,65,69,202
634,70,74,179
634,75,79,177
634,80,84,193
634,85,999,221
638,0,4,118
638,5,9,6
638,10,14,5
638,15,19,5
638,20,24,10
638,25,29,11
638,30,34,18
638,35,39,26
638,40,44,54
638,45,49,111
638,50,54,199
638,55,59,304
638,60,64,396
638,65,69,525
638,70,74,561
638,75,79,623
638,80,84,758
638,85,999,1406
642,0,4,1484
642,5,9,123
642,10,14,116
642,15,19,211
642,20,24,324
642,25,29,480
642,30,34,899
642,35,39,1285
642,40,44,2623
642,45,49,4751
642,50,54,7871
642,55,59,10912
642,60,64,20313
642,65,69,27106
642,70,74,27313
642,75,79,33268
642,80,84,44267
642,85,999,64062
643,0,4,8651
643,5,9,1261
643,10,14,856
643,15,19,1987
643,20,24,4478
643,25,29,9969
643,30,34,21621
643,35,39,32210
643,40,44,43961
643,45,49,53826
643,50,54,69657
643,55,59,121489
643,60,64,174221
643,65,69,230067
643,70,74,183854
643,75,79,191309
643,80,84,282834
643,85,999,349240
646,0,4,16307
646,5,9,1482
646,10,14,1163
646,15,19,1790
646,20,24,2257
646,25,29,2557
646,30,34,3061
646,35,39,3423
646,40,44,3120
646,45,49,3272
646,50,54,3728
646,55,59,4801
646,60,64,5583
646,65,69,5700
646,70,74,5164
646,75,79,5205
646,80,84,4652
646,85,999,5551
652,0,4,1
652,5,9,0
652,10,14,0
652,15,19,0
652,20,24,0
652,25,29,0
652,30,34,0
652,35,39,0
652,40,44,0
652,45,49,0
652,50,54,3
652,55,59,5
652,60,64,5
652,65,69,5
652,70,74,5
652,75,79,7
652,80,84,10
652,85,999,11
654,0,4,1
654,5,9,0
654,10,14,0
654,15,19,0
654,20,24,0
654,25,29,0
654,30,34,0
654,35,39,0
654,40,44,0
654,45,49,0
654,50,54,0
654,55,59,5
654,60,64,5
654,65,69,8
654,70,74,12
654,75,79,14
654,80,84,14
654,85,999,16
659,0,4,6
659,5,9,0
659,10,14,0
659,15,19,4
659,20,24,5
659,25,29,5
659,30,34,7
659,35,39,10
659,40,44,12
659,45,49,17
659,50,54,26
659,55,59,38
659,60,64,49
659,65,69,48
659,70,74,43
659,75,79,49
659,80,84,51
659,85,999,99
660,0,4,1
660,5,9,0
660,10,14,0
660,15,19,0
660,20,24,0
660,25,29,0
660,30,34,0
660,35,39,0
660,40,44,1
660,45,49,5
660,50,54,5
660,55,59,5
660,60,64,10
660,65,69,10
660,70,74,10
660,75,79,10
660,80,84,14
660,85,999,15
662,0,4,30
662,5,9,5
662,10,14,5
662,15,19,10
662,20,24,15
662,25,29,15
662,30,34,18
662,35,39,23
662,40,44,33
662,45,49,50
662,50,54,78
662,55,59,104
662,60,64,123
662,65,69,139
662,70,74,172
662,75,79,190
662,80,84,186
662,85,999,243
663,0,4,5
663,5,9,0
663,10,14,0
663,15,19,0
663,20,24,0
663,25,29,0
663,30,34,0
663,35,39,0
663,40,44,1
663,45,49,5
663,50,54,8
663,55,59,12
663,60,64,15
663,65,69,18
663,70,74,20
663,75,79,20
663,80,84,16
663,85,999,32
666,0,4,0
666,5,9,0
666,10,14,0
666,15,19,0
666,20,24,0
666,25,29,0
666,30,34,0
666,35,39,0
666,40,44,0
666,45,49,0
666,50,54,1
666,55,59,5
666,60,64,5
666,65,69,5
666,70,74,6
666,75,79,12
666,80,84,14
666,85,999,21
670,0,4,21
670,5,9,0
670,10,14,0
670,15,19,3
670,20,24,5
670,25,29,5
670,30,34,10
670,35,39,17
670,40,44,28
670,45,49,36
670,50,54,55
670,55,59,80
670,60,64,103
670,65,69,96
670,70,74,112
670,75,79,118
670,80,84,134
670,85,999,237
674,0,4,1
674,5,9,0
674,10,14,0
674,15,19,0
674,20,24,0
674,25,29,0
674,30,34,0
674,35,39,0
674,40,44,0
674,45,49,4
674,50,54,5
674,55,59,10
674,60,64,12
674,65,69,17
674,70,74,28
674,75,79,38
674,80,84,59
674,85,999,156
678,0,4,99
678,5,9,17
678,10,14,16
678,15,19,34
678,20,24,38
678,25,29,35
678,30,34,39
678,35,39,50
678,40,44,57
678,45,49,64
678,50,54,74
678,55,59,90
678,60,64,95
678,65,69,99
678,70,74,98
678,75,79,126
678,80,84,127
678,85,999,108
682,0,4,4955
682,5,9,528
682,10,14,505
682,15,19,1241
682,20,24,1666
682,25,29,2020
682,30,34,2413
682,35,39,3827
682,40,44,6047
682,45,49,7639
682,50,54,8855
682,55,59,8956
682,60,64,8331
682,65,69,6108
682,70,74,5636
682,75,79,7343
682,80,84,8773
682,85,999,10002
686,0,4,21010
686,5,9,2595
686,10,14,1656
686,15,19,2090
686,20,24,2560
686,25,29,2406
686,30,34,2501
686,35,39,2484
686,40,44,2707
686,45,49,2844
686,50,54,3303
686,55,59,3785
686,60,64,4625
686,65,69,5737
686,70,74,7123
686,75,79,8112
686,80,84,6840
686,85,999,4243
688,0,4,403
688,5,9,32
688,10,14,22
688,15,19,55
688,20,24,106
688,25,29,157
688,30,34,272
688,35,39,436
688,40,44,791
688,45,49,1334
688,50,54,2362
688,55,59,4228
688,60,64,6811
688,65,69,11470
688,70,74,14202
688,75,79,17272
688,80,84,20051
688,85,999,24147
690,0,4,25
690,5,9,3
690,10,14,0
690,15,19,0
690,20,24,3
690,25,29,5
690,30,34,9
690,35,39,14
690,40,44,27
690,45,49,37
690,50,54,45
690,55,59,60
690,60,64,74
690,65,69,69
690,70,74,68
690,75,79,84
690,80,84,82
690,85,999,130
694,0,4,27821
694,5,9,2320
694,10,14,1409
694,15,19,1892
694,20,24,2070
694,25,29,1801
694,30,34,1739
694,35,39,1820
694,40,44,1996
694,45,49,2244
694,50,54,2661
694,55,59,3081
694,60,64,3650
694,65,69,4065
694,70,74,4784
694,75,79,4435
694,80,84,3122
694,85,999,2051
702,0,4,105
702,5,9,11
702,10,14,10
702,15,19,21
702,20,24,52
702,25,29,67
702,30,34,104
702,35,39,175
702,40,44,310
702,45,49,609
702,50,54,1125
702,55,59,1982
702,60,64,2960
702,65,69,3703
702,70,74,2835
702,75,79,2709
702,80,84,3481
702,85,999,6388
703,0,4,351
703,5,9,32
703,10,14,41
703,15,19,87
703,20,24,153
703,25,29,214
703,30,34,328
703,35,39,523
703,40,44,774
703,45,49,1166
703,50,54,1834
703,55,59,2892
703,60,64,4736
703,65,69,6076
703,70,74,6420
703,75,79,6906
703,80,84,7530
703,85,999,13074
704,0,4,32058
704,5,9,6532
704,10,14,4585
704,15,19,8077
704,20,24,11995
704,25,29,14646
704,30,34,15306
704,35,39,16731
704,40,44,20304
704,45,49,22842
704,50,54,29635
704,55,59,37643
704,60,64,51778
704,65,69,60196
704,70,74,56136
704,75,79,61955
704,80,84,72780
704,85,999,119115
705,0,4,51
705,5,9,5
705,10,14,5
705,15,19,8
705,20,24,14
705,25,29,22
705,30,34,38
705,35,39,66
705,40,44,125
705,45,49,211
705,50,54,424
705,55,59,748
705,60,64,1272
705,65,69,1918
705,70,74,2029
705,75,79,2773
705,80,84,3444
705,85,999,7444
706,0,4,82200
706,5,9,10766
706,10,14,5090
706,15,19,5768
706,20,24,6742
706,25,29,5470
706,30,34,5112
706,35,39,4690
706,40,44,4429
706,45,49,4206
706,50,54,4599
706,55,59,4951
706,60,64,5842
706,65,69,6754
706,70,74,6357
706,75,79,5673
706,80,84,4463
706,85,999,3121
710,0,4,42975
710,5,9,3123
710,10,14,3209
710,15,19,6714
710,20,24,12940
710,25,29,21552
710,30,34,28306
710,35,39,27829
710,40,44,23846
710,45,49,30570
710,50,54,39622
710,55,59,36796
710,60,64,35688
710,65,69,42029
710,70,74,42147
710,75,79,35366
710,80,84,27527
710,85,999,40092
716,0,4,25642
716,5,9,2885
716,10,14,2031
716,15,19,3371
716,20,24,4480
716,25,29,5127
716,30,34,6625
716,35,39,8239
716,40,44,7420
716,45,49,6498
716,50,54,5631
716,55,59,5631
716,60,64,7476
716,65,69,9016
716,70,74,7472
716,75,79,6050
716,80,84,4357
716,85,999,5794
724,0,4,1146
724,5,9,138
724,10,14,206
724,15,19,370
724,20,24,530
724,25,29,722
724,30,34,1022
724,35,39,1787
724,40,44,3122
724,45,49,5689
724,50,54,9753
724,55,59,14268
724,60,64,19000
724,65,69,23588
724,70,74,33128
724,75,79,41810
724,80,84,63440
724,85,999,196746
728,0,4,32352
728,5,9,10437
728,10,14,4791
728,15,19,4878
728,20,24,3992
728,25,29,3465
728,30,34,3422
728,35,39,4187
728,40,44,4676
728,45,49,4565
728,50,54,4506
728,55,59,4514
728,60,64,4845
728,65,69,4946
728,70,74,5380
728,75,79,4645
728,80,84,3059
728,85,999,1329
729,0,4,86470
729,5,9,12687
729,10,14,6860
729,15,19,9010
729,20,24,11200
729,25,29,10808
729,30,34,10391
729,35,39,9723
729,40,44,9003
729,45,49,8401
729,50,54,9844
729,55,59,11586
729,60,64,15895
729,65,69,18751
729,70,74,17945
729,75,79,14289
729,80,84,10693
729,85,999,11310
732,0,4,311
732,5,9,27
732,10,14,21
732,15,19,32
732,20,24,46
732,25,29,58
732,30,34,80
732,35,39,105
732,40,44,124
732,45,49,164
732,50,54,207
732,55,59,262
732,60,64,333
732,65,69,382
732,70,74,376
732,75,79,328
732,80,84,240
732,85,999,224
740,0,4,199
740,5,9,10
740,10,14,14
740,15,19,31
740,20,24,49
740,25,29,65
740,30,34,87
740,35,39,114
740,40,44,141
740,45,49,215
740,50,54,320
740,55,59,395
740,60,64,434
740,65,69,441
740,70,74,390
740,75,79,439
740,80,84,386
740,85,999,503
748,0,4,1464
748,5,9,149
748,10,14,125
748,15,19,223
748,20,24,356
748,25,29,551
748,30,34,682
748,35,39,747
748,40,44,684
748,45,49,652
748,50,54,677
748,55,59,696
748,60,64,765
748,65,69,807
748,70,74,664
748,75,79,497
748,80,84,367
748,85,999,373
752,0,4,289
752,5,9,33
752,10,14,40
752,15,19,133
752,20,24,269
752,25,29,344
752,30,34,346
752,35,39,405
752,40,44,539
752,45,49,790
752,50,54,1385
752,55,59,2124
752,60,64,3409
752,65,69,5426
752,70,74,9230
752,75,79,11590
752,80,84,14010
752,85,999,38340
756,0,4,326
756,5,9,34
756,10,14,27
756,15,19,85
756,20,24,156
756,25,29,162
756,30,34,208
756,35,39,269
756,40,44,445
756,45,49,737
756,50,54,1335
756,55,59,2077
756,60,64,2888
756,65,69,3909
756,70,74,6092
756,75,79,7741
756,80,84,10470
756,85,999,30828
760,0,4,8266
760,5,9,1175
760,10,14,1077
760,15,19,2510
760,20,24,3406
760,25,29,2295
760,30,34,2337
760,35,39,2683
760,40,44,3262
760,45,49,4175
760,50,54,5056
760,55,59,6128
760,60,64,7474
760,65,69,8984
760,70,74,10363
760,75,79,10314
760,80,84,9586
760,85,999,10836
762,0,4,8783
762,5,9,246
762,10,14,242
762,15,19,438
762,20,24,734
762,25,29,925
762,30,34,1121
762,35,39,1151
762,40,44,1257
762,45,49,1706
762,50,54,2399
762,55,59,3577
762,60,64,3987
762,65,69,3696
762,70,74,3221
762,75,79,3665
762,80,84,4063
762,85,999,4023
764,0,4,6139
764,5,9,906
764,10,14,1069
764,15,19,2377
764,20,24,4518
764,25,29,6250
764,30,34,8325
764,35,39,11013
764,40,44,14441
764,45,49,21234
764,50,54,30963
764,55,59,40824
764,60,64,50111
764,65,69,53797
764,70,74,54124
764,75,79,54539
764,80,84,55995
764,85,999,92467
768,0,4,17736
768,5,9,3606
768,10,14,1862
768,15,19,2453
768,20,24,2927
768,25,29,2725
768,30,34,2608
768,35,39,2556
768,40,44,2638
768,45,49,2654
768,50,54,2945
768,55,59,3259
768,60,64,3889
768,65,69,4468
768,70,74,4870
768,75,79,4285
768,80,84,2868
768,85,999,1439
772,0,4,0
772,5,9,0
772,10,14,0
772,15,19,0
772,20,24,0
772,25,29,0
772,30,34,0
772,35,39,0
772,40,44,0
772,45,49,0
772,50,54,0
772,55,59,0
772,60,64,0
772,65,69,0
772,70,74,0
772,75,79,0
772,80,84,0
772,85,999,0
776,0,4,29
776,5,9,5
776,10,14,5
776,15,19,13
776,20,24,15
776,25,29,15
776,30,34,15
776,35,39,19
776,40,44,22
776,45,49,32
776,50,54,43
776,55,59,48
776,60,64,55
776,65,69,65
776,70,74,77
776,75,79,86
776,80,84,87
776,85,999,100
780,0,4,338
780,5,9,23
780,10,14,25
780,15,19,59
780,20,24,115
780,25,29,175
780,30,34,242
780,35,39,320
780,40,44,370
780,45,49,473
780,50,54,681
780,55,59,1051
780,60,64,1297
780,65,69,1456
780,70,74,1379
780,75,79,1189
780,80,84,1019
780,85,999,1570
784,0,4,638
784,5,9,48
784,10,14,36
784,15,19,102
784,20,24,301
784,25,29,462
784,30,34,630
784,35,39,789
784,40,44,909
784,45,49,1034
784,50,54,1115
784,55,59,993
784,60,64,873
784,65,69,687
784,70,74,648
784,75,79,764
784,80,84,1714
784,85,999,1814
788,0,4,3540
788,5,9,333
788,10,14,296
788,15,19,457
788,20,24,718
788,25,29,874
788,30,34,983
788,35,39,1229
788,40,44,1642
788,45,49,1958
788,50,54,2904
788,55,59,4202
788,60,64,6092
788,65,69,7268
788,70,74,8271
788,75,79,9718
788,80,84,10111
788,85,999,13496
792,0,4,13369
792,5,9,416
792,10,14,554
792,15,19,1196
792,20,24,2104
792,25,29,2814
792,30,34,3918
792,35,39,5544
792,40,44,8304
792,45,49,12097
792,50,54,19902
792,55,59,26922
792,60,64,36337
792,65,69,45828
792,70,74,50374
792,75,79,57262
792,80,84,63679
792,85,999,74251
795,0,4,6079
795,5,9,217
795,10,14,130
795,15,19,269
795,20,24,513
795,25,29,723
795,30,34,926
795,35,39,1054
795,40,44,1330
795,45,49,1830
795,50,54,2448
795,55,59,3568
795,60,64,3962
795,65,69,3885
795,70,74,3280
795,75,79,3455
795,80,84,3757
795,85,999,3136
796,0,4,7
796,5,9,0
796,10,14,0
796,15,19,0
796,20,24,0
796,25,29,0
796,30,34,4
796,35,39,5
796,40,44,6
796,45,49,11
796,50,54,15
796,55,59,22
796,60,64,25
796,65,69,33
796,70,74,35
796,75,79,43
796,80,84,51
796,85,999,98
798,0,4,5
798,5,9,0
798,10,14,0
798,15,19,1
798,20,24,5
798,25,29,5
798,30,34,5
798,35,39,5
798,40,44,5
798,45,49,5
798,50,54,9
798,55,59,12
798,60,64,14
798,65,69,10
798,70,74,10
798,75,79,10
798,80,84,8
798,85,999,7
800,0,4,70906
800,5,9,6438
800,10,14,4856
800,15,19,7781
800,20,24,10458
800,25,29,11365
800,30,34,11286
800,35,39,11084
800,40,44,11569
800,45,49,12625
800,50,54,13108
800,55,59,12651
800,60,64,13119
800,65,69,14367
800,70,74,13782
800,75,79,10986
800,80,84,8015
800,85,999,5459
804,0,4,2728
804,5,9,354
804,10,14,263
804,15,19,472
804,20,24,1097
804,25,29,2136
804,30,34,4595
804,35,39,7173
804,40,44,11039
804,45,49,15228
804,50,54,20903
804,55,59,35235
804,60,64,50950
804,65,69,70436
804,70,74,60696
804,75,79,80651
804,80,84,106301
804,85,999,116272
807,0,4,153
807,5,9,11
807,10,14,6
807,15,19,12
807,20,24,19
807,25,29,34
807,30,34,53
807,35,39,83
807,40,44,139
807,45,49,257
807,50,54,512
807,55,59,953
807,60,64,1592
807,65,69,2303
807,70,74,2867
807,75,79,3444
807,80,84,3591
807,85,999,3736
818,0,4,50654
818,5,9,1814
818,10,14,2253
818,15,19,3065
818,20,24,4116
818,25,29,5831
818,30,34,7555
818,35,39,11172
818,40,44,14753
818,45,49,21424
818,50,54,36667
818,55,59,46412
818,60,64,63429
818,65,69,69089
818,70,74,77318
818,75,79,62612
818,80,84,57656
818,85,999,53728
826,0,4,3078
826,5,9,270
826,10,14,341
826,15,19,824
826,20,24,1605
826,25,29,2152
826,30,34,2833
826,35,39,4121
826,40,44,5353
826,45,49,9734
826,50,54,14799
826,55,59,20501
826,60,64,27649
826,65,69,39072
826,70,74,60506
826,75,79,72495
826,80,84,98068
826,85,999,221836
831,0,4,4
831,5,9,0
831,10,14,0
831,15,19,0
831,20,24,0
831,25,29,0
831,30,34,0
831,35,39,0
831,40,44,3
831,45,49,5
831,50,54,10
831,55,59,15
831,60,64,21
831,65,69,34
831,70,74,58
831,75,79,66
831,80,84,97
831,85,999,220
832,0,4,8
832,5,9,0
832,10,14,0
832,15,19,0
832,20,24,0
832,25,29,4
832,30,34,5
832,35,39,5
832,40,44,6
832,45,49,12
832,50,54,21
832,55,59,32
832,60,64,43
832,65,69,65
832,70,74,98
832,75,79,119
832,80,84,164
832,85,999,324
833,0,4,10
833,5,9,0
833,10,14,0
833,15,19,2
833,20,24,5
833,25,29,5
833,30,34,5
833,35,39,5
833,40,44,6
833,45,49,11
833,50,54,18
833,55,59,25
833,60,64,36
833,65,69,56
833,70,74,94
833,75,79,114
833,80,84,138
833,85,999,314
834,0,4,107887
834,5,9,9043
834,10,14,6223
834,15,19,8506
834,20,24,9749
834,25,29,9572
834,30,34,10530
834,35,39,12140
834,40,44,13208
834,45,49,13845
834,50,54,14999
834,55,59,16608
834,60,64,20551
834,65,69,24055
834,70,74,27029
834,75,79,22996
834,80,84,16849
834,85,999,16432
840,0,4,24594
840,5,9,2378
840,10,14,3315
840,15,19,10675
840,20,24,19739
840,25,29,26962
840,30,34,32828
840,35,39,39741
840,40,44,46030
840,45,49,66527
840,50,54,100504
840,55,59,162436
840,60,64,220919
840,65,69,254883
840,70,74,294459
840,75,79,318592
840,80,84,348650
840,85,999,804911
850,0,4,7
850,5,9,4
850,10,14,4
850,15,19,5
850,20,24,5
850,25,29,5
850,30,34,5
850,35,39,10
850,40,44,14
850,45,49,24
850,50,54,42
850,55,59,67
850,60,64,101
850,65,69,143
850,70,74,215
850,75,79,231
850,80,84,195
850,85,999,254
854,0,4,67323
854,5,9,9220
854,10,14,4774
854,15,19,6039
854,20,24,7296
854,25,29,6492
854,30,34,6104
854,35,39,5777
854,40,44,5561
854,45,49,5254
854,50,54,5851
854,55,59,6574
854,60,64,7719
854,65,69,8417
854,70,74,10333
854,75,79,10165
854,80,84,6962
854,85,999,3600
858,0,4,257
858,5,9,31
858,10,14,41
858,15,19,173
858,20,24,312
858,25,29,288
858,30,34,299
858,35,39,376
858,40,44,525
858,45,49,642
858,50,54,956
858,55,59,1514
858,60,64,2138
858,65,69,2724
858,70,74,3599
858,75,79,4476
858,80,84,5110
858,85,999,11025
860,0,4,11788
860,5,9,566
860,10,14,733
860,15,19,1357
860,20,24,2440
860,25,29,3344
860,30,34,4180
860,35,39,5013
860,40,44,6371
860,45,49,8503
860,50,54,12045
860,55,59,17642
860,60,64,21080
860,65,69,22313
860,70,74,18617
860,75,79,21373
860,80,84,22885
860,85,999,20191
862,0,4,9456
862,5,9,719
862,10,14,724
862,15,19,2204
862,20,24,4442
862,25,29,4879
862,30,34,4998
862,35,39,5546
862,40,44,6553
862,45,49,8116
862,50,54,11034
862,55,59,14818
862,60,64,19340
862,65,69,20651
862,70,74,21241
862,75,79,21477
862,80,84,25164
862,85,999,25303
876,0,4,1
876,5,9,0
876,10,14,0
876,15,19,0
876,20,24,0
876,25,29,0
876,30,34,0
876,35,39,0
876,40,44,0
876,45,49,0
876,50,54,1
876,55,59,5
876,60,64,5
876,65,69,9
876,70,74,11
876,75,79,10
876,80,84,12
876,85,999,12
882,0,4,114
882,5,9,14
882,10,14,10
882,15,19,18
882,20,24,20
882,25,29,20
882,30,34,20
882,35,39,22
882,40,44,34
882,45,49,45
882,50,54,62
882,55,59,82
882,60,64,99
882,65,69,111
882,70,74,118
882,75,79,133
882,80,84,120
882,85,999,132
887,0,4,61367
887,5,9,4149
887,10,14,2876
887,15,19,5957
887,20,24,9881
887,25,29,9611
887,30,34,8061
887,35,39,6948
887,40,44,6307
887,45,49,6525
887,50,54,7092
887,55,59,7925
887,60,64,8999
887,65,69,10657
887,70,74,13450
887,75,79,13456
887,80,84,10966
887,85,999,8319
894,0,4,41207
894,5,9,4148
894,10,14,2731
894,15,19,3557
894,20,24,4523
894,25,29,4928
894,30,34,5396
894,35,39,5805
894,40,44,5904
894,45,49,5653
894,50,54,5431
894,55,59,5227
894,60,64,5132
894,65,69,4957
894,70,74,5008
894,75,79,4614
894,80,84,3507
894,85,999,3000
900,0,4,5331013
900,5,9,737638
900,10,14,459346
900,15,19,656284
900,20,24,851324
900,25,29,941749
900,30,34,1051550
900,35,39,1200204
900,40,44,1431957
900,45,49,1870293
900,50,54,2573157
900,55,59,3278188
900,60,64,4310807
900,65,69,5275227
900,70,74,5662785
900,75,79,6037028
900,80,84,6464609
900,85,999,9805366
901,0,4,63633
901,5,9,6835
901,10,14,7796
901,15,19,22155
901,20,24,40626
901,25,29,58501
901,30,34,86170
901,35,39,119233
901,40,44,163136
901,45,49,240618
901,50,54,360673
901,55,59,583981
901,60,64,841889
901,65,69,1112529
901,70,74,1259827
901,75,79,1509061
901,80,84,1983731
901,85,999,4340885
902,0,4,5267380
902,5,9,730803
902,10,14,451550
902,15,19,634129
902,20,24,810698
902,25,29,883248
902,30,34,965380
902,35,39,1080971
902,40,44,1268821
902,45,49,1629675
902,50,54,2212484
902,55,59,2694207
902,60,64,3468918
902,65,69,4162698
902,70,74,4402958
902,75,79,4527967
902,80,84,4480878
902,85,999,5464481
903,0,4,3050244
903,5,9,523354
903,10,14,271908
903,15,19,318664
903,20,24,376943
903,25,29,376532
903,30,34,381127
903,35,39,389792
903,40,44,392599
903,45,49,401730
903,50,54,453319
903,55,59,488946
903,60,64,565348
903,65,69,629473
903,70,74,669780
903,75,79,615593
903,80,84,492008
903,85,999,443274
904,0,4,171368
904,5,9,16231
904,10,14,16106
904,15,19,40591
904,20,24,66236
904,25,29,75020
904,30,34,83976
904,35,39,98223
904,40,44,120134
904,45,49,150248
904,50,54,197864
904,55,59,256975
904,60,64,323469
904,65,69,384309
904,70,74,443081
904,75,79,481640
904,80,84,525465
904,85,999,806310
905,0,4,26445
905,5,9,2535
905,10,14,3513
905,15,19,11373
905,20,24,21032
905,25,29,28664
905,30,34,34848
905,35,39,42174
905,40,44,48970
905,45,49,70825
905,50,54,107637
905,55,59,174838
905,60,64,238470
905,65,69,277627
905,70,74,323742
905,75,79,351220
905,80,84,387495
905,85,999,911862
906,0,4,132507
906,5,9,26862
906,10,14,29415
906,15,19,37346
906,20,24,56999
906,25,29,88146
906,30,34,107012
906,35,39,112350
906,40,44,170127
906,45,49,329596
906,50,54,529569
906,55,59,574855
906,60,64,939482
906,65,69,1276646
906,70,74,1408097
906,75,79,1574500
906,80,84,1872680
906,85,999,3094948
908,0,4,33599
908,5,9,3780
908,10,14,3670
908,15,19,8980
908,20,24,16448
908,25,29,26485
908,30,34,46959
908,35,39,70844
908,40,44,103849
908,45,49,151929
908,50,54,228455
908,55,59,373751
908,60,64,551047
908,65,69,742709
908,70,74,794313
908,75,79,965549
908,80,84,1334539
908,85,999,2563340
909,0,4,14342
909,5,9,1446
909,10,14,1167
909,15,19,2436
909,20,24,3378
909,25,29,3494
909,30,34,3716
909,35,39,4488
909,40,44,5694
909,45,49,7992
909,50,54,10248
909,55,59,14005
909,60,64,17380
909,65,69,20798
909,70,74,26022
909,75,79,29118
909,80,84,33062
909,85,999,82138
910,0,4,809313
910,5,9,113883
910,10,14,69275
910,15,19,92995
910,20,24,114201
910,25,29,115919
910,30,34,119794
910,35,39,124290
910,40,44,127495
910,45,49,128812
910,50,54,136374
910,55,59,141093
910,60,64,157204
910,65,69,173078
910,70,74,179982
910,75,79,162273
910,80,84,127521
910,85,999,123251
911,0,4,594115
911,5,9,92474
911,10,14,46050
911,15,19,51017
911,20,24,60035
911,25,29,57209
911,30,34,54647
911,35,39,52242
911,40,44,52043
911,45,49,53370
911,50,54,58740
911,55,59,61841
911,60,64,68849
911,65,69,74360
911,70,74,80127
911,75,79,75713
911,80,84,58052
911,85,999,43911
912,0,4,178750
912,5,9,17880
912,10,14,11743
912,15,19,16185
912,20,24,21033
912,25,29,22998
912,30,34,25489
912,35,39,30992
912,40,44,36843
912,45,49,46777
912,50,54,69143
912,55,59,88132
912,60,64,119987
912,65,69,138935
912,70,74,151776
912,75,79,139545
912,80,84,130730
912,85,999,133991
913,0,4,55601
913,5,9,4276
913,10,14,4108
913,15,19,8283
913,20,24,15461
913,25,29,25108
913,30,34,32540
913,35,39,32465
913,40,44,28496
913,45,49,35164
913,50,54,44552
913,55,59,41965
913,60,64,41254
913,65,69,47537
913,70,74,46918
913,75,79,39264
913,80,84,30696
913,85,999,43740
914,0,4,1412465
914,5,9,294841
914,10,14,140732
914,15,19,150184
914,20,24,166213
914,25,29,155298
914,30,34,148657
914,35,39,149803
914,40,44,147722
914,45,49,137607
914,50,54,144510
914,55,59,155915
914,60,64,178054
914,65,69,195563
914,70,74,210977
914,75,79,198798
914,80,84,145009
914,85,999,98381
915,0,4,26225
915,5,9,2178
915,10,14,1728
915,15,19,3453
915,20,24,5182
915,25,29,5620
915,30,34,6121
915,35,39,6950
915,40,44,8505
915,45,49,11816
915,50,54,16953
915,55,59,22597
915,60,64,27435
915,65,69,32914
915,70,74,38171
915,75,79,41304
915,80,84,39080
915,85,999,60804
916,0,4,47249
916,5,9,4595
916,10,14,4900
916,15,19,14392
916,20,24,22525
916,25,29,25249
916,30,34,27132
916,35,39,30703
916,40,44,37214
916,45,49,45593
916,50,54,55656
916,55,59,69094
916,60,64,82705
916,65,69,92179
916,70,74,101893
916,75,79,109640
916,80,84,118394
916,85,999,233900
920,0,4,279048
920,5,9,33511
920,10,14,27536
920,15,19,51970
920,20,24,72087
920,25,29,78185
920,30,34,88681
920,35,39,110741
920,40,44,141446
920,45,49,192921
920,50,54,263278
920,55,59,339545
920,60,64,418275
920,65,69,469192
920,70,74,494211
920,75,79,525209
920,80,84,491484
920,85,999,540276
922,0,4,132892
922,5,9,10283
922,10,14,7969
922,15,19,16034
922,20,24,24393
922,25,29,24591
922,30,34,25219
922,35,39,28930
922,40,44,36476
922,45,49,47831
922,50,54,64279
922,55,59,80827
922,60,64,98272
922,65,69,116657
922,70,74,127707
922,75,79,142295
922,80,84,155146
922,85,999,175956
923,0,4,16963
923,5,9,2198
923,10,14,1748
923,15,19,3985
923,20,24,8183
923,25,29,16059
923,30,34,32800
923,35,39,49549
923,40,44,71393
923,45,49,94107
923,50,54,128777
923,55,59,218980
923,60,64,331906
923,65,69,440185
923,70,74,388753
923,75,79,425452
923,80,84,581943
923,85,999,797189
924,0,4,4275
924,5,9,412
924,10,14,525
924,15,19,1386
924,20,24,2615
924,25,29,3440
924,30,34,4377
924,35,39,6286
924,40,44,8495
924,45,49,14584
924,50,54,22788
924,55,59,33115
924,60,64,46507
924,65,69,66079
924,70,74,99695
924,75,79,119624
924,80,84,155271
924,85,999,355676
925,0,4,4488
925,5,9,451
925,10,14,574
925,15,19,1292
925,20,24,2005
925,25,29,2543
925,30,34,3543
925,35,39,5769
925,40,44,10500
925,45,49,18731
925,50,54,32269
925,55,59,49934
925,60,64,72093
925,65,69,101204
925,70,74,140754
925,75,79,188388
925,80,84,270453
925,85,999,646065
926,0,4,7873
926,5,9,719
926,10,14,823
926,15,19,2317
926,20,24,3645
926,25,29,4443
926,30,34,6239
926,35,39,9240
926,40,44,13461
926,45,49,24507
926,50,54,44621
926,55,59,71722
926,60,64,100541
926,65,69,135241
926,70,74,165111
926,75,79,232085
926,80,84,326872
926,85,999,764410
927,0,4,1363
927,5,9,135
927,10,14,173
927,15,19,608
927,20,24,1070
927,25,29,1237
927,30,34,1343
927,35,39,1773
927,40,44,2406
927,45,49,3864
927,50,54,4983
927,55,59,7684
927,60,64,10403
927,65,69,13696
927,70,74,18832
927,75,79,22765
927,80,84,28282
927,85,999,77917
928,0,4,12466
928,5,9,1260
928,10,14,959
928,15,19,1752
928,20,24,2208
928,25,29,2148
928,30,34,2264
928,35,39,2573
928,40,44,3099
928,45,49,3850
928,50,54,4859
928,55,59,5779
928,60,64,6333
928,65,69,6366
928,70,74,6425
928,75,79,5615
928,80,84,4098
928,85,999,3465
931,0,4,97894
931,5,9,9458
931,10,14,9478
931,15,19,22746
931,20,24,38529
931,25,29,44151
931,30,34,50723
931,35,39,60570
931,40,44,74415
931,45,49,92839
931,50,54,125255
931,55,59,165284
931,60,64,213329
931,65,69,259216
931,70,74,303017
931,75,79,330696
931,80,84,367991
931,85,999,511606
934,0,4,3197368
934,5,9,448272
934,10,14,291356
934,15,19,422979
934,20,24,551882
934,25,29,637155
934,30,34,724496
934,35,39,841103
934,40,44,1019253
934,45,49,1359915
934,50,54,1904198
934,55,59,2348190
934,60,64,3050743
934,65,69,3686905
934,70,74,3880871
934,75,79,4021564
934,80,84,4076261
934,85,999,5125736
935,0,4,2035015
935,5,9,190292
935,10,14,162982
935,15,19,274240
935,20,24,367287
935,25,29,431554
935,30,34,500924
935,35,39,594683
935,40,44,760711
935,45,49,1087569
935,50,54,1575634
935,55,59,1969673
935,60,64,2615093
935,65,69,3220311
935,70,74,3405847
935,75,79,3593908
935,80,84,3692040
935,85,999,4998442
941,0,4,2070012
941,5,9,282531
941,10,14,160194
941,15,19,211150
941,20,24,258816
941,25,29,246093
941,30,34,240884
941,35,39,239868
941,40,44,249568
941,45,49,269760
941,50,54,308286
941,55,59,346017
941,60,64,418175
941,65,69,475793
941,70,74,522087
941,75,79,506403
941,80,84,404617
941,85,999,338745
948,0,4,5145340
948,5,9,705999
948,10,14,423900
948,15,19,600588
948,20,24,759866
948,25,29,801922
948,30,34,866459
948,35,39,979366
948,40,44,1115318
948,45,49,1329114
948,50,54,1725337
948,55,59,2176206
948,60,64,2611592
948,65,69,3011090
948,70,74,3182319
948,75,79,3209220
948,80,84,2931112
948,85,999,3275539
954,0,4,326
954,5,9,32
954,10,14,20
954,15,19,43
954,20,24,60
954,25,29,64
954,30,34,66
954,35,39,83
954,40,44,107
954,45,49,156
954,50,54,230
954,55,59,298
954,60,64,347
954,65,69,390
954,70,74,362
954,75,79,279
954,80,84,234
954,85,999,271
957,0,4,187
957,5,9,19
957,10,14,15
957,15,19,33
957,20,24,40
957,25,29,45
957,30,34,43
957,35,39,59
957,40,44,82
957,45,49,122
957,50,54,176
957,55,59,244
957,60,64,297
957,65,69,346
957,70,74,403
957,75,79,459
957,80,84,448
957,85,999,485
1500,0,4,1614872
1500,5,9,238491
1500,10,14,129469
1500,15,19,166012
1500,20,24,204066
1500,25,29,189898
1500,30,34,176925
1500,35,39,168960
1500,40,44,170975
1500,45,49,176597
1500,50,54,197236
1500,55,59,211271
1500,60,64,245975
1500,65,69,276257
1500,70,74,311415
1500,75,79,301498
1500,80,84,236735
1500,85,999,186189
1501,0,4,3255663
1501,5,9,443797
1501,10,14,271226
1501,15,19,379718
1501,20,24,463620
1501,25,29,498132
1501,30,34,555710
1501,35,39,655730
1501,40,44,761496
1501,45,49,914015
1501,50,54,1206147
1501,55,59,1563413
1501,60,64,1878281
1501,65,69,2171638
1501,70,74,2231382
1501,75,79,2228030
1501,80,84,1977617
1501,85,999,1997686
1502,0,4,385922
1502,5,9,48076
1502,10,14,50016
1502,15,19,85385
1502,20,24,139001
1502,25,29,196368
1502,30,34,246961
1502,35,39,279879
1502,40,44,370098
1502,45,49,579705
1502,50,54,861453
1502,55,59,1030091
1502,60,64,1517032
1502,65,69,1961040
1502,70,74,2045316
1502,75,79,2195256
1502,80,84,2570975
1502,85,999,3569756
1503,0,4,64780
1503,5,9,6528
1503,10,14,7888
1503,15,19,22933
1503,20,24,40150
1503,25,29,52415
1503,30,34,66877
1503,35,39,89984
1503,40,44,122711
1503,45,49,191685
1503,50,54,297059
1503,55,59,458297
1503,60,64,649791
1503,65,69,845180
1503,70,74,1052959
1503,75,79,1290335
1503,80,84,1653768
1503,85,999,4026117
1517,0,4,3641585
1517,5,9,491873
1517,10,14,321242
1517,15,19,465103
1517,20,24,602621
1517,25,29,694500
1517,30,34,802671
1517,35,39,935609
1517,40,44,1131594
1517,45,49,1493720
1517,50,54,2067600
1517,55,59,2593504
1517,60,64,3395313
1517,65,69,4132678
1517,70,74,4276698
1517,75,79,4423286
1517,80,84,4548592
1517,85,999,5567442
1518,0,4,9776
1518,5,9,746
1518,10,14,747
1518,15,19,2236
1518,20,24,4487
1518,25,29,4936
1518,30,34,5077
1518,35,39,5651
1518,40,44,6677
1518,45,49,8291
1518,50,54,11262
1518,55,59,15116
1518,60,64,19728
1518,65,69,21112
1518,70,74,21713
1518,75,79,21909
1518,80,84,25514
1518,85,999,25618
1636,0,4,926490
1636,5,9,131656
1636,10,14,76461
1636,15,19,102921
1636,20,24,128598
1636,25,29,125814
1636,30,34,124360
1636,35,39,126445
1636,40,44,132214
1636,45,49,140619
1636,50,54,162265
1636,55,59,192340
1636,60,64,225586
1636,65,69,252017
1636,70,74,258399
1636,75,79,257432
1636,80,84,223180
1636,85,999,187749
1637,0,4,48691
1637,5,9,4386
1637,10,14,3371
1637,15,19,6271
1637,20,24,8824
1637,25,29,9338
1637,30,34,10150
1637,35,39,11635
1637,40,44,14192
1637,45,49,19126
1637,50,54,26694
1637,55,59,35030
1637,60,64,42281
1637,65,69,49359
1637,70,74,53959
1637,75,79,56108
1637,80,84,52619
1637,85,999,78061
1829,0,4,60044
1829,5,9,6315
1829,10,14,7183
1829,15,19,20353
1829,20,24,37480
1829,25,29,55149
1829,30,34,81807
1829,35,39,113018
1829,40,44,152819
1829,45,49,222754
1829,50,54,336092
1829,55,59,548589
1829,60,64,789517
1829,65,69,1020336
1829,70,74,1118055
1829,75,79,1316769
1829,80,84,1722034
1829,85,999,3475202
1830,0,4,171368
1830,5,9,16231
1830,10,14,16106
1830,15,19,40591
1830,20,24,66236
1830,25,29,75020
1830,30,34,83976
1830,35,39,98223
1830,40,44,120134
1830,45,49,150248
1830,50,54,197864
1830,55,59,256975
1830,60,64,323469
1830,65,69,384309
1830,70,74,443081
1830,75,79,481640
1830,80,84,525465
1830,85,999,806310
1831,0,4,1490568
1831,5,9,119636
1831,10,14,98062
1831,15,19,168890
1831,20,24,213808
1831,25,29,240632
1831,30,34,280012
1831,35,39,342662
1831,40,44,412662
1831,45,49,517221
1831,50,54,718508
1831,55,59,974446
1831,60,64,1159064
1831,65,69,1357816
1831,70,74,1375832
1831,75,79,1351904
1831,80,84,1172730
1831,85,999,1187262
1832,0,4,411555
1832,5,9,60373
1832,10,14,56951
1832,15,19,89316
1832,20,24,129086
1832,25,29,166331
1832,30,34,195693
1832,35,39,223091
1832,40,44,311573
1832,45,49,522517
1832,50,54,792847
1832,55,59,914400
1832,60,64,1357757
1832,65,69,1745838
1832,70,74,1902308
1832,75,79,2099709
1832,80,84,2364164
1832,85,999,3635224
1833,0,4,311642
1833,5,9,28163
1833,10,14,19712
1833,15,19,32219
1833,20,24,45426
1833,25,29,47589
1833,30,34,50708
1833,35,39,59922
1833,40,44,73319
1833,45,49,94608
1833,50,54,133422
1833,55,59,168959
1833,60,64,218259
1833,65,69,255592
1833,70,74,279483
1833,75,79,281840
1833,80,84,285876
1833,85,999,309947
1834,0,4,2871494
1834,5,9,505474
1834,10,14,260165
1834,15,19,302479
1834,20,24,355910
1834,25,29,353534
1834,30,34,355638
1834,35,39,358800
1834,40,44,355756
1834,45,49,354953
1834,50,54,384176
1834,55,59,400814
1834,60,64,445361
1834,65,69,490538
1834,70,74,518004
1834,75,79,476048
1834,80,84,361278
1834,85,999,309283
1835,0,4,12979
1835,5,9,1311
1835,10,14,994
1835,15,19,1828
1835,20,24,2308
1835,25,29,2257
1835,30,34,2373
1835,35,39,2715
1835,40,44,3288
1835,45,49,4128
1835,50,54,5265
1835,55,59,6321
1835,60,64,6977
1835,65,69,7102
1835,70,74,7190
1835,75,79,6353
1835,80,84,4780
1835,85,999,4221
1836,0,4,1363
1836,5,9,135
1836,10,14,173
1836,15,19,608
1836,20,24,1070
1836,25,29,1237
1836,30,34,1343
1836,35,39,1773
1836,40,44,2406
1836,45,49,3864
1836,50,54,4983
1836,55,59,7684
1836,60,64,10403
1836,65,69,13696
1836,70,74,18832
1836,75,79,22765
1836,80,84,28282
1836,85,999,77917
5500,0,4,33806
5500,5,9,1507
5500,10,14,1650
5500,15,19,2909
5500,20,24,5306
5500,25,29,7599
5500,30,34,9963
5500,35,39,11752
5500,40,44,15069
5500,45,49,20192
5500,50,54,27542
5500,55,59,40933
5500,60,64,49090
5500,65,69,51643
5500,70,74,44083
5500,75,79,49728
5500,80,84,55903
5500,85,999,46232
5501,0,4,1456762
5501,5,9,118129
5501,10,14,96412
5501,15,19,165981
5501,20,24,208502
5501,25,29,233033
5501,30,34,270049
5501,35,39,330910
5501,40,44,397593
5501,45,49,497029
5501,50,54,690966
5501,55,59,933513
5501,60,64,1109974
5501,65,69,1306173
5501,70,74,1331749
5501,75,79,1302176
5501,80,84,1116827
5501,85,999,1141030
