"ISOcode","cancer_type","distribution_method","risk_calculation","LRI_lifetime_risk","LRI_lifetime_risk_percent","LRI_variance","LRI_std_error","LRI_std_error_percent","LRI_ci_lower","LRI_ci_upper","LRI_ci_lower_percent","LRI_ci_upper_percent","LRI_n_age_groups","LRI_note","LRM_lifetime_risk","LRM_lifetime_risk_percent","LRM_variance","LRM_std_error","LRM_std_error_percent","LRM_ci_lower","LRM_ci_upper","LRM_ci_lower_percent","LRM_ci_upper_percent","LRM_n_age_groups","LRM_note"
578,"colon","Poisson","both",0.0935765973965078,9.35766,2.80851195000624e-06,0.00167586155454627,0.167586,0.0902919087495971,0.0968612860434184,9.029191,9.686129,18,"Success",0.0453725757933782,4.537258,1.53061492154117e-06,0.00123718023001549,0.123718,0.0429477025425478,0.0477974490442085,4.29477,4.779745,18,"Success"
208,"colon","Poisson","both",0.0890852138044489,8.908521,2.07937127904689e-06,0.00144200252393915,0.1442,0.0862588888575282,0.0919115387513696,8.625889,9.191154,18,"Success",0.0325460388589716,3.254604,8.69217776853078e-07,0.000932318495393649,0.093232,0.030718694608,0.0343733831099431,3.071869,3.437338,18,"Success"
702,"colon","Poisson","both",0.0787388326003042,7.873883,4.65001326494202e-06,0.00215638894101737,0.215639,0.0745123102759102,0.0829653549246983,7.451231,8.296535,18,"Success",0.0561461852788642,5.614619,4.01238061723778e-06,0.00200309276301368,0.200309,0.0522201234633574,0.060072247094371,5.222012,6.007225,18,"Success"
554,"colon","Poisson","both",0.0739603703491916,7.396037,2.6229652298228e-06,0.00161955710915756,0.161956,0.0707860384152428,0.0771347022831404,7.078604,7.71347,18,"Success",0.0384569832761301,3.845698,1.54223967261356e-06,0.00124186942655561,0.124187,0.0360229192000811,0.0408910473521791,3.602292,4.089105,18,"Success"
528,"colon","Poisson","both",0.0711417400981107,7.114174,5.39480026095265e-07,0.000734493040195253,0.073449,0.069702133739328,0.0725813464568934,6.970213,7.258135,18,"Success",0.0348310546520995,3.483105,3.18161505140092e-07,0.000564058068943342,0.056406,0.0337255008369705,0.0359366084672284,3.37255,3.593661,18,"Success"
392,"colon","Poisson","both",0.0677232407409259,6.772324,5.39679594528468e-08,0.000232310050262245,0.023231,0.0672679130424119,0.0681785684394399,6.726791,6.817857,18,"Success",0.0336288414311132,3.362884,2.89973665891182e-08,0.000170286131523146,0.017029,0.0332950806133278,0.0339626022488986,3.329508,3.39626,18,"Success"
191,"colon","Poisson","both",0.0638153383216502,6.381534,1.92889598496634e-06,0.00138884699840059,0.138885,0.061093198204785,0.0665374784385154,6.10932,6.653748,18,"Success",0.0423256060322021,4.232561,1.43921760519235e-06,0.00119967395787037,0.119967,0.0399742450747761,0.044676966989628,3.997425,4.467697,18,"Success"
620,"colon","Poisson","both",0.0636296916704695,6.362969,6.90674956441617e-07,0.000831068563020896,0.083107,0.0620007972869485,0.0652585860539904,6.20008,6.525859,18,"Success",0.0351551840258452,3.515518,4.24592927671189e-07,0.00065160795550023,0.065161,0.0338780324330647,0.0364323356186256,3.387803,3.643234,18,"Success"
380,"colon","Poisson","both",0.0620945056225192,6.209451,1.12656885880029e-07,0.000335643986807494,0.033564,0.0614366434083765,0.0627523678366619,6.143664,6.275237,18,"Success",0.0329998963507127,3.29999,6.44402153384977e-08,0.000253850773759896,0.025385,0.0325023488341433,0.0334974438672821,3.250235,3.349744,18,"Success"
348,"colon","Poisson","both",0.0615905214700281,6.159052,7.72917658802095e-07,0.000879157357247322,0.087916,0.0598673730498234,0.0633136698902329,5.986737,6.331367,18,"Success",0.0371734642586549,3.717346,5.26690702619571e-07,0.000725734595165183,0.072573,0.0357510244521311,0.0385959040651786,3.575102,3.85959,18,"Success"
724,"colon","Poisson","both",0.0609080033281923,6.0908,1.68370125339058e-07,0.000410329288912037,0.041033,0.0601037579219248,0.0617122487344599,6.010376,6.171225,18,"Success",0.0330752197216729,3.307522,1.02094189499441e-07,0.000319521813808449,0.031952,0.0324489569666084,0.0337014824767375,3.244896,3.370148,18,"Success"
352,"colon","Poisson","both",0.0603538722037618,6.035387,2.99722002602932e-05,0.00547468722944911,0.547469,0.0496234852340416,0.0710842591734821,4.962349,7.108426,16,"Success",0.0354813672788874,3.548137,1.96677264866092e-05,0.00443483105502444,0.443483,0.0267890984110395,0.0441736361467353,2.67891,4.417364,15,"Success"
858,"colon","Poisson","both",0.0603465270007451,6.034653,3.00567392706508e-06,0.00173368795550557,0.173369,0.0569484986079542,0.063744555393536,5.69485,6.374456,18,"Success",0.0405714516321448,4.057145,2.18893000909515e-06,0.00147950329810215,0.14795,0.0376716251678646,0.043471278096425,3.767163,4.347128,18,"Success"
300,"colon","Poisson","both",0.0597443867508583,5.974439,5.95145248621524e-07,0.000771456575979183,0.077146,0.0582323318619391,0.0612564416397775,5.823233,6.125644,18,"Success",0.0325162723969472,3.251627,3.45952295779408e-07,0.000588177095592312,0.058818,0.0313634452895863,0.0336690995043081,3.136345,3.36691,18,"Success"
924,"colon","Poisson","both",0.0589547306707784,5.895473,8.08698271041828e-08,0.000284376206993804,0.028438,0.0583973533050705,0.0595121080364862,5.839735,5.951211,18,"Success",0.0266822729260524,2.668227,4.09774359852108e-08,0.000202428841782022,0.020243,0.0262855123961596,0.0270790334559451,2.628551,2.707903,18,"Success"
36,"colon","Poisson","both",0.0588725687762663,5.887257,3.94411648913385e-07,0.000628022013080262,0.062802,0.0576416456306289,0.0601034919219036,5.764165,6.010349,18,"Success",0.0252529413542378,2.525294,2.01739533186879e-07,0.000449154242089373,0.044915,0.0243725990397426,0.0261332836687329,2.43726,2.613328,18,"Success"
925,"colon","Poisson","both",0.0582451712929574,5.824517,4.52310634071812e-08,0.000212675958695808,0.021268,0.0578283264139136,0.0586620161720012,5.782833,5.866202,18,"Success",0.0320881238195768,3.208812,2.74395074669788e-08,0.000165648747254481,0.016565,0.0317634522749581,0.0324127953641956,3.176345,3.24128,18,"Success"
752,"colon","Poisson","both",0.0575676843676936,5.756768,7.89285876832849e-07,0.000888417625237618,0.088842,0.0558263858222278,0.0593089829131593,5.582639,5.930898,18,"Success",0.0280329334104758,2.803293,4.24876102480583e-07,0.000651825208534146,0.065183,0.0267553560017488,0.0293105108192027,2.675536,2.931051,18,"Success"
826,"colon","Poisson","both",0.057417306203026,5.741731,1.28110099270205e-07,0.000357924711734472,0.035792,0.0567157737680265,0.0581188386380256,5.671577,5.811884,18,"Success",0.0261266494985828,2.612665,6.53993912371983e-08,0.000255733046822655,0.025573,0.0256254127268104,0.0266278862703552,2.562541,2.662789,18,"Success"
250,"colon","Poisson","both",0.0568217874280651,5.682179,1.14838250727246e-07,0.000338877928946761,0.033888,0.0561575866873294,0.0574859881688007,5.615759,5.748599,18,"Success",0.0297789098235685,2.977891,6.640246985178e-08,0.000257686766931831,0.025769,0.0292738437603821,0.0302839758867548,2.927384,3.028398,18,"Success"
372,"colon","Poisson","both",0.0566519735433803,5.665197,2.30118376325978e-06,0.00151696531379586,0.151697,0.0536787215283404,0.0596252255584202,5.367872,5.962523,18,"Success",0.0183240347003231,1.832403,8.71947579865294e-07,0.000933781334074147,0.093378,0.0164938232855378,0.0201542461151084,1.649382,2.015425,18,"Success"
442,"colon","Poisson","both",0.0556064410418723,5.560644,1.81628426800523e-05,0.00426178867144446,0.426179,0.0472533352458412,0.0639595468379034,4.725334,6.395955,18,"Success",0.0231431093788502,2.314311,7.73896130113961e-06,0.00278189886608763,0.27819,0.0176905876013185,0.028595631156382,1.769059,2.859563,18,"Success"
233,"colon","Poisson","both",0.0553266259663102,5.532663,5.14287367720391e-06,0.00226779048353324,0.226779,0.0508817566185851,0.0597714953140353,5.088176,5.97715,18,"Success",0.0320719001406264,3.20719,3.21616852390187e-06,0.00179336792764393,0.179337,0.0285568990024443,0.0355869012788085,2.85569,3.55869,18,"Success"
703,"colon","Poisson","both",0.0547743194434532,5.477432,1.72996015638372e-06,0.00131527949743913,0.131528,0.0521963716284726,0.0573522672584339,5.219637,5.735227,18,"Success",0.0348179226880402,3.481792,1.27443251450184e-06,0.00112890766429404,0.112891,0.0326052636660239,0.0370305817100565,3.260526,3.703058,18,"Success"
56,"colon","Poisson","both",0.0545126137746475,5.451261,6.3460614463471e-07,0.000796621707358461,0.079662,0.0529512352282249,0.05607399232107,5.295124,5.607399,18,"Success",0.0263168727936988,2.631687,3.44319082893783e-07,0.000586787084804858,0.058679,0.0251667701074813,0.0274669754799163,2.516677,2.746698,18,"Success"
470,"colon","Poisson","both",0.0543240124545426,5.432401,2.10635363409492e-05,0.00458950284246008,0.45895,0.0453285868833209,0.0633194380257644,4.532859,6.331944,18,"Success",0.0268334612938887,2.683346,1.15269114872592e-05,0.00339513055525987,0.339513,0.0201790054055793,0.033487917182198,2.017901,3.348792,18,"Success"
388,"colon","Poisson","both",0.0524992848111209,5.249928,8.51673575009244e-06,0.0029183446935022,0.291834,0.0467793292118566,0.0582192404103852,4.677933,5.821924,18,"Success",0.0372760933701771,3.727609,6.28262054010116e-06,0.0025065156173663,0.250652,0.0323633227601391,0.042188863980215,3.236332,4.218886,18,"Success"
926,"colon","Poisson","both",0.052077933682078,5.207793,3.28781972403131e-08,0.000181323460259044,0.018132,0.0517225396999703,0.0524333276641857,5.172254,5.243333,18,"Success",0.0254391237545466,2.543912,1.73411520862593e-08,0.000131685808218879,0.013169,0.0251810195704376,0.0256972279386556,2.518102,2.569723,18,"Success"
124,"colon","Poisson","both",0.0511134658678115,5.111347,2.26230188504089e-07,0.00047563661392295,0.047564,0.0501812181045225,0.0520457136311005,5.018122,5.204571,18,"Success",0.0347891559919075,3.478916,1.97230656137865e-07,0.000444106581957377,0.044411,0.033918707091271,0.0356596048925439,3.391871,3.56596,18,"Success"
376,"colon","Poisson","both",0.0508081094858988,5.080811,1.47078904898647e-06,0.00121276091996175,0.121276,0.0484310980827738,0.0531851208890239,4.84311,5.318512,18,"Success",0.0312035059653544,3.120351,1.03842522472574e-06,0.00101903151311711,0.101903,0.0292062041996449,0.0332008077310639,2.92062,3.320081,18,"Success"
192,"colon","Poisson","both",0.0496597911007886,4.965979,8.75044563696599e-07,0.000935438166687996,0.093544,0.0478263322940801,0.0514932499074971,4.782633,5.149325,18,"Success",0.0379077871659122,3.790779,7.38288550559876e-07,0.000859237191094447,0.085924,0.0362236822713671,0.0395918920604573,3.622368,3.959189,18,"Success"
981,"colon","Poisson","both",0.0495491184472198,4.954912,4.82070492102389e-09,6.94312964089242e-05,0.006943,0.0494130331062583,0.0496852037881813,4.941303,4.96852,18,"Success",0.0260909196234304,2.609092,2.90217844638771e-09,5.38718706412512e-05,0.005387,0.0259853307569736,0.0261965084898873,2.598533,2.619651,18,"Success"
600,"colon","Poisson","both",0.0494338075979907,4.943381,3.57843571941908e-06,0.00189167537368838,0.189168,0.0457261238655614,0.0531414913304199,4.572612,5.314149,18,"Success",0.0263143209171345,2.631432,2.14720624701203e-06,0.00146533485832148,0.146533,0.0234422645948244,0.0291863772394446,2.344226,2.918638,18,"Success"
246,"colon","Poisson","both",0.0479614514903928,4.796145,1.04937118174811e-06,0.0010243881987548,0.102439,0.0459536506208334,0.0499692523599522,4.595365,4.996925,18,"Success",0.0204820848025733,2.048208,4.76873851902318e-07,0.00069056053456762,0.069056,0.0191285861548208,0.0218355834503259,1.912859,2.183558,18,"Success"
705,"colon","Poisson","both",0.0478780296501936,4.787803,3.0290191741939e-06,0.00174040776089798,0.174041,0.0444668304388336,0.0512892288615536,4.446683,5.128923,18,"Success",0.0288751317459331,2.887513,2.17403846522024e-06,0.00147446209351758,0.147446,0.0259851860426387,0.0317650774492276,2.598519,3.176508,18,"Success"
616,"colon","Poisson","both",0.0471781731995702,4.717817,1.86826206616334e-07,0.000432233972075697,0.043223,0.0463309946143018,0.0480253517848386,4.633099,4.802535,18,"Success",0.0329842067290953,3.298421,1.44964651973932e-07,0.000380742238232025,0.038074,0.0322379519421605,0.03373046151603,3.223795,3.373046,18,"Success"
276,"colon","Poisson","both",0.0468406595745367,4.684066,6.50702020407615e-08,0.000255088616054816,0.025509,0.0463406858870692,0.0473406332620041,4.634069,4.734063,18,"Success",0.0218878998737685,2.18879,3.13186161190977e-08,0.00017697066457212,0.017697,0.0215410373712071,0.0222347623763298,2.154104,2.223476,18,"Success"
756,"colon","Poisson","both",0.0460762762033816,4.607628,7.61787289877661e-07,0.000872804267792992,0.08728,0.0443655798385073,0.0477869725682559,4.436558,4.778697,18,"Success",0.0204508466126744,2.045085,3.77303078478384e-07,0.000614250013006417,0.061425,0.0192469165871818,0.021654776638167,1.924692,2.165478,18,"Success"
203,"colon","Poisson","both",0.0456732280095182,4.567323,5.97405371302411e-07,0.000772920029047256,0.077292,0.0441583047525855,0.0471881512664508,4.41583,4.718815,18,"Success",0.0241745849522942,2.417458,3.5861056564081e-07,0.000598841018669238,0.059884,0.0230008565557025,0.0253483133488859,2.300086,2.534831,18,"Success"
196,"colon","Poisson","both",0.0452288528605632,4.522885,6.64473565409354e-06,0.00257773847666778,0.257774,0.0401764854462944,0.0502812202748321,4.017649,5.028122,18,"Success",0.0368448191131451,3.684482,6.27750636262992e-06,0.00250549523300882,0.25055,0.0319340484564478,0.0417555897698424,3.193405,4.175559,18,"Success"
474,"colon","Poisson","both",0.0441397220495699,4.413972,1.69310268036764e-05,0.00411473289578758,0.411473,0.0360748455738263,0.0522045985253136,3.607485,5.22046,16,"Success",0.0286844695064449,2.868447,1.28323582384839e-05,0.00358222811089466,0.358223,0.0216633024090914,0.0357056366037984,2.16633,3.570564,16,"Success"
52,"colon","Poisson","both",0.0441073087970336,4.410731,2.62436191264586e-05,0.00512285263563755,0.512285,0.034066517631184,0.0541480999628832,3.406652,5.41481,18,"Success",0.0366029128122851,3.660291,2.23278312824112e-05,0.00472523346327049,0.472523,0.027341455224275,0.0458643704002953,2.734146,4.586437,18,"Success"
32,"colon","Poisson","both",0.0432468409785782,4.324684,1.90387870083121e-07,0.000436334585018333,0.043633,0.0423916251919422,0.0441020567652141,4.239163,4.410206,18,"Success",0.0295405044862793,2.95405,1.45628207233879e-07,0.000381612640296255,0.038161,0.0287925437112987,0.03028846526126,2.879254,3.028847,18,"Success"
51,"colon","Poisson","both",0.0422295134801341,4.222951,2.96097348087188e-06,0.0017207479422832,0.172075,0.038856847513259,0.0456021794470092,3.885685,4.560218,18,"Success",0.0206504942590583,2.065049,1.60285254933426e-06,0.00126603813107436,0.126604,0.0181690595221526,0.0231319289959641,1.816906,2.313193,18,"Success"
915,"colon","Poisson","both",0.0417659761661515,4.176598,2.88684123457572e-07,0.000537293330926015,0.053729,0.0407128812375365,0.0428190710947665,4.071288,4.281907,18,"Success",0.0299845177683673,2.998452,2.26933492833442e-07,0.000476375369675471,0.047638,0.0290508220438034,0.0309182134929312,2.905082,3.091821,18,"Success"
100,"colon","Poisson","both",0.0414853814688206,4.148538,6.15208602366493e-07,0.000784352345802888,0.078435,0.0399480508710469,0.0430227120665942,3.994805,4.302271,18,"Success",0.0273469973772573,2.7347,4.54589405859053e-07,0.000674232456841891,0.067423,0.0260255017618472,0.0286684929926674,2.60255,2.866849,18,"Success"
112,"colon","Poisson","both",0.0413312182901563,4.133122,6.01502915854052e-07,0.000775566190504751,0.077557,0.039811108556767,0.0428513280235456,3.981111,4.285133,18,"Success",0.0212300447143608,2.123004,3.44814132758366e-07,0.000587208764204321,0.058721,0.0200791155365203,0.0223809738922013,2.007912,2.238097,18,"Success"
740,"colon","Poisson","both",0.0412668596969871,4.126686,3.03896849428322e-05,0.00551268400534914,0.551268,0.0304619990465028,0.0520717203474714,3.0462,5.207172,18,"Success",0.0247636804365162,2.476368,2.03797969171034e-05,0.0045143988433792,0.45144,0.015915458703493,0.0336119021695394,1.591546,3.36119,18,"Success"
410,"colon","Poisson","both",0.0411893281966667,4.118933,1.37722781193893e-07,0.000371110200875553,0.037111,0.0404619522029506,0.0419167041903828,4.046195,4.19167,18,"Success",0.0229774021903302,2.29774,9.95596172123251e-08,0.000315530691395188,0.031553,0.0223589620351956,0.0235958423454648,2.235896,2.359584,18,"Success"
643,"colon","Poisson","both",0.0409102241656621,4.091022,4.34963720850494e-08,0.000208557838704397,0.020856,0.0405014508018015,0.0413189975295228,4.050145,4.1319,18,"Success",0.0229062587426546,2.290626,2.92296930933647e-08,0.000170966935672851,0.017097,0.0225711635487358,0.0232413539365734,2.257116,2.324135,18,"Success"
923,"colon","Poisson","both",0.0408222413425005,4.082224,2.02364978321446e-08,0.000142255045014736,0.014226,0.0405434214542716,0.0411010612307294,4.054342,4.110106,18,"Success",0.0242992605326675,2.429926,1.40012680112936e-08,0.000118326953866368,0.011833,0.0240673397030894,0.0245311813622456,2.406734,2.453118,18,"Success"
642,"colon","Poisson","both",0.0407325634184049,4.073256,2.54092492618627e-07,0.000504075879822301,0.050408,0.0397445746939532,0.0417205521428566,3.974457,4.172055,18,"Success",0.0264068805604192,2.640688,1.82322488998023e-07,0.000426992375807839,0.042699,0.0255699755038358,0.0272437856170026,2.556998,2.724379,18,"Success"
152,"colon","Poisson","both",0.0406203163253848,4.062032,4.88075717157356e-07,0.000698624160158634,0.069862,0.0392510129714739,0.0419896196792957,3.925101,4.198962,18,"Success",0.0231902251593433,2.319023,3.05792258493867e-07,0.000552984862807172,0.055298,0.0221063748282413,0.0242740754904454,2.210637,2.427408,18,"Success"
630,"colon","Poisson","both",0.0402114039127636,4.02114,1.58044243224294e-06,0.00125715648677598,0.125716,0.0377473771986827,0.0426754306268445,3.774738,4.267543,18,"Success",0.0253581593191708,2.535816,1.1035304811636e-06,0.00105049059070684,0.105049,0.0232991977613854,0.0274171208769562,2.32992,2.741712,18,"Success"
780,"colon","Poisson","both",0.0397467214481834,3.974672,1.2539485844789e-05,0.00354111364471532,0.354111,0.0328061387045414,0.0466873041918255,3.280614,4.66873,18,"Success",0.0305502988129447,3.05503,1.02002848566982e-05,0.00319378848026888,0.319379,0.0242904733916177,0.0368101242342717,2.429047,3.681012,18,"Success"
332,"colon","Poisson","both",0.0394495977063684,3.94496,3.58411536825705e-06,0.00189317600033833,0.189318,0.0357389727457053,0.0431602226670316,3.573897,4.316022,18,"Success",0.0287527028062416,2.87527,2.66898905764077e-06,0.00163370409121137,0.16337,0.0255506427874673,0.0319547628250159,2.555064,3.195476,18,"Success"
316,"colon","Poisson","both",0.0393909803121252,3.939098,0.000118424698013653,0.0108823112441086,1.088231,0.0180616502736723,0.0607203103505782,1.806165,6.072031,18,"Success",0.0348916533653698,3.489165,0.000115786186655833,0.0107603990007729,1.07604,0.013801271323855,0.0559820354068846,1.380127,5.598204,18,"Success"
905,"colon","Poisson","both",0.0390480899867817,3.904809,1.75293755159131e-08,0.000132398548012858,0.01324,0.0387885888326765,0.0393075911408869,3.878859,3.930759,18,"Success",0.0186391236508554,1.863912,1.03791556850335e-08,0.000101878141350505,0.010188,0.0184394424938084,0.0188388048079024,1.843944,1.88388,18,"Success"
840,"colon","Poisson","both",0.0375213482800319,3.752135,1.86373555455233e-08,0.00013651870035099,0.013652,0.037253771627344,0.0377889249327198,3.725377,3.778892,18,"Success",0.0165657721123412,1.656577,9.96816728051036e-09,9.98407095352911e-05,0.009984,0.016370084321652,0.0167614599030303,1.637008,1.676146,18,"Success"
498,"colon","Poisson","both",0.036667489233263,3.666749,1.70208352459354e-06,0.00130463923158609,0.130464,0.0341103963393542,0.0392245821271717,3.41104,3.922458,18,"Success",0.0241969443565789,2.419694,1.28896522273734e-06,0.00113532604248178,0.113533,0.0219717053133146,0.0264221833998432,2.197171,2.642218,18,"Success"
608,"colon","Poisson","both",0.0366362456427483,3.663625,2.49344895095777e-07,0.000499344465370126,0.049934,0.0356575304906229,0.0376149607948738,3.565753,3.761496,18,"Success",0.027061612511568,2.706161,2.3381441301238e-07,0.000483543599908405,0.048354,0.0261138670557475,0.0280093579673885,2.611387,2.800936,18,"Success"
312,"colon","Poisson","both",0.036453960884436,3.645396,1.29332707294359e-05,0.00359628568518074,0.359629,0.0294052409414817,0.0435026808273902,2.940524,4.350268,18,"Success",0.0253833638636822,2.538336,1.09212596876133e-05,0.00330473292228182,0.330473,0.0189060873360099,0.0318606403913546,1.890609,3.186064,18,"Success"
638,"colon","Poisson","both",0.0358346298321035,3.583463,1.0283301898715e-05,0.00320675878399281,0.320676,0.0295493826154776,0.0421198770487294,2.954938,4.211988,18,"Success",0.0300338472139011,3.003385,1.08656099634127e-05,0.0032963024684353,0.32963,0.0235730943757679,0.0364946000520343,2.357309,3.64946,18,"Success"
688,"colon","Poisson","both",0.035763864337578,3.576386,5.73135035918139e-07,0.000757056824761616,0.075706,0.0342800329610452,0.0372476957141107,3.428003,3.72477,18,"Success",0.0227146200922608,2.271462,4.09551949886677e-07,0.000639962459747974,0.063996,0.0214602936711548,0.0239689465133668,2.146029,2.396895,18,"Success"
40,"colon","Poisson","both",0.0340321379934972,3.403214,4.61223160441902e-07,0.000679134125517119,0.067913,0.0327010351074836,0.0353632408795107,3.270104,3.536324,18,"Success",0.019206714546907,1.920671,2.89769602786782e-07,0.000538302519766332,0.05383,0.018151641608165,0.020261787485649,1.815164,2.026179,18,"Success"
954,"colon","Poisson","both",0.0332363148273693,3.323631,4.25800562499907e-05,0.00652533955055143,0.652534,0.0204466493082885,0.0460259803464501,2.044665,4.602598,18,"Success",0.0281831701875772,2.818317,4.13278906841543e-05,0.00642867721107183,0.642868,0.0155829628538764,0.040783377521278,1.558296,4.078338,18,"Success"
591,"colon","Poisson","both",0.033165067974939,3.316507,3.37396052775877e-06,0.00183683437679034,0.183683,0.0295648725964299,0.036765263353448,2.956487,3.676526,18,"Success",0.0183719389618151,1.837194,2.06531316977051e-06,0.00143711974788829,0.143712,0.0155551842559541,0.0211886936676762,1.555518,2.118869,18,"Success"
540,"colon","Poisson","both",0.0329812553798604,3.298126,2.590992861589e-05,0.0050901796251105,0.509018,0.0230045033146438,0.042958007445077,2.30045,4.295801,18,"Success",0.0147049785725547,1.470498,1.33391187678313e-05,0.00365227583402888,0.365228,0.00754651793785808,0.0218634392072513,0.754652,2.186344,18,"Success"
170,"colon","Poisson","both",0.0329047240866215,3.290472,2.5781151070009e-07,0.000507751426093606,0.050775,0.031909531291478,0.033899916881765,3.190953,3.389992,18,"Success",0.0210853679946491,2.108537,1.86694571467454e-07,0.000432081672218869,0.043208,0.0202384879171001,0.021932248072198,2.023849,2.193225,18,"Success"
214,"colon","Poisson","both",0.0328853645957052,3.288536,1.28554234811581e-06,0.00113381759913833,0.113382,0.030663082101394,0.0351076470900163,3.066308,3.510765,18,"Success",0.0190306687303433,1.903067,7.6411298185212e-07,0.000874135562628658,0.087414,0.0173173630275911,0.0207439744330955,1.731736,2.074397,18,"Success"
906,"colon","Poisson","both",0.0328713695534485,3.287137,4.13345336356243e-09,6.42919385581305e-05,0.006429,0.0327453573538746,0.0329973817530225,3.274536,3.299738,18,"Success",0.0184548005137487,1.84548,2.85456164919086e-09,5.34280979372358e-05,0.005343,0.0183500814417917,0.0185595195857057,1.835008,1.855952,18,"Success"
931,"colon","Poisson","both",0.0323966064240375,3.239661,2.25089197833437e-08,0.000150029729664969,0.015003,0.0321025481538942,0.0326906646941809,3.210255,3.269066,18,"Success",0.0202076271280291,2.020763,1.55259610054809e-08,0.000124603214266249,0.01246,0.0199634048280673,0.020451849427991,1.99634,2.045185,18,"Success"
96,"colon","Poisson","both",0.0316294418002594,3.162944,2.55851546778607e-05,0.00505817701132144,0.505818,0.0217154148580694,0.0415434687424494,2.171541,4.154347,18,"Success",0.02705314871466,2.705315,3.21346912557273e-05,0.00566874688584058,0.566875,0.0159424048184125,0.0381638926109076,1.59424,3.816389,18,"Success"
428,"colon","Poisson","both",0.0315934847942727,3.159348,1.82050159831951e-06,0.00134925964822176,0.134926,0.028948935883758,0.0342380337047873,2.894894,3.423803,18,"Success",0.0178795748552757,1.787957,1.10164065002096e-06,0.00104959070595207,0.104959,0.0158223770716097,0.0199367726389418,1.582238,1.993677,18,"Success"
440,"colon","Poisson","both",0.0313340453068171,3.133405,1.20298343853999e-06,0.00109680601682339,0.109681,0.0291843055138432,0.0334837850997909,2.918431,3.348379,18,"Success",0.0203963713267891,2.039637,8.4518864023027e-07,0.000919341416575078,0.091934,0.0185944621503019,0.0221982805032762,1.859446,2.219828,18,"Success"
862,"colon","Poisson","both",0.0310960232258969,3.109602,4.14389591246958e-07,0.000643730992920924,0.064373,0.0298343104797719,0.0323577359720219,2.983431,3.235774,18,"Success",0.0162912497783658,1.629125,2.48069594898612e-07,0.000498065853977777,0.049807,0.0153150407045694,0.0172674588521623,1.531504,1.726746,18,"Success"
76,"colon","Poisson","both",0.0301909464050205,3.019095,4.40199243108329e-08,0.000209809256971262,0.020981,0.0297797202613568,0.0306021725486841,2.977972,3.060217,18,"Success",0.0184646795156112,1.846468,2.92785002581564e-08,0.000171109614744924,0.017111,0.0181293046707111,0.0188000543605112,1.81293,1.880005,18,"Success"
499,"colon","Poisson","both",0.0299759860588223,2.997599,7.1024101895879e-06,0.00266503474453672,0.266503,0.0247525179595303,0.0351994541581142,2.475252,3.519945,18,"Success",0.0222384887927307,2.223849,6.05485542659387e-06,0.00246066158311009,0.246066,0.0174155920898349,0.0270613854956265,1.741559,2.706139,18,"Success"
44,"colon","Poisson","both",0.0297393318332411,2.973933,2.23792482428962e-05,0.00473067101402076,0.473067,0.0204672166457604,0.0390114470207218,2.046722,3.901145,18,"Success",0.0204240978741373,2.04241,1.34613930605727e-05,0.00366897711366161,0.366898,0.0132329027313606,0.0276152930169141,1.32329,2.761529,18,"Success"
188,"colon","Poisson","both",0.0291486691307197,2.914867,1.69023446581474e-06,0.00130009017603193,0.130009,0.0266004923856972,0.0316968458757423,2.660049,3.169685,18,"Success",0.0226522787903739,2.265228,1.46733927931699e-06,0.00121133780561699,0.121134,0.0202780566913646,0.0250265008893832,2.027806,2.50265,18,"Success"
900,"colon","Poisson","both",0.028976928006481,2.897693,1.13107243117697e-09,3.36314202967548e-05,0.003363,0.0289110104226993,0.0290428455902626,2.891101,2.904285,18,"Success",0.0167886994111711,1.67887,7.73000824882562e-10,2.78028923833935e-05,0.00278,0.0167342057420997,0.0168431930802426,1.673421,1.684319,18,"Success"
792,"colon","Poisson","both",0.0286394841714386,2.863948,9.1397968376274e-08,0.000302320969130945,0.030232,0.0280469350719419,0.0292320332709352,2.804694,2.923203,18,"Success",0.0206852811902544,2.068528,7.53350684401586e-08,0.000274472345492508,0.027447,0.0201473153930891,0.0212232469874197,2.014732,2.122325,18,"Success"
480,"colon","Poisson","both",0.0283392385551904,2.833924,5.30580194005899e-06,0.00230343264283091,0.230343,0.0238245105752418,0.032853966535139,2.382451,3.285397,18,"Success",0.0172001614449991,1.720016,4.01260940241413e-06,0.00200314987018299,0.200315,0.0132739876994405,0.0211263351905578,1.327399,2.112634,18,"Success"
434,"colon","Poisson","both",0.0283353303794355,2.833533,2.74614097958208e-06,0.00165714844826349,0.165715,0.0250873194208391,0.0315833413380319,2.508732,3.158334,18,"Success",0.0307537735075704,3.075377,3.572697680522e-06,0.00189015810992678,0.189016,0.0270490636121139,0.0344584834030269,2.704906,3.445848,18,"Success"
328,"colon","Poisson","both",0.0278340777533231,2.783408,2.37811962356427e-05,0.00487659678829845,0.48766,0.0182759480482582,0.0373922074583881,1.827595,3.739221,18,"Success",0.0168716821150914,1.687168,1.44372845126675e-05,0.00379964268223572,0.379964,0.00942438245790937,0.0243189817722734,0.942438,2.431898,18,"Success"
254,"colon","Poisson","both",0.0277551233126099,2.775512,3.82002140797525e-05,0.00618063217476598,0.618063,0.0156410842500686,0.0398691623751513,1.564108,3.986916,17,"Success",0.0185909543838179,1.859095,3.73660489608959e-05,0.00611277751606386,0.611278,0.00660991045233271,0.030571998315303,0.660991,3.0572,17,"Success"
218,"colon","Poisson","both",0.0275466409568982,2.754664,7.42542611446877e-07,0.000861709122295266,0.086171,0.0258576910771994,0.0292355908365969,2.585769,2.923559,18,"Success",0.0175279875395665,1.752799,5.26368172706624e-07,0.000725512351863581,0.072551,0.0161059833299139,0.0189499917492192,1.610598,1.894999,18,"Success"
48,"colon","Poisson","both",0.0270711190357376,2.707112,2.11454096224731e-05,0.00459841381592317,0.459841,0.0180582279565282,0.036084010114947,1.805823,3.608401,18,"Success",0.0129210799644096,1.292108,1.08127621820405e-05,0.00328827647591265,0.328828,0.00647605807162079,0.0193661018571984,0.647606,1.93661,18,"Success"
70,"colon","Poisson","both",0.0269720494925088,2.697205,9.32750848768537e-07,0.000965790271626577,0.096579,0.0250791005601207,0.0288649984248969,2.50791,2.8865,18,"Success",0.0178451984938352,1.78452,7.26291426387416e-07,0.000852227332574716,0.085223,0.0161748329219887,0.0195155640656816,1.617483,1.951556,18,"Success"
662,"colon","Poisson","both",0.0264225189787139,2.642252,4.57384077912138e-05,0.00676301765421426,0.676302,0.0131670043764539,0.0396780335809738,1.3167,3.967803,18,"Success",0.0218345077269573,2.183451,4.2211416439201e-05,0.00649703135587331,0.649703,0.00910032626944561,0.034568689184469,0.910033,3.456869,18,"Success"
156,"colon","Poisson","both",0.0263281319985652,2.632813,4.13193548920812e-09,6.42801329277415e-05,0.006428,0.0262021429380268,0.0264541210591036,2.620214,2.645412,18,"Success",0.0152133336107226,1.521333,3.07968642132035e-09,5.54949224823348e-05,0.005549,0.0151045635626573,0.015322103658788,1.510456,1.53221,18,"Success"
804,"colon","Poisson","both",0.0261390730497416,2.613907,8.02414733087076e-08,0.000283269259378259,0.028327,0.0255838653013602,0.026694280798123,2.558387,2.669428,18,"Success",0.0149277083041366,1.492771,5.1547053980337e-08,0.000227039762993924,0.022704,0.0144827103686685,0.0153727062396047,1.448271,1.537271,18,"Success"
275,"colon","Poisson","both",0.0260511433101918,2.605114,4.44966766286708e-06,0.00210942353804708,0.210942,0.0219166731756195,0.030185613444764,2.191667,3.018561,18,"Success",0.0190657903763349,1.906579,3.9681192219708e-06,0.00199201386088822,0.199201,0.015161443208994,0.0229701375436758,1.516144,2.297014,18,"Success"
458,"colon","Poisson","both",0.0259824344267717,2.598243,3.69142243375549e-07,0.000607570772318377,0.060757,0.0247915957130277,0.0271732731405157,2.47916,2.717327,18,"Success",0.0190955557966908,1.909556,3.51936621789598e-07,0.000593242464587287,0.059324,0.0179328005660997,0.0202583110272819,1.79328,2.025831,18,"Success"
807,"colon","Poisson","both",0.0259298336161621,2.592983,1.94384331276271e-06,0.00139421781395975,0.139422,0.023197166700801,0.0286625005315232,2.319717,2.86625,18,"Success",0.0184428603514115,1.844286,1.5750441507861e-06,0.00125500762977207,0.125501,0.0159830453970582,0.0209026753057647,1.598305,2.090268,18,"Success"
882,"colon","Poisson","both",0.0257845673224363,2.578457,3.71072385505059e-05,0.00609157110690714,0.609157,0.0138450879528983,0.0377240466919743,1.384509,3.772405,18,"Success",0.0153857436385316,1.538574,2.80031977128687e-05,0.00529180476896764,0.52918,0.00501380629135501,0.0257576809857082,0.501381,2.575768,18,"Success"
558,"colon","Poisson","both",0.0257749264215759,2.577493,2.7841668750109e-06,0.00166858229494709,0.166858,0.0225045051234796,0.0290453477196721,2.250451,2.904535,18,"Success",0.0158560266091425,1.585603,1.74733192300008e-06,0.00132186683255163,0.132187,0.0132651676173413,0.0184468856009437,1.326517,1.844689,18,"Success"
12,"colon","Poisson","both",0.0248580671507381,2.485807,2.85576475819908e-07,0.000534393558924421,0.053439,0.0238106557752462,0.0259054785262299,2.381066,2.590548,18,"Success",0.0195688938792878,1.956889,2.78123429422729e-07,0.000527374088691063,0.052737,0.0185352406654533,0.0206025470931222,1.853524,2.060255,18,"Success"
922,"colon","Poisson","both",0.0248091268929805,2.480913,4.07227168754874e-08,0.00020179870384987,0.02018,0.0244136014334347,0.0252046523525262,2.44136,2.520465,18,"Success",0.0172853608946588,1.728536,3.25631182993141e-08,0.000180452537525284,0.018045,0.0169316739211092,0.0176390478682084,1.693167,1.763905,18,"Success"
604,"colon","Poisson","both",0.0247994045379888,2.47994,2.08187824299098e-07,0.000456276039584699,0.045628,0.0239051035004028,0.0256937055755748,2.39051,2.569371,18,"Success",0.0147470130442776,1.474701,1.33614095278769e-07,0.000365532618624889,0.036553,0.0140305691117728,0.0154634569767823,1.403057,1.546346,18,"Success"
982,"colon","Poisson","both",0.0227521427468508,2.275214,2.13446567635023e-09,4.62002778817425e-05,0.00462,0.0226615902022026,0.022842695291499,2.266159,2.28427,18,"Success",0.0139023204626062,1.390232,1.6233529947192e-09,4.02908549762747e-05,0.004029,0.0138233503868527,0.0139812905383597,1.382335,1.398129,18,"Success"
222,"colon","Poisson","both",0.0226836802312382,2.268368,1.52039063187942e-06,0.00123304121256324,0.123304,0.0202669194546142,0.0251004410078621,2.026692,2.510044,18,"Success",0.0137825628024472,1.378256,9.52625430796976e-07,0.000976025322825682,0.097603,0.0118695531697088,0.0156955724351855,1.186955,1.569557,18,"Success"
400,"colon","Poisson","both",0.0225703951683748,2.25704,1.59785908322191e-06,0.00126406450912203,0.126406,0.0200928287304956,0.0250479616062539,2.009283,2.504796,18,"Success",0.0150893855262738,1.508939,1.3842789620755e-06,0.00117655385005341,0.117655,0.0127833399801691,0.0173954310723785,1.278334,1.739543,18,"Success"
422,"colon","Poisson","both",0.0223806467725385,2.238065,1.15592867027405e-06,0.00107514123271041,0.107514,0.0202733699564261,0.0244879235886509,2.027337,2.448792,18,"Success",0.015702770590747,1.570277,9.57202407239157e-07,0.000978367214924518,0.097837,0.0137851708494949,0.0176203703319991,1.378517,1.762037,18,"Success"
258,"colon","Poisson","both",0.0216334930428882,2.163349,3.84890921116424e-05,0.00620395777803511,0.620396,0.00947373579793935,0.033793250287837,0.947374,3.379325,18,"Success",0.00784070693838813,0.784071,5.58477478130971e-06,0.00236321280914557,0.236321,0.00320880983246281,0.0124726040443135,0.320881,1.24726,18,"Success"
957,"colon","Poisson","both",0.0206944649779021,2.069446,1.02887767279924e-05,0.0032076123094901,0.320761,0.0144075448513015,0.0269813851045027,1.440754,2.698139,18,"Success",0.00977673324303179,0.977673,3.66504165866322e-06,0.00191442985211348,0.191443,0.00602445073288938,0.0135290157531742,0.602445,1.352902,18,"Success"
916,"colon","Poisson","both",0.0202420244476578,2.024202,4.93628707362522e-08,0.000222177565780733,0.022218,0.0198065564187275,0.020677492476588,1.980656,2.067749,18,"Success",0.0132384311097504,1.323843,3.57398029842257e-08,0.000189049736800202,0.018905,0.012867893625622,0.0136089685938788,1.286789,1.360897,18,"Success"
414,"colon","Poisson","both",0.0200346711422045,2.003467,3.96452065178579e-06,0.00199111040672932,0.199111,0.016132094745015,0.0239372475393939,1.613209,2.393725,18,"Success",0.012009813999541,1.200981,3.01839346432969e-06,0.00173735242951155,0.173735,0.00860460323769832,0.0154150247613836,0.86046,1.541502,18,"Success"
764,"colon","Poisson","both",0.0197825803691884,1.978258,5.93760748094612e-08,0.000243672064072723,0.024367,0.0193049831236059,0.020260177614771,1.930498,2.026018,18,"Success",0.0128415656607309,1.284157,4.81414506996609e-08,0.000219411601105459,0.021941,0.0124115189225642,0.0132716123988976,1.241152,1.327161,18,"Success"
320,"colon","Poisson","both",0.0197502018463038,1.97502,8.91580342123392e-07,0.000944235321370363,0.094424,0.0178995006164179,0.0216009030761897,1.78995,2.16009,18,"Success",0.0122666452530413,1.226665,5.66415788091651e-07,0.000752605997911026,0.075261,0.0107915374971357,0.0137417530089469,1.079154,1.374175,18,"Success"
484,"colon","Poisson","both",0.0192817598936015,1.928176,5.80895556962685e-08,0.000241017749753558,0.024102,0.0188093651040845,0.0197541546831185,1.880937,1.975415,18,"Success",0.01252515681739,1.252516,4.22657930282904e-08,0.000205586461198909,0.020559,0.0121222073534401,0.0129281062813398,1.212221,1.292811,18,"Success"
84,"colon","Poisson","both",0.0188488042398775,1.88488,3.25290268825563e-05,0.00570342238332006,0.570342,0.00767009636857018,0.0300275121111848,0.76701,3.002751,18,"Success",0.0183278752704449,1.832788,3.23952744729916e-05,0.00569168467793075,0.569168,0.00717217330170066,0.0294835772391892,0.717217,2.948358,18,"Success"
31,"colon","Poisson","both",0.018706703443695,1.87067,7.85679085350073e-07,0.00088638540452225,0.088639,0.0169693880508314,0.0204440188365587,1.696939,2.044402,18,"Success",0.0109178528912046,1.091785,5.2909084953211e-07,0.000727386313819631,0.072739,0.00949217571611808,0.012343530066291,0.949218,1.234353,18,"Success"
760,"colon","Poisson","both",0.0184371611020036,1.843716,6.4770637284411e-07,0.000804802070601282,0.08048,0.0168597490436251,0.0200145731603821,1.685975,2.001457,18,"Success",0.0126732676992206,1.267327,4.55285081078615e-07,0.000674748161226553,0.067475,0.0113507613032165,0.0139957740952246,1.135076,1.399577,18,"Success"
682,"colon","Poisson","both",0.0181842183074417,1.818422,5.63094579885737e-07,0.000750396281897596,0.07504,0.0167134415949224,0.019654995019961,1.671344,1.9655,18,"Success",0.0120346793751749,1.203468,4.75666803636581e-07,0.00068968601815361,0.068969,0.0106828947795938,0.0133864639707559,1.068289,1.338646,18,"Success"
784,"colon","Poisson","both",0.0179629235005849,1.796292,4.47036905050331e-06,0.00211432472683439,0.211432,0.0138188470359895,0.0221069999651803,1.381885,2.2107,18,"Success",0.0101327747358937,1.013277,3.65090628052425e-06,0.0019107344871866,0.191073,0.00638773514100795,0.0138778143307794,0.638774,1.387781,18,"Success"
364,"colon","Poisson","both",0.0179564916938248,1.795649,8.29784015737824e-08,0.000288059718762937,0.028806,0.0173918946450494,0.0185210887426001,1.739189,1.852109,18,"Success",0.0163389926585998,1.633899,1.18705661584675e-07,0.000344536879861467,0.034454,0.0156637003740713,0.0170142849431282,1.56637,1.701428,18,"Success"
462,"colon","Poisson","both",0.0176749302020556,1.767493,3.00433085026076e-05,0.00548117765654495,0.548118,0.00693182199522755,0.0284180384088837,0.693182,2.841804,18,"Success",0.0155938852309759,1.559389,2.95408751479363e-05,0.0054351518054178,0.543515,0.00494098769235704,0.0262467827695948,0.494099,2.624678,18,"Success"
398,"colon","Poisson","both",0.0176057357308,1.760574,2.97845710944423e-07,0.000545752426421013,0.054575,0.0165360609750149,0.0186754104865852,1.653606,1.867541,18,"Success",0.0120043206680252,1.200432,2.45921872594317e-07,0.000495905104424544,0.049591,0.0110323466633531,0.0129762946726973,1.103235,1.297629,18,"Success"
920,"colon","Poisson","both",0.0174788007974909,1.74788,9.86969095003687e-09,9.93463182510397e-05,0.009935,0.0172840820137188,0.0176735195812629,1.728408,1.767352,18,"Success",0.0120728242964227,1.207282,8.55356944663691e-09,9.24855093873462e-05,0.009249,0.0118915526980235,0.0122540958948219,1.189155,1.22541,18,"Success"
408,"colon","Poisson","both",0.0169745158749213,1.697452,1.30156081528397e-07,0.000360771508753667,0.036077,0.0162674037177641,0.0176816280320784,1.62674,1.768163,18,"Success",0.010452008572196,1.045201,8.02473691197407e-08,0.000283279665912929,0.028328,0.00989678042700669,0.0110072367173854,0.989678,1.100724,18,"Success"
268,"colon","Poisson","both",0.0169425509689758,1.694255,6.49607878436372e-07,0.000805982554672477,0.080598,0.0153628251618178,0.0185222767761339,1.536283,1.852228,18,"Success",0.0109631535929603,1.096315,4.71526329352654e-07,0.000686677747821097,0.068668,0.00961726520723093,0.0123090419786896,0.961727,1.230904,18,"Success"
634,"colon","Poisson","both",0.0168371885747294,1.683719,1.70058232508339e-05,0.00412381173804453,0.412381,0.00875451756816216,0.0249198595812967,0.875452,2.491986,18,"Success",0.0112422090696288,1.124221,1.57793405575128e-05,0.00397232180940981,0.397232,0.00345645832318555,0.019027959816072,0.345646,1.902796,18,"Success"
504,"colon","Poisson","both",0.0152280433166571,1.522804,1.78791320454906e-07,0.000422837226902867,0.042284,0.0143992823519275,0.0160568042813868,1.439928,1.60568,18,"Success",0.011071923273945,1.107192,1.63096759113136e-07,0.000403852397681549,0.040385,0.0102803725744892,0.0118634739734008,1.028037,1.186347,18,"Success"
340,"colon","Poisson","both",0.0147095825823756,1.470958,1.59029549188501e-06,0.0012610691860025,0.126107,0.0122378869778107,0.0171812781869405,1.223789,1.718128,18,"Success",0.0128660192628565,1.286602,1.75707097162718e-06,0.00132554553736459,0.132555,0.0102679500096219,0.0154640885160911,1.026795,1.546409,18,"Success"
418,"colon","Poisson","both",0.0146005732056863,1.460057,1.01983732160248e-06,0.00100986995281694,0.100987,0.0126212280981651,0.0165799183132075,1.262123,1.657992,18,"Success",0.010234862114304,1.023486,8.77590713126383e-07,0.000936798117593317,0.09368,0.00839873780382107,0.0120709864247869,0.839874,1.207099,18,"Success"
512,"colon","Poisson","both",0.0141169254228737,1.411693,2.92416522576937e-06,0.00171001907175603,0.171002,0.0107652880422318,0.0174685628035155,1.076529,1.746856,18,"Success",0.0103486256136025,1.034863,2.64567908026449e-06,0.00162655435822615,0.162655,0.00716057907147929,0.0135366721557258,0.716058,1.353667,18,"Success"
788,"colon","Poisson","both",0.0135302554878379,1.353026,3.46871470771018e-07,0.000588957953313322,0.058896,0.0123758978993438,0.014684613076332,1.23759,1.468461,18,"Success",0.0094241651815696,0.942417,3.10192332388186e-07,0.000556949129084682,0.055695,0.00833254488856363,0.0105157854745756,0.833254,1.051579,18,"Success"
912,"colon","Poisson","both",0.0128254258686483,1.282543,2.97635419052774e-08,0.000172521134662619,0.017252,0.0124872844447095,0.013163567292587,1.248728,1.316357,18,"Success",0.0099641082188291,0.996411,2.94596574720608e-08,0.000171638158554736,0.017164,0.00962769742806182,0.0103005190095964,0.96277,1.030052,18,"Success"
116,"colon","Poisson","both",0.0128147528142377,1.281475,3.94640562939441e-07,0.000628204236645568,0.06282,0.0115834725104124,0.014046033118063,1.158347,1.404603,18,"Success",0.0092227930878656,0.922279,3.51751111712106e-07,0.000593086091315676,0.059309,0.00806034434888687,0.0103852418268443,0.806034,1.038524,18,"Success"
242,"colon","Poisson","both",0.012686120100422,1.268612,7.19269280216165e-06,0.00268191961142791,0.268192,0.00742955766202326,0.0179426825388207,0.742956,1.794268,18,"Success",0.00936073360096204,0.936073,6.58713976612107e-06,0.00256654237567219,0.256654,0.00433031054464454,0.0143911566572795,0.433031,1.439116,18,"Success"
710,"colon","Poisson","both",0.0126581535087327,1.265815,7.2227847016417e-08,0.00026875238978736,0.026875,0.0121313988247495,0.013184908192716,1.21314,1.318491,18,"Success",0.0145866979330181,1.45867,1.08258901350496e-07,0.000329027204575086,0.032903,0.0139418046120509,0.0152315912539852,1.39418,1.523159,18,"Success"
704,"colon","Poisson","both",0.0125111621269147,1.251116,3.91276651442938e-08,0.000197807141287401,0.019781,0.0121234601299914,0.012898864123838,1.212346,1.289886,18,"Success",0.00826511238655117,0.826511,3.21571307404504e-08,0.000179324094143677,0.017932,0.00791363716202956,0.00861658761107278,0.791364,0.861659,18,"Success"
360,"colon","Poisson","both",0.0123528189286294,1.235282,1.69932816872068e-08,0.000130358282004661,0.013036,0.0120973166959002,0.0126083211613585,1.209732,1.260832,18,"Success",0.00854912690859777,0.854913,1.47054404915157e-08,0.000121265990663152,0.012127,0.00831144556689799,0.00878680825029754,0.831145,0.878681,18,"Success"
8,"colon","Poisson","both",0.0121805829852275,1.218058,7.76485973299047e-07,0.000881184415034133,0.088118,0.0104534615317606,0.0139077044386944,1.045346,1.39077,18,"Success",0.00777103408139228,0.777103,5.25394508750685e-07,0.000724841023087604,0.072484,0.00635034567614057,0.00919172248664398,0.635035,0.919172,18,"Success"
68,"colon","Poisson","both",0.01214643671685,1.214644,4.41327371846292e-07,0.000664324748783523,0.066432,0.0108443602092343,0.0134485132244657,1.084436,1.344851,18,"Success",0.0091152189542129,0.911522,3.47402431067393e-07,0.000589408543429252,0.058941,0.00795997820909157,0.0102704596993342,0.795998,1.027046,18,"Success"
913,"colon","Poisson","both",0.0121110304118482,1.211103,6.32657759839414e-08,0.000251526889186706,0.025153,0.0116180377090423,0.0126040231146542,1.161804,1.260402,18,"Success",0.0137848141231246,1.378481,9.39674262185164e-08,0.000306541067751968,0.030654,0.0131839936303307,0.0143856346159184,1.318399,1.438563,18,"Success"
928,"colon","Poisson","both",0.0113435412494705,1.134354,7.10164622394627e-07,0.000842712657075131,0.084271,0.00969182444160327,0.0129952580573378,0.969182,1.299526,18,"Success",0.00797953656349745,0.797954,5.86425004887407e-07,0.000765783915270755,0.076578,0.00647860008956677,0.00948047303742813,0.64786,0.948047,18,"Success"
496,"colon","Poisson","both",0.0109843134572464,1.098431,1.54850571022296e-06,0.00124438969387526,0.124439,0.00854530965725085,0.0134233172572419,0.854531,1.342332,18,"Success",0.00645170775024939,0.645171,1.20598182791003e-06,0.00109817203930442,0.109817,0.00429929055321272,0.00860412494728606,0.429929,0.860412,18,"Success"
404,"colon","Poisson","both",0.0107428295453721,1.074283,1.13733976144276e-07,0.000337244682899932,0.033724,0.0100818299668882,0.0114038291238559,1.008183,1.140383,18,"Success",0.00830922533987474,0.830923,9.87229397957454e-08,0.000314202068414174,0.03142,0.00769338928578296,0.00892506139396652,0.769339,0.892506,18,"Success"
598,"colon","Poisson","both",0.0102823738525704,1.028237,9.33012800454665e-07,0.000965925877308743,0.096593,0.00838915913304531,0.0121755885720956,0.838916,1.217559,18,"Success",0.00777952109514039,0.777952,8.31500065124033e-07,0.000911866253967123,0.091187,0.00599226323736483,0.00956677895291595,0.599226,0.956678,18,"Success"
368,"colon","Poisson","both",0.00973305449357756,0.973305,1.7685057289122e-07,0.000420536054210837,0.042054,0.00890880382732431,0.0105573051598308,0.89088,1.055731,18,"Success",0.00707082107052039,0.707082,1.56434927285507e-07,0.000395518554919371,0.039552,0.00629560470287843,0.00784603743816236,0.62956,0.784604,18,"Success"
626,"colon","Poisson","both",0.00915916514828439,0.915917,3.85932615886441e-06,0.00196451677490023,0.196452,0.00530871226947994,0.0130096180270888,0.530871,1.300962,18,"Success",0.00625571394657426,0.625571,3.45481885472911e-06,0.00185871430153456,0.185871,0.00261263391556652,0.009898793977582,0.261263,0.989879,18,"Success"
104,"colon","Poisson","both",0.00909784433203048,0.909784,6.33051748272084e-08,0.000251605196343812,0.025161,0.00860469814719661,0.00959099051686435,0.86047,0.959099,18,"Success",0.00644157593846683,0.644158,5.53378160227692e-08,0.000235239911628042,0.023524,0.00598050571167587,0.0069026461652578,0.598051,0.690265,18,"Success"
204,"colon","Poisson","both",0.00884221752591984,0.884222,6.60969378928187e-07,0.000813000233043132,0.0813,0.0072487370691553,0.0104356979826844,0.724874,1.04357,18,"Success",0.00755754930549938,0.755755,6.31017832215836e-07,0.000794366308585552,0.079437,0.0060005913406717,0.00911450727032706,0.600059,0.911451,18,"Success"
706,"colon","Poisson","both",0.00865271130813943,0.865271,4.74427148588698e-07,0.000688786722134434,0.068879,0.00730268933275594,0.0100027332835229,0.730269,1.000273,18,"Success",0.00771297580400283,0.771298,4.58172018612193e-07,0.000676884051084226,0.067688,0.00638628306387774,0.00903966854412791,0.638628,0.903967,18,"Success"
887,"colon","Poisson","both",0.00825855388496513,0.825855,1.7407118715418e-07,0.000417218392636495,0.041722,0.0074408058353976,0.00907630193453266,0.744081,0.90763,18,"Success",0.00631410216484701,0.63141,1.45516802396603e-07,0.000381466646506091,0.038147,0.00556642753769507,0.00706177679199895,0.556643,0.706178,18,"Success"
426,"colon","Poisson","both",0.00803543735927125,0.803544,1.80783506989684e-06,0.00134455757403573,0.134456,0.00540010451416122,0.0106707702043813,0.54001,1.067077,18,"Success",0.00633474835534778,0.633475,1.61306676533355e-06,0.00127006565394611,0.127007,0.00384541967361341,0.00882407703708215,0.384542,0.882408,18,"Success"
984,"colon","Poisson","both",0.0079386715960395,0.793867,7.17453109971288e-09,8.4702603854385e-05,0.00847,0.00777265449248491,0.0081046886995941,0.777265,0.810469,18,"Success",0.00609054786580013,0.609055,6.01694638169982e-09,7.75689782174538e-05,0.007757,0.00593851266849392,0.00624258306310634,0.593851,0.624258,18,"Success"
716,"colon","Poisson","both",0.00792389403533216,0.792389,2.86504877466088e-07,0.000535261503814806,0.053526,0.00687478148785514,0.00897300658280918,0.687478,0.897301,18,"Success",0.00629065908643557,0.629066,2.59157821745777e-07,0.000509075457811292,0.050908,0.00529287118912544,0.00728844698374571,0.529287,0.728845,18,"Success"
231,"colon","Poisson","both",0.00790257538753164,0.790258,4.42325945756943e-08,0.000210315464423552,0.021032,0.00749035707726148,0.0083147936978018,0.749036,0.831479,18,"Success",0.00583213545113172,0.583214,3.37116128914257e-08,0.000183607224507713,0.018361,0.0054722652910966,0.00619200561116684,0.547227,0.619201,18,"Success"
768,"colon","Poisson","both",0.00787658830714192,0.787659,9.60781693172984e-07,0.000980194722069541,0.098019,0.00595540665188562,0.00979776996239822,0.595541,0.979777,18,"Success",0.00571762205108719,0.571762,7.20035617466822e-07,0.000848549124957903,0.084855,0.00405446576616971,0.00738077833600468,0.405447,0.738078,18,"Success"
983,"colon","Poisson","both",0.00782205230051062,0.782205,1.75028225074673e-09,4.18363747323633e-05,0.004184,0.00774005300603519,0.00790405159498605,0.774005,0.790405,18,"Success",0.00537368744062179,0.537369,1.38670063709936e-09,3.72384295734844e-05,0.003724,0.00530070011865776,0.00544667476258582,0.53007,0.544667,18,"Success"
144,"colon","Poisson","both",0.00778859125532603,0.778859,9.51845540363937e-08,0.000308519941067662,0.030852,0.00718389217083341,0.00839329033981865,0.718389,0.839329,18,"Success",0.00468426664648489,0.468427,6.38709591675848e-08,0.000252727044788611,0.025273,0.00418892163869921,0.00517961165427057,0.418892,0.517961,18,"Success"
417,"colon","Poisson","both",0.00773394512070011,0.773395,5.67622168246659e-07,0.000753407040215752,0.075341,0.00625726732187724,0.00921062291952299,0.625727,0.921062,18,"Success",0.00523240110884072,0.52324,4.02728876411141e-07,0.000634609231268457,0.063461,0.00398856701555454,0.00647623520212689,0.398857,0.647624,18,"Success"
516,"colon","Poisson","both",0.00719703172699426,0.719703,1.21419916768153e-06,0.00110190705945716,0.110191,0.00503729389045823,0.0093567695635303,0.503729,0.935677,18,"Success",0.00533551425569202,0.533551,1.0405044515e-06,0.00102005120043064,0.102005,0.00333621390284796,0.00733481460853608,0.333621,0.733481,18,"Success"
384,"colon","Poisson","both",0.00717225567379526,0.717226,1.65260559082372e-07,0.000406522519772732,0.040652,0.00637547153504071,0.00796903981254982,0.637547,0.796904,18,"Success",0.00495405132340474,0.495405,1.10913648658509e-07,0.000333037007941323,0.033304,0.00430129878783974,0.00560680385896973,0.43013,0.56068,18,"Success"
860,"colon","Poisson","both",0.00698694189631152,0.698694,7.28920561819758e-08,0.000269985288825106,0.026999,0.00645777073021432,0.00751611306240873,0.645777,0.751611,18,"Success",0.00385548461797131,0.385548,4.68130239746501e-08,0.00021636317610594,0.021636,0.00343141279280367,0.00427955644313896,0.343141,0.427956,18,"Success"
910,"colon","Poisson","both",0.00677674814075837,0.677675,1.07604745631283e-08,0.000103732707296823,0.010373,0.0065734320344566,0.00698006424706015,0.657343,0.698006,18,"Success",0.00532103675881392,0.532104,9.46021400270433e-09,9.72636314492952e-05,0.009726,0.00513040004117331,0.00551167347645454,0.51304,0.551167,18,"Success"
466,"colon","Poisson","both",0.00665413013443135,0.665413,2.82280444359008e-07,0.000531300709917658,0.05313,0.00561278074299274,0.00769547952586996,0.561278,0.769548,18,"Success",0.00517349486894318,0.517349,2.27266242192147e-07,0.000476724492964382,0.047672,0.00423911486273299,0.00610787487515336,0.423911,0.610787,18,"Success"
232,"colon","Poisson","both",0.0066521838733079,0.665218,1.11772739521422e-06,0.00105722627436808,0.105723,0.00458002037554645,0.00872434737106934,0.458002,0.872435,18,"Success",0.0056323831680802,0.563238,1.05145497585042e-06,0.0010254047863407,0.10254,0.00362258978685243,0.00764217654930797,0.362259,0.764218,18,"Success"
729,"colon","Poisson","both",0.00660461941026352,0.660462,1.49945394474298e-07,0.000387227832773289,0.038723,0.00584565285802788,0.00736358596249917,0.584565,0.736359,18,"Success",0.00542890594824137,0.542891,1.39487604541364e-07,0.000373480393784418,0.037348,0.00469688437642391,0.00616092752005883,0.469688,0.616093,18,"Success"
800,"colon","Poisson","both",0.00643455224959266,0.643455,1.17824437351276e-07,0.000343255644310878,0.034326,0.00576177118674334,0.00710733331244198,0.576177,0.710733,18,"Success",0.00520570088965283,0.52057,1.059698417393e-07,0.000325530093446519,0.032553,0.00456766190649765,0.005843739872808,0.456766,0.584374,18,"Success"
818,"colon","Poisson","both",0.0061132927818541,0.611329,2.85518405427715e-08,0.000168972898841121,0.016897,0.00578210590012551,0.0064444796635827,0.578211,0.644448,18,"Success",0.00415307654294783,0.415308,2.70432998477719e-08,0.000164448471710053,0.016445,0.00383075753839612,0.00447539554749953,0.383076,0.44754,18,"Success"
728,"colon","Poisson","both",0.00602376008469776,0.602376,6.96594655570866e-07,0.000834622462896168,0.083462,0.00438790005742127,0.00765962011197425,0.43879,0.765962,18,"Success",0.00531619347626478,0.531619,6.79618233408192e-07,0.000824389612627544,0.082439,0.00370038983551479,0.00693199711701476,0.370039,0.6932,18,"Success"
478,"colon","Poisson","both",0.0059006886136027,0.590069,7.31901692835856e-07,0.000855512532249444,0.085551,0.00422388405039379,0.00757749317681161,0.422388,0.757749,18,"Success",0.00417537469769994,0.417537,5.55639850648136e-07,0.000745412537222266,0.074541,0.0027143661247443,0.00563638327065559,0.271437,0.563638,18,"Success"
678,"colon","Poisson","both",0.00584209169490173,0.584209,5.40884837621593e-06,0.00232569309587829,0.232569,0.00128373322698029,0.0104004501628232,0.128373,1.040045,18,"Success",0.00412713755076314,0.412714,4.4729694949813e-06,0.00211493959605973,0.211494,0,0.00827241915904022,0,0.827242,18,"Success"
762,"colon","Poisson","both",0.00577121375815518,0.577121,5.32418351093373e-07,0.00072967002891264,0.072967,0.00434106050148641,0.00720136701482396,0.434106,0.720137,18,"Success",0.00358981903102863,0.358982,3.3504613374804e-07,0.000578831697255809,0.057883,0.00245530890440725,0.00472432915765002,0.245531,0.472433,18,"Success"
132,"colon","Poisson","both",0.00562273532225611,0.562274,3.80262699440894e-06,0.00195003256239709,0.195003,0.00180067149995782,0.00944479914455439,0.180067,0.94448,18,"Success",0.00903342349362046,0.903342,1.14874255771875e-05,0.00338931048698514,0.338931,0.00239037493912958,0.0156764720481113,0.239037,1.567647,18,"Success"
4,"colon","Poisson","both",0.00544256364568831,0.544256,1.54383577161439e-07,0.000392916756020202,0.039292,0.00467244680388872,0.00621268048748791,0.467245,0.621268,18,"Success",0.00392807088297244,0.392807,1.15816680954174e-07,0.000340318499282913,0.034032,0.00326104662437793,0.00459509514156695,0.326105,0.45951,18,"Success"
586,"colon","Poisson","both",0.00541201730408709,0.541202,1.38948185826869e-08,0.000117876285073321,0.011788,0.00518097978534338,0.0056430548228308,0.518098,0.564305,18,"Success",0.00380371162905018,0.380371,1.14718907451008e-08,0.00010710691268588,0.010711,0.00359378208018585,0.0040136411779145,0.359378,0.401364,18,"Success"
562,"colon","Poisson","both",0.005361798712699,0.53618,2.32279084574805e-07,0.000481953404983101,0.048195,0.00441717003893212,0.00630642738646587,0.441717,0.630643,18,"Success",0.00441395271657774,0.441395,1.90662787047818e-07,0.000436649501371314,0.043665,0.00355811969388996,0.00526978573926552,0.355812,0.526979,18,"Success"
262,"colon","Poisson","both",0.00535272379957156,0.535272,1.61320073970665e-06,0.00127011839594057,0.127012,0.00286329174352804,0.00784215585561508,0.286329,0.784216,18,"Success",0.00425266265830263,0.425266,1.16933899137455e-06,0.00108135978812537,0.108136,0.0021331974735769,0.00637212784302836,0.21332,0.637213,18,"Success"
524,"colon","Poisson","both",0.00504603959458454,0.504604,7.89294461914552e-08,0.000280943848822955,0.028094,0.00449538965089154,0.00559668953827753,0.449539,0.559669,18,"Success",0.00347547095105189,0.347547,6.12135859487976e-08,0.000247413794984834,0.024741,0.00299053991288162,0.00396040198922217,0.299054,0.39604,18,"Success"
548,"colon","Poisson","both",0.00482813830625532,0.482814,6.00946934482903e-06,0.00245142190265752,0.245142,2.33513770465715e-05,0.00963292523546406,0.002335,0.963293,18,"Success",0.00482813830625532,0.482814,6.00946934482903e-06,0.00245142190265752,0.245142,2.33513770465715e-05,0.00963292523546406,0.002335,0.963293,18,"Success"
356,"colon","Poisson","both",0.00478410576454596,0.478411,1.41001276497123e-09,3.75501366837889e-05,0.003755,0.00471050749664574,0.00485770403244619,0.471051,0.48577,18,"Success",0.00334414118296618,0.334414,1.12886139137354e-09,3.35985325776817e-05,0.00336,0.00327828805911393,0.00340999430681844,0.327829,0.340999,18,"Success"
566,"colon","Poisson","both",0.0046907675042146,0.469077,1.21319595815727e-08,0.000110145175026293,0.011015,0.00447488296116306,0.00490665204726613,0.447488,0.490665,18,"Success",0.00367740984303999,0.367741,1.08082118298545e-08,0.000103962550131548,0.010396,0.00347364324478216,0.00388117644129783,0.347364,0.388118,18,"Success"
914,"colon","Poisson","both",0.00466554829787956,0.466555,7.14736688211095e-09,8.45421012402161e-05,0.008454,0.00449984577944874,0.00483125081631038,0.449985,0.483125,18,"Success",0.00363400600818745,0.363401,6.13948064007008e-09,7.83548380131698e-05,0.007835,0.00348043052568164,0.00378758149069326,0.348043,0.378758,18,"Success"
686,"colon","Poisson","both",0.00464376674404848,0.464377,1.55652645362479e-07,0.000394528383468768,0.039453,0.0038704911124497,0.00541704237564727,0.387049,0.541704,18,"Success",0.00345241149726277,0.345241,1.23737991484224e-07,0.000351764113411564,0.035176,0.0027629538349761,0.00414186915954943,0.276295,0.414187,18,"Success"
120,"colon","Poisson","both",0.00453485356941494,0.453485,9.07319257377398e-08,0.000301217406100212,0.030122,0.00394446745345852,0.00512523968537135,0.394447,0.512524,18,"Success",0.00331801932633085,0.331802,7.63384282481161e-08,0.000276294097381967,0.027629,0.0027764828954622,0.00385955575719951,0.277648,0.385956,18,"Success"
108,"colon","Poisson","both",0.00445787219076948,0.445787,3.65672593016465e-07,0.000604708684422892,0.060471,0.00327264316930061,0.00564310121223835,0.327264,0.56431,18,"Success",0.003955012069283,0.395501,3.55410259952739e-07,0.00059616294748394,0.059616,0.00278653269221447,0.00512349144635152,0.278653,0.512349,18,"Success"
64,"colon","Poisson","both",0.00438897742588964,0.438898,2.16665560479871e-06,0.00147195638685346,0.147196,0.00150394290765685,0.00727401194412243,0.150394,0.727401,18,"Success",0.00198691728979945,0.198692,6.98859032022862e-07,0.000835977889673442,0.083598,0.000348400626039507,0.0036254339535594,0.03484,0.362543,18,"Success"
266,"colon","Poisson","both",0.00434556934929682,0.434557,4.33741123827581e-07,0.000658590254883551,0.065859,0.00305473244972506,0.00563640624886858,0.305473,0.563641,18,"Success",0.00301858985983078,0.301859,3.42616300156544e-07,0.000585334349031854,0.058533,0.00187133453572834,0.00416584518393321,0.187133,0.416585,18,"Success"
795,"colon","Poisson","both",0.00425567497011907,0.425567,3.84783981071911e-07,0.000620309584862197,0.062031,0.00303986818378916,0.00547148175644897,0.303987,0.547148,18,"Success",0.00339605577784008,0.339606,3.52650701815743e-07,0.00059384400461379,0.059384,0.00223212152879705,0.00455999002688311,0.223212,0.455999,18,"Success"
430,"colon","Poisson","both",0.00419518640545773,0.419519,4.92140696260476e-07,0.000701527402358936,0.070153,0.00282019269683421,0.00557018011408124,0.282019,0.557018,18,"Success",0.00342210866065989,0.342211,4.59899887425469e-07,0.000678159190327367,0.067816,0.00209291664761825,0.00475130067370152,0.209292,0.47513,18,"Success"
508,"colon","Poisson","both",0.00419427798958288,0.419428,1.84064409075099e-07,0.000429027282436792,0.042903,0.00335338451600677,0.00503517146315899,0.335338,0.503517,18,"Success",0.00380133584949392,0.380134,1.78990023852062e-07,0.000423072126063703,0.042307,0.00297211448240906,0.00463055721657878,0.297211,0.463056,18,"Success"
72,"colon","Poisson","both",0.00401072343314285,0.401072,6.45981477036475e-07,0.00080372972884949,0.080373,0.00243541316459785,0.00558603370168785,0.243541,0.558603,18,"Success",0.00286461366240603,0.286461,5.6510354405851e-07,0.00075173369224647,0.075173,0.00139121562560294,0.00433801169920911,0.139122,0.433801,18,"Success"
180,"colon","Poisson","both",0.00385228334753557,0.385228,3.15010027181546e-08,0.000177485218308891,0.017749,0.00350441231965015,0.004200154375421,0.350441,0.420015,18,"Success",0.00328419686871327,0.32842,2.98475220678484e-08,0.00017276435415863,0.017276,0.00294557873456236,0.00362281500286419,0.294558,0.362282,18,"Success"
24,"colon","Poisson","both",0.00380399005735157,0.380399,1.35494252386827e-07,0.000368095439236656,0.03681,0.00308252299644772,0.00452545711825541,0.308252,0.452546,18,"Success",0.00319551360393909,0.319551,1.22876052314285e-07,0.00035053680593382,0.035054,0.0025084614643088,0.00388256574356938,0.250846,0.388257,18,"Success"
454,"colon","Poisson","both",0.00375286757255725,0.375287,1.43092942632735e-07,0.000378276278178708,0.037828,0.00301144606732698,0.00449428907778752,0.301145,0.449429,18,"Success",0.00314637177253622,0.314637,1.24864052730845e-07,0.000353361079818993,0.035336,0.00245378405609099,0.00383895948898144,0.245378,0.383896,18,"Success"
450,"colon","Poisson","both",0.00369465395852644,0.369465,1.0594731894568e-07,0.000325495497581272,0.03255,0.00305668278326715,0.00433262513378573,0.305668,0.433263,18,"Success",0.00324300842078843,0.324301,1.02918454646003e-07,0.000320809062599551,0.032081,0.00261422265809331,0.00387179418348355,0.261422,0.387179,18,"Success"
911,"colon","Poisson","both",0.00363157286183627,0.363157,1.48313171525114e-08,0.000121783895292076,0.012178,0.0033928764270638,0.00387026929660874,0.339288,0.387027,18,"Success",0.00299177590136182,0.299178,1.37312568895518e-08,0.000117180445849774,0.011718,0.00276210222749626,0.00322144957522737,0.27621,0.322145,18,"Success"
90,"colon","Poisson","both",0.00358440471647224,0.35844,3.70937699763183e-06,0.00192597429827914,0.192597,0,0.00735931434109935,0,0.735931,18,"Success",0.00307414642276438,0.307415,3.44849799261843e-06,0.00185701319128821,0.185701,0,0.00671389227768928,0,0.671389,18,"Success"
834,"colon","Poisson","both",0.00356010066352631,0.35601,3.41600874590903e-08,0.000184824477434917,0.018482,0.00319784468775387,0.00392235663929874,0.319784,0.392236,18,"Success",0.0027630671327365,0.276307,3.03289911703646e-08,0.000174152206906386,0.017415,0.00242172880719999,0.00310440545827302,0.242173,0.310441,18,"Success"
50,"colon","Poisson","both",0.00332448432310442,0.332448,1.10727113447967e-08,0.000105226951608401,0.010523,0.00311823949795196,0.00353072914825689,0.311824,0.353073,18,"Success",0.00227176296999023,0.227176,8.43163193770445e-09,9.18239181134439e-05,0.009182,0.00209178809048788,0.00245173784949258,0.209179,0.245174,18,"Success"
288,"colon","Poisson","both",0.00330820928897511,0.330821,7.43032416457894e-08,0.000272586209566422,0.027259,0.00277394031822492,0.0038424782597253,0.277394,0.384248,18,"Success",0.00245527711703123,0.245528,5.87101042167445e-08,0.000242301680177304,0.02423,0.00198036582388371,0.00293018841017875,0.198037,0.293019,18,"Success"
748,"colon","Poisson","both",0.0032208332381829,0.322083,9.77742349789223e-07,0.000988808550625056,0.098881,0.00128276847895779,0.00515889799740801,0.128277,0.51589,18,"Success",0.00264099203398467,0.264099,8.52905959738884e-07,0.000923529078989332,0.092353,0.00083087503916558,0.00445110902880376,0.083088,0.445111,18,"Success"
178,"colon","Poisson","both",0.0029376751008583,0.293768,3.60315217332089e-07,0.000600262623634096,0.060026,0.00176116035853547,0.00411418984318113,0.176116,0.411419,18,"Success",0.0022697967535924,0.22698,3.40953894457124e-07,0.000583912574326949,0.058391,0.00112532810791158,0.00341426539927322,0.112533,0.341427,18,"Success"
894,"colon","Poisson","both",0.00289893326911769,0.289893,1.46448987508052e-07,0.000382686539491594,0.038269,0.00214886765171416,0.00364899888652121,0.214887,0.3649,18,"Success",0.0021486477575465,0.214865,1.28395285238755e-07,0.000358322878475203,0.035832,0.0014463349157351,0.0028509605993579,0.144633,0.285096,18,"Success"
624,"colon","Poisson","both",0.00281044220271529,0.281044,4.94999853750211e-07,0.000703562260038308,0.070356,0.00143146017304021,0.00418942423239037,0.143146,0.418942,18,"Success",0.00229959551524997,0.22996,4.27821297672298e-07,0.000654080497853512,0.065408,0.00101759773945709,0.00358159329104286,0.10176,0.358159,18,"Success"
646,"colon","Poisson","both",0.0025638631453826,0.256386,1.03886402367195e-07,0.000322314136157872,0.032231,0.00193212743851317,0.00319559885225203,0.193213,0.31956,18,"Success",0.0020060066821684,0.200601,9.5505519289632e-08,0.000309039672679143,0.030904,0.00140028892371728,0.00261172444061952,0.140029,0.261172,18,"Success"
174,"colon","Poisson","both",0.00239906058430661,0.239906,6.89229893664891e-07,0.000830198707337521,0.08302,0.000771871117925066,0.00402625005068815,0.077187,0.402625,18,"Success",0.00177882585194562,0.177883,4.88004144453077e-07,0.000698572934240282,0.069857,0.000409622900834669,0.00314802880305657,0.040962,0.314803,18,"Success"
140,"colon","Poisson","both",0.00229130789060225,0.229131,1.43494258683632e-07,0.000378806360405461,0.037881,0.00154884742420755,0.00303376835699695,0.154885,0.303377,18,"Success",0.00200345962089348,0.200346,1.37841788738182e-07,0.000371270506151758,0.037127,0.00127576942883603,0.00273114981295092,0.127577,0.273115,18,"Success"
226,"colon","Poisson","both",0.00199756487190658,0.199756,1.70199952017591e-07,0.000412552968741702,0.041255,0.00118896105317284,0.00280616869064031,0.118896,0.280617,18,"Success",0.00131939257134944,0.131939,1.1493195682788e-07,0.000339016160127921,0.033902,0.000654920897498712,0.00198386424520016,0.065492,0.198386,18,"Success"
854,"colon","Poisson","both",0.00166470657963807,0.166471,1.31843862868321e-08,0.000114823282860368,0.011482,0.00143965294523175,0.00188976021404439,0.143965,0.188976,18,"Success",0.00131551204315104,0.131551,1.0327157559155e-08,0.000101622623264483,0.010162,0.00111633170155265,0.00151469238474943,0.111633,0.151469,18,"Success"
324,"colon","Poisson","both",0.00138827035745843,0.138827,4.88766824084921e-08,0.000221080714691472,0.022108,0.000954952156663143,0.00182158855825371,0.095495,0.182159,18,"Success",0.0011386817381776,0.113868,4.47614873510447e-08,0.000211569107742706,0.021157,0.000724006287001893,0.0015533571893533,0.072401,0.155336,18,"Success"
148,"colon","Poisson","both",0.000811964721420622,0.081196,1.33325819904382e-08,0.00011546680038192,0.011547,0.000585649792672058,0.00103827965016919,0.058565,0.103828,18,"Success",0.00064571767138907,0.064572,1.05099424744136e-08,0.00010251801048798,0.010252,0.000444782370832629,0.000846652971945511,0.044478,0.084665,18,"Success"
270,"colon","Poisson","both",0.000738345967125391,0.073835,4.890535153526e-08,0.00022114554378341,0.022115,0.000304900701309908,0.00117179123294087,0.03049,0.117179,18,"Success",0.000606185491666941,0.060619,4.28431589930455e-08,0.000206985890806706,0.020699,0.000200493145685798,0.00101187783764808,0.020049,0.101188,18,"Success"
694,"colon","Poisson","both",0.000111709235284752,0.011171,5.4790435954543e-09,7.40205619774283e-05,0.007402,0,0.000256789536760511,0,0.025679,18,"Success",0.000111709235284752,0.011171,5.4790435954543e-09,7.40205619774283e-05,0.007402,0,0.000256789536760511,0,0.025679,18,"Success"
