"ISOcode","cancer_type","distribution_method","risk_calculation","LRI_lifetime_risk","LRI_lifetime_risk_percent","LRI_variance","LRI_std_error","LRI_std_error_percent","LRI_ci_lower","LRI_ci_upper","LRI_ci_lower_percent","LRI_ci_upper_percent","LRI_formatted","LRI_n_age_groups","LRI_note","LRM_lifetime_risk","LRM_lifetime_risk_percent","LRM_variance","LRM_std_error","LRM_std_error_percent","LRM_ci_lower","LRM_ci_upper","LRM_ci_lower_percent","LRM_ci_upper_percent","LRM_formatted","LRM_n_age_groups","LRM_note"
578,"colorectum","Poisson","both",0.127967226066636,12.796723,3.77059871681067e-06,0.00194180295519671,0.19418,0.124161292274451,0.131773159858822,12.416129,13.177316,"12.80(12.42-13.18)",18,"Success",0.0590009915833021,5.900099,1.97198360726413e-06,0.00140427333780291,0.140427,0.0562486158412084,0.0617533673253959,5.624862,6.175337,"5.90(5.62-6.18)",18,"Success"
208,"colorectum","Poisson","both",0.124105848014314,12.410585,2.8708546340909e-06,0.00169435965311114,0.169436,0.120784903094216,0.127426792934412,12.07849,12.742679,"12.41(12.08-12.74)",18,"Success",0.0428964326176954,4.289643,1.14448739986376e-06,0.00106980717882418,0.106981,0.0407996105472,0.0449932546881908,4.079961,4.499325,"4.29(4.08-4.50)",18,"Success"
702,"colorectum","Poisson","both",0.12095916519285,12.095917,6.91590465390314e-06,0.00262981076389598,0.262981,0.115804736095614,0.126113594290087,11.580474,12.611359,"12.10(11.58-12.61)",18,"Success",0.0805167312572687,8.051673,5.64171129335063e-06,0.00237522868232737,0.237523,0.0758612830399071,0.0851721794746304,7.586128,8.517218,"8.05(7.59-8.52)",18,"Success"
554,"colorectum","Poisson","both",0.107840955086134,10.784096,3.73336912796898e-06,0.00193219282887837,0.193219,0.104053857141532,0.111628053030735,10.405386,11.162805,"10.78(10.41-11.16)",18,"Success",0.0543107974869912,5.43108,2.1398523303947e-06,0.00146282341053003,0.146282,0.0514436636023523,0.05717793137163,5.144366,5.717793,"5.43(5.14-5.72)",18,"Success"
528,"colorectum","Poisson","both",0.103085957309344,10.308596,7.77842016704119e-07,0.000881953522984131,0.088195,0.101357328404295,0.104814586214393,10.135733,10.481459,"10.31(10.14-10.48)",18,"Success",0.0474140982315886,4.74141,4.28997906677393e-07,0.000654979317747815,0.065498,0.0461303387688028,0.0486978576943743,4.613034,4.869786,"4.74(4.61-4.87)",18,"Success"
392,"colorectum","Poisson","both",0.100594911926278,10.059491,8.08532933962948e-08,0.000284347135375574,0.028435,0.100037591540942,0.101152232311615,10.003759,10.115223,"10.06(10.00-10.12)",18,"Success",0.046729432621191,4.672943,3.98039892132219e-08,0.000199509371241608,0.019951,0.0463383942535575,0.0471204709888246,4.633839,4.712047,"4.67(4.63-4.71)",18,"Success"
191,"colorectum","Poisson","both",0.10008585300865,10.008585,2.97410275221103e-06,0.00172455871231194,0.172456,0.0967057179325184,0.103465988084781,9.670572,10.346599,"10.01(9.67-10.35)",18,"Success",0.0628450470148273,6.284505,2.11715537039547e-06,0.00145504480013348,0.145504,0.0599931592065657,0.0656969348230889,5.999316,6.569693,"6.28(6.00-6.57)",18,"Success"
620,"colorectum","Poisson","both",0.096755108577783,9.675511,1.05149367114982e-06,0.00102542365447156,0.102542,0.0947452782150188,0.0987649389405473,9.474528,9.876494,"9.68(9.47-9.88)",18,"Success",0.0507256372666591,5.072564,6.09295200771536e-07,0.000780573635713848,0.078057,0.04919571294066,0.0522555615926583,4.919571,5.225556,"5.07(4.92-5.23)",18,"Success"
348,"colorectum","Poisson","both",0.0941746254890455,9.417463,1.15391286637678e-06,0.00107420336360336,0.10742,0.0920691868963829,0.0962800640817081,9.206919,9.628006,"9.42(9.21-9.63)",18,"Success",0.0555993822017084,5.559938,7.73368334484469e-07,0.000879413631054505,0.087941,0.0538757314848416,0.0573230329185752,5.387573,5.732303,"5.56(5.39-5.73)",18,"Success"
372,"colorectum","Poisson","both",0.0912557797926802,9.125578,3.73171452097557e-06,0.0019317646132424,0.193176,0.0874695211507251,0.0950420384346354,8.746952,9.504204,"9.13(8.75-9.50)",18,"Success",0.0451313131331024,4.513131,2.09600449850578e-06,0.00144775843927976,0.144776,0.0422937065921141,0.0479689196740907,4.229371,4.796892,"4.51(4.23-4.80)",18,"Success"
703,"colorectum","Poisson","both",0.0901999442980576,9.019994,2.74828577624794e-06,0.00165779545669782,0.16578,0.0869506652029298,0.0934492233931853,8.695067,9.344922,"9.02(8.70-9.34)",18,"Success",0.0568042155521749,5.680422,2.03301655274396e-06,0.00142583889438602,0.142584,0.0540095713191783,0.0595988597851715,5.400957,5.959886,"5.68(5.40-5.96)",18,"Success"
924,"colorectum","Poisson","both",0.0886953461321856,8.869535,1.1995242060346e-07,0.000346341479761608,0.034634,0.0880165168318528,0.0893741754325183,8.801652,8.937418,"8.87(8.80-8.94)",18,"Success",0.0449484056753798,4.494841,6.80053397916921e-08,0.000260778334590303,0.026078,0.0444372801395828,0.0454595312111768,4.443728,4.545953,"4.49(4.44-4.55)",18,"Success"
724,"colorectum","Poisson","both",0.0886735973129373,8.86736,2.42477403205688e-07,0.000492419945986845,0.049242,0.0877084542188031,0.0896387404070715,8.770845,8.963874,"8.87(8.77-8.96)",18,"Success",0.0446694425818163,4.466944,1.37369119154501e-07,0.000370633402642694,0.037063,0.0439430011126366,0.045395884050996,4.3943,4.539588,"4.47(4.39-4.54)",18,"Success"
826,"colorectum","Poisson","both",0.0877344902713982,8.773449,1.92620290596218e-07,0.000438885281817719,0.043889,0.0868742751190355,0.0885947054237609,8.687428,8.859471,"8.77(8.69-8.86)",18,"Success",0.0470933821123837,4.709338,1.15544876816539e-07,0.000339918926828942,0.033992,0.046427141015799,0.0477596232089684,4.642714,4.775962,"4.71(4.64-4.78)",18,"Success"
380,"colorectum","Poisson","both",0.0868236922956772,8.682369,1.5783175480173e-07,0.000397280448552066,0.039728,0.0860450226165152,0.0876023619748392,8.604502,8.760236,"8.68(8.60-8.76)",18,"Success",0.0429880849202229,4.298808,8.39213124041943e-08,0.000289691754118398,0.028969,0.0424202890821508,0.0435558807582949,4.242029,4.355588,"4.30(4.24-4.36)",18,"Success"
250,"colorectum","Poisson","both",0.0858218316908301,8.582183,1.71417954844869e-07,0.00041402651466406,0.041403,0.0850103397220886,0.0866333236595717,8.501034,8.663332,"8.58(8.50-8.66)",18,"Success",0.0412858353621422,4.128584,9.15974292086666e-08,0.000302650671911804,0.030265,0.040692640045195,0.0418790306790893,4.069264,4.187903,"4.13(4.07-4.19)",18,"Success"
233,"colorectum","Poisson","both",0.0848136436004796,8.481364,7.85898418568934e-06,0.00280338798343885,0.280339,0.0793190031529395,0.0903082840480198,7.9319,9.030828,"8.48(7.93-9.03)",18,"Success",0.0487636852262164,4.876369,4.89028610613506e-06,0.00221139912863668,0.22114,0.0444293429340886,0.0530980275183443,4.442934,5.309803,"4.88(4.44-5.31)",18,"Success"
858,"colorectum","Poisson","both",0.0844353651751477,8.443537,4.12947226747574e-06,0.00203211029904278,0.203211,0.0804524289890239,0.0884183013612716,8.045243,8.84183,"8.44(8.05-8.84)",18,"Success",0.0517513886567581,5.175139,2.77328566386119e-06,0.00166531848721534,0.166532,0.048487364421816,0.0550154128917001,4.848736,5.501541,"5.18(4.85-5.50)",18,"Success"
752,"colorectum","Poisson","both",0.0839203549078119,8.392035,1.13498237169475e-06,0.00106535551422741,0.106536,0.0818322580999262,0.0860084517156977,8.183226,8.600845,"8.39(8.18-8.60)",18,"Success",0.0403220185507205,4.032202,6.06847139116994e-07,0.000779003940373214,0.0779,0.038795170827589,0.041848866273852,3.879517,4.184887,"4.03(3.88-4.18)",18,"Success"
925,"colorectum","Poisson","both",0.0838851727099938,8.388517,6.46850678788133e-08,0.00025433259303285,0.025433,0.0833866808276494,0.0843836645923382,8.338668,8.438366,"8.39(8.34-8.44)",18,"Success",0.0434596782392332,4.345968,3.69283921380394e-08,0.000192167614696232,0.019217,0.0430830297144286,0.0438363267640378,4.308303,4.383633,"4.35(4.31-4.38)",18,"Success"
36,"colorectum","Poisson","both",0.083775304450575,8.37753,5.45300265434603e-07,0.000738444490421997,0.073844,0.0823279532493479,0.0852226556518021,8.232795,8.522266,"8.38(8.23-8.52)",18,"Success",0.0366069323880203,3.660693,2.85641956531758e-07,0.000534454821787359,0.053445,0.0355594009373171,0.0376544638387235,3.55594,3.765446,"3.66(3.56-3.77)",18,"Success"
352,"colorectum","Poisson","both",0.0803586090951052,8.035861,3.96025176503552e-05,0.00629305312629372,0.629305,0.0680242249675695,0.0926929932226409,6.802422,9.269299,"8.04(6.80-9.27)",16,"Success",0.0398811465943079,3.988115,2.22702155123641e-05,0.00471913291954826,0.471913,0.0306316460719933,0.0491306471166225,3.063165,4.913065,"3.99(3.06-4.91)",15,"Success"
926,"colorectum","Poisson","both",0.0793611947225525,7.936119,4.92851110265972e-08,0.000222002502298053,0.0222,0.0789260698180483,0.0797963196270567,7.892607,7.979632,"7.94(7.89-7.98)",18,"Success",0.0368941311024517,3.689413,2.49127101399139e-08,0.00015783760686197,0.015784,0.0365847693930022,0.0372034928119012,3.658477,3.720349,"3.69(3.66-3.72)",18,"Success"
616,"colorectum","Poisson","both",0.0792445663226214,7.924457,3.07574609945355e-07,0.000554594094762426,0.055459,0.078157561896887,0.0803315707483557,7.815756,8.033157,"7.92(7.82-8.03)",18,"Success",0.0519561707340238,5.195617,2.27065280969645e-07,0.000476513673434085,0.047651,0.051022203934093,0.0528901375339546,5.10222,5.289014,"5.20(5.10-5.29)",18,"Success"
705,"colorectum","Poisson","both",0.0783723214286077,7.837232,4.92532897741906e-06,0.00221930822046399,0.221931,0.0740224773164983,0.0827221655407172,7.402248,8.272217,"7.84(7.40-8.27)",18,"Success",0.0452106480968159,4.521065,3.34653482906926e-06,0.00182935366429492,0.182935,0.0416251149147979,0.048796181278834,4.162511,4.879618,"4.52(4.16-4.88)",18,"Success"
470,"colorectum","Poisson","both",0.0774637425165906,7.746374,2.96440898940003e-05,0.00544463863759573,0.544464,0.066792250786903,0.0881352342462783,6.679225,8.813523,"7.75(6.68-8.81)",18,"Success",0.0403700794544502,4.037008,1.74376303020778e-05,0.00417583887405606,0.417584,0.0321854352613003,0.0485547236476001,3.218544,4.855472,"4.04(3.22-4.86)",18,"Success"
56,"colorectum","Poisson","both",0.0759990785703578,7.599908,8.75186384226203e-07,0.000935513967948209,0.093551,0.0741654711931793,0.0778326859475363,7.416547,7.783269,"7.60(7.42-7.78)",18,"Success",0.0367127691261308,3.671277,4.78461823138072e-07,0.000691709348742716,0.069171,0.035357018802595,0.0380685194496665,3.535702,3.806852,"3.67(3.54-3.81)",18,"Success"
442,"colorectum","Poisson","both",0.0755132864567202,7.551329,2.41382404425537e-05,0.00491306833277879,0.491307,0.0658836725244738,0.0851429003889666,6.588367,8.51429,"7.55(6.59-8.51)",18,"Success",0.0319586206057277,3.195862,1.07228273914561e-05,0.00327457285633655,0.327457,0.025540457807308,0.0383767834041473,2.554046,3.837678,"3.20(2.55-3.84)",18,"Success"
124,"colorectum","Poisson","both",0.0738719875065679,7.387199,3.15026243079568e-07,0.00056127198672263,0.056127,0.0727718944125915,0.0749720806005442,7.277189,7.497208,"7.39(7.28-7.50)",18,"Success",0.0507811679722935,5.078117,2.81674690228145e-07,0.000530730336638245,0.053073,0.0497409365124825,0.0518213994321045,4.974094,5.18214,"5.08(4.97-5.18)",18,"Success"
276,"colorectum","Poisson","both",0.0738703196934781,7.387032,1.00162980332412e-07,0.000316485355636579,0.031649,0.0732500083964304,0.0744906309905257,7.325001,7.449063,"7.39(7.33-7.45)",18,"Success",0.0334801157221045,3.348012,4.73220798774521e-08,0.000217536387479088,0.021754,0.0330537444026454,0.0339064870415635,3.305374,3.390649,"3.35(3.31-3.39)",18,"Success"
981,"colorectum","Poisson","both",0.0738138243531752,7.381382,6.99938364928133e-09,8.36623191722614e-05,0.008366,0.0736498462075976,0.0739778024987529,7.364985,7.39778,"7.38(7.36-7.40)",18,"Success",0.0379614098404897,3.796141,4.14124809572087e-09,6.43525298315527e-05,0.006435,0.0378352788820198,0.0380875407989595,3.783528,3.808754,"3.80(3.78-3.81)",18,"Success"
203,"colorectum","Poisson","both",0.0733455044723217,7.33455,9.27276594598204e-07,0.000962952020922229,0.096295,0.0714581185113142,0.0752328904333293,7.145812,7.523289,"7.33(7.15-7.52)",18,"Success",0.0391215852660921,3.912159,5.67517657118786e-07,0.000753337678016164,0.075334,0.0376450434171804,0.0405981271150038,3.764504,4.059813,"3.91(3.76-4.06)",18,"Success"
246,"colorectum","Poisson","both",0.0729891417402253,7.298914,1.5757517722262e-06,0.0012552895172932,0.125529,0.0705287742863306,0.07544950919412,7.052877,7.544951,"7.30(7.05-7.54)",18,"Success",0.0311217034467862,3.11217,7.16402909291378e-07,0.000846405877396523,0.084641,0.0294627479270891,0.0327806589664834,2.946275,3.278066,"3.11(2.95-3.28)",18,"Success"
300,"colorectum","Poisson","both",0.0708874161153662,7.088742,7.06385359422598e-07,0.000840467345839562,0.084047,0.0692401001175206,0.0725347321132117,6.92401,7.253473,"7.09(6.92-7.25)",18,"Success",0.0374293496339333,3.742935,3.97996048439572e-07,0.000630869279993544,0.063087,0.0361928458451459,0.0386658534227206,3.619285,3.866585,"3.74(3.62-3.87)",18,"Success"
756,"colorectum","Poisson","both",0.0705277550375549,7.052776,1.14035710918311e-06,0.00106787504380574,0.106788,0.0684347199516956,0.0726207901234141,6.843472,7.262079,"7.05(6.84-7.26)",18,"Success",0.0304438270708353,3.044383,5.54953893607734e-07,0.00074495227606051,0.074495,0.0289837206097567,0.0319039335319139,2.898372,3.190393,"3.04(2.90-3.19)",18,"Success"
688,"colorectum","Poisson","both",0.069491141573598,6.949114,1.10201582486094e-06,0.00104976941509121,0.104977,0.0674335935200192,0.0715486896271768,6.743359,7.154869,"6.95(6.74-7.15)",18,"Success",0.0427787440700571,4.277874,7.68098588733819e-07,0.000876412339446347,0.087641,0.0410609758847423,0.044496512255372,4.106098,4.449651,"4.28(4.11-4.45)",18,"Success"
112,"colorectum","Poisson","both",0.0686590567124074,6.865906,9.82346160974449e-07,0.00099113377551895,0.099113,0.0667164345123902,0.0706016789124245,6.671643,7.060168,"6.87(6.67-7.06)",18,"Success",0.0372946912345074,3.729469,5.95394565916239e-07,0.000771618147736456,0.077162,0.035782319664944,0.0388070628040709,3.578232,3.880706,"3.73(3.58-3.88)",18,"Success"
642,"colorectum","Poisson","both",0.0684069069863303,6.840691,4.1841198573323e-07,0.000646847729943632,0.064685,0.0671390854356408,0.0696747285370199,6.713909,6.967473,"6.84(6.71-6.97)",18,"Success",0.0420596831566557,4.205968,2.88277449029444e-07,0.000536914750243876,0.053691,0.0410073302461777,0.0431120360671337,4.100733,4.311204,"4.21(4.10-4.31)",18,"Success"
388,"colorectum","Poisson","both",0.0662107499012565,6.621075,1.02906228766145e-05,0.00320790007272896,0.32079,0.0599232657587077,0.0724982340438052,5.992327,7.249823,"6.62(5.99-7.25)",18,"Success",0.0471805744765592,4.718057,7.87131217515113e-06,0.00280558588803678,0.280559,0.0416816261360071,0.0526795228171112,4.168163,5.267952,"4.72(4.17-5.27)",18,"Success"
376,"colorectum","Poisson","both",0.0654306342571938,6.543063,1.82691651184051e-06,0.00135163475533907,0.135163,0.0627814301367292,0.0680798383776584,6.278143,6.807984,"6.54(6.28-6.81)",18,"Success",0.0384375439053567,3.843754,1.27246731079241e-06,0.00112803692793827,0.112804,0.0362265915265977,0.0406484962841157,3.622659,4.06485,"3.84(3.62-4.06)",18,"Success"
410,"colorectum","Poisson","both",0.0654109096463553,6.541091,2.12798323421235e-07,0.00046130068656055,0.04613,0.0645067603006967,0.066315058992014,6.450676,6.631506,"6.54(6.45-6.63)",18,"Success",0.0366909855109176,3.669099,1.56734222327593e-07,0.000395896731898096,0.03959,0.0359150279163973,0.0374669431054379,3.591503,3.746694,"3.67(3.59-3.75)",18,"Success"
923,"colorectum","Poisson","both",0.065292572765388,6.529257,3.16277384685738e-08,0.000177841891770679,0.017784,0.0649440026575175,0.0656411428732585,6.4944,6.564114,"6.53(6.49-6.56)",18,"Success",0.0391140173403755,3.911402,2.1940374772848e-08,0.000148122836770189,0.014812,0.0388236965803059,0.0394043381004451,3.88237,3.940434,"3.91(3.88-3.94)",18,"Success"
52,"colorectum","Poisson","both",0.064700724710281,6.470072,3.77375042769881e-05,0.00614308589204059,0.614309,0.0526602763618814,0.0767411730586805,5.266028,7.674117,"6.47(5.27-7.67)",18,"Success",0.0483328628722702,4.833286,2.99596390889029e-05,0.00547353990475112,0.547354,0.037604724658958,0.0590610010855824,3.760472,5.9061,"4.83(3.76-5.91)",18,"Success"
196,"colorectum","Poisson","both",0.0634700669876215,6.347007,9.35983661119998e-06,0.00305938500538915,0.305939,0.0574736723770588,0.0694664615981843,5.747367,6.946646,"6.35(5.75-6.95)",18,"Success",0.0453406219158422,4.534062,7.71437029295312e-06,0.00277747552517626,0.277748,0.0398967698864967,0.0507844739451877,3.989677,5.078447,"4.53(3.99-5.08)",18,"Success"
100,"colorectum","Poisson","both",0.063253309576212,6.325331,9.20461000888516e-07,0.00095940658789093,0.095941,0.0613728726639458,0.0651337464884782,6.137287,6.513375,"6.33(6.14-6.51)",18,"Success",0.0383226728369355,3.832267,6.29479978287405e-07,0.000793397742804581,0.07934,0.0367676132610385,0.0398777324128325,3.676761,3.987773,"3.83(3.68-3.99)",18,"Success"
96,"colorectum","Poisson","both",0.062759873284538,6.275987,4.98109370275701e-05,0.0070576863792301,0.705769,0.048926807981247,0.076592938587829,4.892681,7.659294,"6.28(4.89-7.66)",18,"Success",0.0481253711267155,4.812537,5.20116919726028e-05,0.00721191319780007,0.721191,0.0339900212590274,0.0622607209944037,3.399002,6.226072,"4.81(3.40-6.23)",18,"Success"
643,"colorectum","Poisson","both",0.0624481799574619,6.244818,6.50859624974761e-08,0.000255119506305332,0.025512,0.0619481457251035,0.0629482141898204,6.194815,6.294821,"6.24(6.19-6.29)",18,"Success",0.0364049062410622,3.640491,4.47247075835503e-08,0.000211482168476565,0.021148,0.0359904011908481,0.0368194112912762,3.59904,3.681941,"3.64(3.60-3.68)",18,"Success"
474,"colorectum","Poisson","both",0.0612251107425973,6.122511,2.32224910059713e-05,0.00481897198642733,0.481897,0.0517799256491998,0.0706702958359949,5.177993,7.06703,"6.12(5.18-7.07)",16,"Success",0.0351491157098274,3.514912,1.54501544026583e-05,0.00393066844221925,0.393067,0.0274450055630777,0.0428532258565771,2.744501,4.285323,"3.51(2.74-4.29)",16,"Success"
192,"colorectum","Poisson","both",0.0606152381736678,6.061524,1.03540884875908e-06,0.00101755041583161,0.101755,0.0586208393586379,0.0626096369886978,5.862084,6.260964,"6.06(5.86-6.26)",18,"Success",0.0430257751365959,4.302578,8.27741350308464e-07,0.000909802918388628,0.09098,0.0412425614165542,0.0448089888566376,4.124256,4.480899,"4.30(4.12-4.48)",18,"Success"
498,"colorectum","Poisson","both",0.0598838654377512,5.988387,2.71148695497131e-06,0.00164665933179007,0.164666,0.0566564131474426,0.0631113177280597,5.665641,6.311132,"5.99(5.67-6.31)",18,"Success",0.0406090551784597,4.060906,2.12152693952733e-06,0.00145654623665963,0.145655,0.0377542245546068,0.0434638858023126,3.775422,4.346389,"4.06(3.78-4.35)",18,"Success"
600,"colorectum","Poisson","both",0.0598724753578687,5.987248,4.19874850974769e-06,0.00204908479808613,0.204908,0.0558562691536198,0.0638886815621175,5.585627,6.388868,"5.99(5.59-6.39)",18,"Success",0.0313206363016906,3.132064,2.51301883170312e-06,0.00158525040031634,0.158525,0.0282135455170706,0.0344277270863107,2.821355,3.442773,"3.13(2.82-3.44)",18,"Success"
906,"colorectum","Poisson","both",0.0565307196261881,5.653072,6.821824968578e-09,8.25943398095656e-05,0.008259,0.0563688347201614,0.0566926045322149,5.636883,5.66926,"5.65(5.64-5.67)",18,"Success",0.0328461571918384,3.284616,4.86491168644231e-09,6.97489188908495e-05,0.006975,0.0327094493108124,0.0329828650728645,3.270945,3.298287,"3.28(3.27-3.30)",18,"Success"
428,"colorectum","Poisson","both",0.0564560986590306,5.64561,3.21332292506032e-06,0.00179257438480536,0.179257,0.0529426528648121,0.0599695444532491,5.294265,5.996954,"5.65(5.29-6.00)",18,"Success",0.0345524066199004,3.455241,2.1165299861393e-06,0.00145482988219905,0.145483,0.0317009400507902,0.0374038731890105,3.170094,3.740387,"3.46(3.17-3.74)",18,"Success"
152,"colorectum","Poisson","both",0.0564539488805435,5.645395,6.57062695730867e-07,0.000810594038795541,0.081059,0.0548651845645043,0.0580427131965828,5.486518,5.804271,"5.65(5.49-5.80)",18,"Success",0.0319723722063159,3.197237,4.13727642584449e-07,0.000643216637366019,0.064322,0.0307116675970785,0.0332330768155533,3.071167,3.323308,"3.20(3.07-3.32)",18,"Success"
905,"colorectum","Poisson","both",0.0560900858564993,5.609009,2.38810775597166e-08,0.000154535036673618,0.015454,0.055787197184619,0.0563929745283796,5.57872,5.639297,"5.61(5.58-5.64)",18,"Success",0.0262235219746237,2.622352,1.42708330836652e-08,0.000119460592178614,0.011946,0.0259893792139536,0.0264576647352938,2.598938,2.645766,"2.62(2.60-2.65)",18,"Success"
638,"colorectum","Poisson","both",0.0554036687349405,5.540367,1.54770910302434e-05,0.00393409341910476,0.393409,0.0476928456334952,0.0631144918363858,4.769285,6.311449,"5.54(4.77-6.31)",18,"Success",0.0401916850732089,4.019169,1.49640498324759e-05,0.00386833941536623,0.386834,0.0326097398190911,0.0477736303273267,3.260974,4.777363,"4.02(3.26-4.78)",18,"Success"
630,"colorectum","Poisson","both",0.0549458213788014,5.494582,2.11864478544607e-06,0.00145555652086962,0.145556,0.052092930597897,0.0577987121597059,5.209293,5.779871,"5.49(5.21-5.78)",18,"Success",0.0329901210304106,3.299012,1.44422532376854e-06,0.00120175926198575,0.120176,0.0306346728769186,0.0353455691839027,3.063467,3.534557,"3.30(3.06-3.53)",18,"Success"
780,"colorectum","Poisson","both",0.0545699034841152,5.45699,1.57248315912513e-05,0.00396545477735547,0.396545,0.0467976121204985,0.0623421948477319,4.679761,6.234219,"5.46(4.68-6.23)",18,"Success",0.0387413016176679,3.87413,1.24829169699569e-05,0.00353311717467124,0.353312,0.0318163919553123,0.0456662112800235,3.181639,4.566621,"3.87(3.18-4.57)",18,"Success"
51,"colorectum","Poisson","both",0.0543800276878903,5.438003,3.75845680122467e-06,0.00193867398012783,0.193867,0.0505802266868398,0.0581798286889409,5.058023,5.817983,"5.44(5.06-5.82)",18,"Success",0.0286732328051586,2.867323,2.20226579186449e-06,0.00148400329914205,0.1484,0.0257645863388402,0.031581879271477,2.576459,3.158188,"2.87(2.58-3.16)",18,"Success"
608,"colorectum","Poisson","both",0.0538615602098425,5.386156,3.5555401143599e-07,0.00059628349921492,0.059628,0.0526928445513813,0.0550302758683038,5.269284,5.503028,"5.39(5.27-5.50)",18,"Success",0.0391074966504961,3.91075,3.29278442340124e-07,0.000573827885641787,0.057383,0.0379827939946382,0.040232199306354,3.798279,4.02322,"3.91(3.80-4.02)",18,"Success"
840,"colorectum","Poisson","both",0.0538548842355619,5.385488,2.53037728626185e-08,0.000159071596655778,0.015907,0.0535431039061166,0.0541666645650072,5.35431,5.416666,"5.39(5.35-5.42)",18,"Success",0.0230832450828122,2.308325,1.35458315606561e-08,0.000116386560910855,0.011639,0.022855127423427,0.0233113627421975,2.285513,2.331136,"2.31(2.29-2.33)",18,"Success"
32,"colorectum","Poisson","both",0.0535608062007831,5.356081,2.32912060709964e-07,0.000482609635948106,0.048261,0.0526148913143248,0.0545067210872414,5.261489,5.450672,"5.36(5.26-5.45)",18,"Success",0.0341409570509432,3.414096,1.67560389224459e-07,0.000409341409125022,0.040934,0.0333386478890582,0.0349432662128283,3.333865,3.494327,"3.41(3.33-3.49)",18,"Success"
76,"colorectum","Poisson","both",0.0521176266243095,5.211763,7.37346046116353e-08,0.000271541165593056,0.027154,0.0515854059397471,0.0526498473088719,5.158541,5.264985,"5.21(5.16-5.26)",18,"Success",0.0284596686084394,2.845967,4.42222701993992e-08,0.000210290918014543,0.021029,0.0280474984091309,0.0288718388077479,2.80475,2.887184,"2.85(2.80-2.89)",18,"Success"
915,"colorectum","Poisson","both",0.0518065261858674,5.180653,3.47035555425617e-07,0.00058909723766592,0.05891,0.0506518956000422,0.0529611567716926,5.06519,5.296116,"5.18(5.07-5.30)",18,"Success",0.0351602165824659,3.516022,2.63309478000783e-07,0.000513136899862778,0.051314,0.0341544682587348,0.0361659649061969,3.415447,3.616596,"3.52(3.42-3.62)",18,"Success"
540,"colorectum","Poisson","both",0.0515533596336305,5.155336,4.15176454940514e-05,0.00644341877376067,0.644342,0.0389242588370596,0.0641824604302014,3.892426,6.418246,"5.16(3.89-6.42)",18,"Success",0.0223106290050333,2.231063,1.93697365541066e-05,0.00440110628752664,0.440111,0.0136844606814811,0.0309367973285856,1.368446,3.09368,"2.23(1.37-3.09)",18,"Success"
440,"colorectum","Poisson","both",0.0513498145398046,5.134981,1.96541276237068e-06,0.00140193179661875,0.140193,0.0486020282184318,0.0540976008611773,4.860203,5.40976,"5.13(4.86-5.41)",18,"Success",0.0348383602870708,3.483836,1.42932784383437e-06,0.00119554499866562,0.119554,0.0324950920896862,0.0371816284844554,3.249509,3.718163,"3.48(3.25-3.72)",18,"Success"
40,"colorectum","Poisson","both",0.0513150632064937,5.131506,6.83332486947906e-07,0.000826639272565674,0.082664,0.049694850232265,0.0529352761807225,4.969485,5.293528,"5.13(4.97-5.29)",18,"Success",0.029844158289312,2.984416,4.46713986266379e-07,0.000668366655561436,0.066837,0.0285341596444116,0.0311541569342124,2.853416,3.115416,"2.98(2.85-3.12)",18,"Success"
312,"colorectum","Poisson","both",0.0506510642820882,5.065106,1.7271457936631e-05,0.00415589436061975,0.415589,0.0425055113352735,0.0587966172289029,4.250551,5.879662,"5.07(4.25-5.88)",18,"Success",0.032408519502796,3.240852,1.36730898975465e-05,0.00369771414492069,0.369771,0.0251609997787514,0.0396560392268405,2.5161,3.965604,"3.24(2.52-3.97)",18,"Success"
316,"colorectum","Poisson","both",0.0503181824575665,5.031818,0.000130351838094799,0.0114171729466974,1.141717,0.0279405234820396,0.0726958414330934,2.794052,7.269584,"5.03(2.79-7.27)",18,"Success",0.0402764999747144,4.02765,0.000122412395693123,0.0110640135436072,1.106401,0.0185910334292443,0.0619619665201845,1.859103,6.196197,"4.03(1.86-6.20)",18,"Success"
70,"colorectum","Poisson","both",0.0501186664085486,5.011867,1.71671085059858e-06,0.0013102331283396,0.131023,0.047550609477003,0.0526867233400942,4.755061,5.268672,"5.01(4.76-5.27)",18,"Success",0.0338685339618645,3.386853,1.37070670032987e-06,0.00117077183956989,0.117077,0.0315738211563075,0.0361632467674215,3.157382,3.616325,"3.39(3.16-3.62)",18,"Success"
156,"colorectum","Poisson","both",0.0491485106570008,4.914851,7.53809491224416e-09,8.68222028760164e-05,0.008682,0.0489783391393638,0.0493186821746378,4.897834,4.931868,"4.91(4.90-4.93)",18,"Success",0.0305331415347092,3.053314,6.01969620596951e-09,7.75867012185047e-05,0.007759,0.0303810716003209,0.0306852114690974,3.038107,3.068521,"3.05(3.04-3.07)",18,"Success"
740,"colorectum","Poisson","both",0.0491332400009386,4.913324,3.51787070385428e-05,0.00593116405425973,0.593116,0.0375081584545896,0.0607583215472877,3.750816,6.075832,"4.91(3.75-6.08)",18,"Success",0.0277095809623688,2.770958,2.16706755370072e-05,0.00465517728309107,0.465518,0.0185854334875103,0.0368337284372273,1.858543,3.683373,"2.77(1.86-3.68)",18,"Success"
931,"colorectum","Poisson","both",0.0488785441259226,4.887854,3.30323552274971e-08,0.000181748054260553,0.018175,0.048522317939572,0.0492347703122733,4.852232,4.923477,"4.89(4.85-4.92)",18,"Success",0.0279256386882112,2.792564,2.10722110835943e-08,0.000145162705553439,0.014516,0.0276411197853265,0.028210157591096,2.764112,2.821016,"2.79(2.76-2.82)",18,"Success"
807,"colorectum","Poisson","both",0.0487616728377524,4.876167,3.52404523659643e-06,0.00187724405355202,0.187724,0.0450822744927904,0.0524410711827144,4.508227,5.244107,"4.88(4.51-5.24)",18,"Success",0.0319868057024311,3.198681,2.67692647019817e-06,0.00163613155650705,0.163613,0.0287799878516773,0.0351936235531849,2.877999,3.519362,"3.20(2.88-3.52)",18,"Success"
804,"colorectum","Poisson","both",0.0472723601919066,4.727236,1.41614940305712e-07,0.000376317605628161,0.037632,0.0465347776848754,0.0480099426989378,4.653478,4.800994,"4.73(4.65-4.80)",18,"Success",0.0281448914248542,2.814489,9.55951141430963e-08,0.00030918459557859,0.030918,0.0275388896175202,0.0287508932321883,2.753889,2.875089,"2.81(2.75-2.88)",18,"Success"
332,"colorectum","Poisson","both",0.0469545128314336,4.695451,4.1579646526212e-06,0.00203910878881466,0.203911,0.0429578596053568,0.0509511660575103,4.295786,5.095117,"4.70(4.30-5.10)",18,"Success",0.0324425384299754,3.244254,2.95952292797921e-06,0.00172032640158175,0.172033,0.0290706986828752,0.0358143781770756,2.90707,3.581438,"3.24(2.91-3.58)",18,"Success"
458,"colorectum","Poisson","both",0.0464500580939194,4.645006,6.6423927363299e-07,0.000815008756783012,0.081501,0.0448526409306247,0.0480474752572141,4.485264,4.804748,"4.65(4.49-4.80)",18,"Success",0.0337927848677034,3.379278,6.23808404350863e-07,0.000789815424229524,0.078982,0.0322447466362136,0.0353408230991933,3.224475,3.534082,"3.38(3.22-3.53)",18,"Success"
170,"colorectum","Poisson","both",0.0462211952524787,4.62212,3.52028154525626e-07,0.000593319605714851,0.059332,0.0450582888252776,0.0473841016796798,4.505829,4.73841,"4.62(4.51-4.74)",18,"Success",0.0278758058180052,2.787581,2.41850548879916e-07,0.00049178303028868,0.049178,0.0269119110786394,0.028839700557371,2.691191,2.88397,"2.79(2.69-2.88)",18,"Success"
900,"colorectum","Poisson","both",0.046142550047962,4.614255,1.71899548184729e-09,4.14607703962106e-05,0.004146,0.0460612869379854,0.0462238131579386,4.606129,4.622381,"4.61(4.61-4.62)",18,"Success",0.0267823768436352,2.678238,1.19130371508595e-09,3.45152678547618e-05,0.003452,0.0267147269186399,0.0268500267686305,2.671473,2.685003,"2.68(2.67-2.69)",18,"Success"
499,"colorectum","Poisson","both",0.0457022269136088,4.570223,1.04697497483539e-05,0.00323569926729199,0.32357,0.0393602563497165,0.0520441974775011,3.936026,5.20442,"4.57(3.94-5.20)",18,"Success",0.0322896183782573,3.228962,8.69440161421283e-06,0.00294862707275994,0.294863,0.0265103093156478,0.0380689274408667,2.651031,3.806893,"3.23(2.65-3.81)",18,"Success"
954,"colorectum","Poisson","both",0.045016588804364,4.501659,4.84723163629466e-05,0.00696220628557834,0.696221,0.0313706644846305,0.0586625131240976,3.137066,5.866251,"4.50(3.14-5.87)",18,"Success",0.034325200282359,3.43252,4.47090536839489e-05,0.00668648290837185,0.668648,0.0212196937819502,0.0474307067827679,2.121969,4.743071,"3.43(2.12-4.74)",18,"Success"
591,"colorectum","Poisson","both",0.0440866738426489,4.408667,4.38723601782132e-06,0.0020945729917626,0.209457,0.0399813107787943,0.0481920369065036,3.998131,4.819204,"4.41(4.00-4.82)",18,"Success",0.0240855227131498,2.408552,2.71776283664183e-06,0.00164856387096219,0.164856,0.0208543375260639,0.0273167079002357,2.085434,2.731671,"2.41(2.09-2.73)",18,"Success"
792,"colorectum","Poisson","both",0.0431510704596296,4.315107,1.31847206622608e-07,0.000363107706641718,0.036311,0.0424393793546118,0.0438627615646473,4.243938,4.386276,"4.32(4.24-4.39)",18,"Success",0.0286870787704534,2.868708,1.04098379175653e-07,0.000322642804314079,0.032264,0.0280546988739978,0.029319458666909,2.80547,2.931946,"2.87(2.81-2.93)",18,"Success"
434,"colorectum","Poisson","both",0.0429727841994178,4.297278,4.15813640090447e-06,0.00203915090194533,0.203915,0.0389760484316049,0.0469695199672306,3.897605,4.696952,"4.30(3.90-4.70)",18,"Success",0.0456071168835744,4.560712,5.37207840353211e-06,0.00231777445053053,0.231777,0.0410642789605345,0.0501499548066142,4.106428,5.014995,"4.56(4.11-5.01)",18,"Success"
862,"colorectum","Poisson","both",0.0427719428728513,4.277194,5.32868849647801e-07,0.000729978663830527,0.072998,0.0413411846917434,0.0442027010539591,4.134118,4.42027,"4.28(4.13-4.42)",18,"Success",0.0217914962035016,2.17915,3.20289013086572e-07,0.000565940821187668,0.056594,0.0206822521939738,0.0229007402130294,2.068225,2.290074,"2.18(2.07-2.29)",18,"Success"
12,"colorectum","Poisson","both",0.0415920929101229,4.159209,4.70954082255434e-07,0.000686260943268254,0.068626,0.0402470214613171,0.0429371643589287,4.024702,4.293716,"4.16(4.02-4.29)",18,"Success",0.0323049231022412,3.230492,4.61988945255271e-07,0.000679697686663175,0.06797,0.0309727156363814,0.0336371305681011,3.097272,3.363713,"3.23(3.10-3.36)",18,"Success"
882,"colorectum","Poisson","both",0.0412424916756852,4.124249,5.77087407801649e-05,0.00759662693438113,0.759663,0.0263531028842982,0.0561318804670723,2.63531,5.613188,"4.12(2.64-5.61)",18,"Success",0.0252023254514597,2.520233,4.35890546882259e-05,0.00660220074582907,0.66022,0.0122620119896347,0.0381426389132847,1.226201,3.814264,"2.52(1.23-3.81)",18,"Success"
188,"colorectum","Poisson","both",0.0411668316173967,4.116683,2.33113042605819e-06,0.00152680399071334,0.15268,0.0381742957955985,0.0441593674391949,3.81743,4.415937,"4.12(3.82-4.42)",18,"Success",0.0299540824869723,2.995408,1.92095942560229e-06,0.00138598680571003,0.138599,0.0272375483477807,0.032670616626164,2.723755,3.267062,"3.00(2.72-3.27)",18,"Success"
44,"colorectum","Poisson","both",0.0409674258193379,4.096743,2.89115504266997e-05,0.00537694619897761,0.537695,0.0304286112693418,0.051506240369334,3.042861,5.150624,"4.10(3.04-5.15)",18,"Success",0.0251737825334991,2.517378,1.52391255668615e-05,0.00390373226116514,0.390373,0.0175224673016154,0.0328250977653827,1.752247,3.28251,"2.52(1.75-3.28)",18,"Success"
258,"colorectum","Poisson","both",0.0409611127625048,4.096111,7.50589194886238e-05,0.00866365508827676,0.866366,0.0239803487894823,0.0579418767355272,2.398035,5.794188,"4.10(2.40-5.79)",18,"Success",0.017315667668705,1.731567,1.49285512524708e-05,0.00386374834227991,0.386375,0.00974272091783637,0.0248886144195736,0.974272,2.488861,"1.73(0.97-2.49)",18,"Success"
982,"colorectum","Poisson","both",0.0407791515258393,4.077915,3.7157546789213e-09,6.09569904024247e-05,0.006096,0.0406596758246505,0.040898627227028,4.065968,4.089863,"4.08(4.07-4.09)",18,"Success",0.0255689347642112,2.556893,2.92183302200285e-09,5.4053982480506e-05,0.005405,0.0254629889585494,0.025674880569873,2.546299,2.567488,"2.56(2.55-2.57)",18,"Success"
480,"colorectum","Poisson","both",0.0397699283144367,3.976993,7.25734307261071e-06,0.00269394563282385,0.269395,0.034489794874102,0.0450500617547715,3.448979,4.505006,"3.98(3.45-4.51)",18,"Success",0.023747451384711,2.374745,5.52495573206219e-06,0.00235052243811077,0.235052,0.0191404274060139,0.0283544753634081,1.914043,2.835448,"2.37(1.91-2.84)",18,"Success"
275,"colorectum","Poisson","both",0.0382722518082814,3.827225,6.47309671831629e-06,0.00254422811837231,0.254423,0.0332855646962717,0.0432589389202911,3.328556,4.325894,"3.83(3.33-4.33)",18,"Success",0.0276322671565567,2.763227,5.72731901498737e-06,0.0023931817764197,0.239318,0.022941630874774,0.0323229034383393,2.294163,3.23229,"2.76(2.29-3.23)",18,"Success"
218,"colorectum","Poisson","both",0.0375373967471146,3.75374,9.79068230966496e-07,0.000989478767314638,0.098948,0.0355980183631779,0.0394767751310513,3.559802,3.947678,"3.75(3.56-3.95)",18,"Success",0.0225394804710138,2.253948,6.6455363769601e-07,0.000815201593285986,0.08152,0.0209416853481733,0.0241372755938543,2.094169,2.413728,"2.25(2.09-2.41)",18,"Success"
214,"colorectum","Poisson","both",0.0370459202743835,3.704592,1.42822642218398e-06,0.00119508427409283,0.119508,0.0347035550971616,0.0393882854516055,3.470356,3.938829,"3.70(3.47-3.94)",18,"Success",0.0210750808715652,2.107508,8.48578665131609e-07,0.00092118329616402,0.092118,0.0192695616110837,0.0228806001320467,1.926956,2.28806,"2.11(1.93-2.29)",18,"Success"
922,"colorectum","Poisson","both",0.0370176346196868,3.701763,5.80468822040025e-08,0.00024092920579291,0.024093,0.0365454133763327,0.0374898558630409,3.654541,3.748986,"3.70(3.65-3.75)",18,"Success",0.0247100120516019,2.471001,4.59202057244624e-08,0.000214290003790336,0.021429,0.0242900036441729,0.025130020459031,2.429,2.513002,"2.47(2.43-2.51)",18,"Success"
764,"colorectum","Poisson","both",0.0364887215880265,3.648872,1.07977753466778e-07,0.000328599685737491,0.03286,0.035844666203981,0.037132776972072,3.584467,3.713278,"3.65(3.58-3.71)",18,"Success",0.0236005569292698,2.360056,8.6999928019873e-08,0.000294957502057285,0.029496,0.0230224402252375,0.0241786736333021,2.302244,2.417867,"2.36(2.30-2.42)",18,"Success"
957,"colorectum","Poisson","both",0.0363149571804913,3.631496,1.88073902610949e-05,0.00433674881231262,0.433675,0.0278149295083586,0.0448149848526241,2.781493,4.481498,"3.63(2.78-4.48)",18,"Success",0.0187635140374657,1.876351,7.50615376731132e-06,0.00273973607621452,0.273974,0.0133936313280852,0.0241333967468461,1.339363,2.41334,"1.88(1.34-2.41)",18,"Success"
254,"colorectum","Poisson","both",0.0360703962316165,3.60704,4.60779290348255e-05,0.0067880725566854,0.678807,0.0227657740205131,0.0493750184427199,2.276577,4.937502,"3.61(2.28-4.94)",17,"Success",0.0251915065729636,2.519151,4.67615269448429e-05,0.00683824004732525,0.683824,0.0117885560802061,0.0385944570657211,1.178856,3.859446,"2.52(1.18-3.86)",17,"Success"
48,"colorectum","Poisson","both",0.0355508667583202,3.555087,2.43040204027047e-05,0.00492991079054222,0.492991,0.0258882416088575,0.045213491907783,2.588824,4.521349,"3.56(2.59-4.52)",18,"Success",0.0214616229915904,2.146162,1.97143360316706e-05,0.00444008288567573,0.444008,0.012759060535666,0.0301641854475148,1.275906,3.016419,"2.15(1.28-3.02)",18,"Success"
268,"colorectum","Poisson","both",0.034984738666359,3.498474,1.36071937091502e-06,0.00116649876592949,0.11665,0.0326984010851372,0.0372710762475808,3.26984,3.727108,"3.50(3.27-3.73)",18,"Success",0.0223971993074081,2.23972,9.65332842993295e-07,0.000982513533236716,0.098251,0.0204714727822642,0.0243229258325521,2.047147,2.432293,"2.24(2.05-2.43)",18,"Success"
408,"colorectum","Poisson","both",0.0346197862980753,3.461979,2.51693186078106e-07,0.000501690328866429,0.050169,0.0336364732534971,0.0356030993426535,3.363647,3.56031,"3.46(3.36-3.56)",18,"Success",0.021524793647522,2.152479,1.70698097383726e-07,0.000413156262670344,0.041316,0.0207150073726881,0.0223345799223559,2.071501,2.233458,"2.15(2.07-2.23)",18,"Success"
558,"colorectum","Poisson","both",0.0333490860986117,3.334909,3.52489800647035e-06,0.0018774711732728,0.187747,0.029669242598997,0.0370289295982264,2.966924,3.702893,"3.33(2.97-3.70)",18,"Success",0.0204675649003168,2.046756,2.2184401336251e-06,0.00148944289371063,0.148944,0.0175482568286439,0.0233868729719896,1.754826,2.338687,"2.05(1.75-2.34)",18,"Success"
682,"colorectum","Poisson","both",0.0333055757997326,3.330558,1.01339154927882e-06,0.00100667350679295,0.100667,0.0313324957264185,0.0352786558730468,3.13325,3.527866,"3.33(3.13-3.53)",18,"Success",0.0216313032766471,2.16313,8.50891455768531e-07,0.000922437778805992,0.092244,0.0198233252301874,0.0234392813231068,1.982333,2.343928,"2.16(1.98-2.34)",18,"Success"
662,"colorectum","Poisson","both",0.0327718645504864,3.277186,5.29674196826247e-05,0.0072778719199107,0.727787,0.0185072355874614,0.0470364935135114,1.850724,4.703649,"3.28(1.85-4.70)",18,"Success",0.0259924275549724,2.599243,4.81639278926792e-05,0.00694002362335167,0.694002,0.0123899812532031,0.0395948738567416,1.238998,3.959487,"2.60(1.24-3.96)",18,"Success"
398,"colorectum","Poisson","both",0.0324062778327278,3.240628,5.47500708559311e-07,0.000739932908147293,0.073993,0.0309560093327591,0.0338565463326965,3.095601,3.385655,"3.24(3.10-3.39)",18,"Success",0.020243061213105,2.024306,3.95352032659641e-07,0.000628770254273881,0.062877,0.0190106715147282,0.0214754509114818,1.901067,2.147545,"2.02(1.90-2.15)",18,"Success"
328,"colorectum","Poisson","both",0.0323814265911365,3.238143,2.72115645002253e-05,0.00521647050219066,0.521647,0.0221571444068428,0.0426057087754301,2.215714,4.260571,"3.24(2.22-4.26)",18,"Success",0.0206297276238889,2.062973,1.77684202917646e-05,0.0042152604061629,0.421526,0.0123678172278096,0.0288916380199681,1.236782,2.889164,"2.06(1.24-2.89)",18,"Success"
920,"colorectum","Poisson","both",0.031931175619992,3.193118,1.78651889776139e-08,0.00013366072339178,0.013366,0.0316692006021441,0.0321931506378398,3.16692,3.219315,"3.19(3.17-3.22)",18,"Success",0.0217617128830067,2.176171,1.52057263114872e-08,0.000123311501132243,0.012331,0.0215200223407875,0.0220034034252259,2.152002,2.20034,"2.18(2.15-2.20)",18,"Success"
604,"colorectum","Poisson","both",0.0314324866187032,3.143249,2.59935855002067e-07,0.000509839048133886,0.050984,0.0304332020843607,0.0324317711530456,3.04332,3.243177,"3.14(3.04-3.24)",18,"Success",0.0180788246382656,1.807882,1.62752041712171e-07,0.000403425385557443,0.040343,0.017288110882573,0.0188695383939582,1.728811,1.886954,"1.81(1.73-1.89)",18,"Success"
784,"colorectum","Poisson","both",0.0308692251587778,3.086923,9.27030618264468e-06,0.00304471775089986,0.304472,0.0249015783670141,0.0368368719505416,2.490158,3.683687,"3.09(2.49-3.68)",18,"Success",0.019043176300339,1.904318,8.00373622874734e-06,0.00282908752581947,0.282909,0.0134981647497329,0.0245881878509452,1.349816,2.458819,"1.90(1.35-2.46)",18,"Success"
400,"colorectum","Poisson","both",0.0307365286181107,3.073653,2.17044683155491e-06,0.00147324364297115,0.147324,0.0278489710778873,0.0336240861583342,2.784897,3.362409,"3.07(2.78-3.36)",18,"Success",0.0205037908402044,2.050379,1.87927477332436e-06,0.00137086643161336,0.137087,0.0178168926342422,0.0231906890461666,1.781689,2.319069,"2.05(1.78-2.32)",18,"Success"
422,"colorectum","Poisson","both",0.0301432681000952,3.014327,1.522375882706e-06,0.0012338459720346,0.123385,0.0277249299949074,0.032561606205283,2.772493,3.256161,"3.01(2.77-3.26)",18,"Success",0.02082961421455,2.082961,1.25733925102594e-06,0.00112131139788461,0.112131,0.0186318438746962,0.0230273845544039,1.863184,2.302738,"2.08(1.86-2.30)",18,"Success"
462,"colorectum","Poisson","both",0.0295884668438656,2.958847,4.65637681818738e-05,0.00682376495652318,0.682376,0.0162138875290801,0.042963046158651,1.621389,4.296305,"2.96(1.62-4.30)",18,"Success",0.0231037278127241,2.310373,4.38816914263372e-05,0.00662432573371337,0.662433,0.0101200493746459,0.0360874062508023,1.012005,3.608741,"2.31(1.01-3.61)",18,"Success"
704,"colorectum","Poisson","both",0.0292636051397253,2.926361,9.17113215760055e-08,0.000302838771586475,0.030284,0.0286700411474158,0.0298571691320348,2.867004,2.985717,"2.93(2.87-2.99)",18,"Success",0.0189094697031009,1.890947,7.34293622806716e-08,0.000270978527342429,0.027098,0.0183783517895098,0.0194405876166921,1.837835,1.944059,"1.89(1.84-1.94)",18,"Success"
31,"colorectum","Poisson","both",0.029113062128067,2.911306,1.13176971700984e-06,0.00106384666047783,0.106385,0.0270279226735305,0.0311982015826036,2.702792,3.11982,"2.91(2.70-3.12)",18,"Success",0.0184868304212336,1.848683,8.37003236960019e-07,0.000914878809985245,0.091488,0.0166936679536625,0.0202799928888047,1.669367,2.027999,"1.85(1.67-2.03)",18,"Success"
760,"colorectum","Poisson","both",0.0290784732409372,2.907847,1.10134724067206e-06,0.00104945092342237,0.104945,0.0270215494310294,0.0311353970508451,2.702155,3.11354,"2.91(2.70-3.11)",18,"Success",0.0201613807687363,2.016138,7.90095638686861e-07,0.000888873241068073,0.088887,0.0184191892162429,0.0219035723212298,1.841919,2.190357,"2.02(1.84-2.19)",18,"Success"
634,"colorectum","Poisson","both",0.0289304660278514,2.893047,3.3057945014905e-05,0.00574960390069655,0.57496,0.0176612423824862,0.0401996896732167,1.766124,4.019969,"2.89(1.77-4.02)",18,"Success",0.0200034796062805,2.000348,3.10341677875541e-05,0.00557083187572144,0.557083,0.00908464912986649,0.0309223100826946,0.908465,3.092231,"2.00(0.91-3.09)",18,"Success"
414,"colorectum","Poisson","both",0.0281646135563651,2.816461,5.42691178297576e-06,0.00232957330491568,0.232957,0.0235986498787303,0.0327305772339998,2.359865,3.273058,"2.82(2.36-3.27)",18,"Success",0.0164713584469728,1.647136,4.04920458363416e-06,0.00201226354726069,0.201226,0.0125273218943418,0.0204153949996037,1.252732,2.041539,"1.65(1.25-2.04)",18,"Success"
222,"colorectum","Poisson","both",0.0271215303637539,2.712153,1.74973447159571e-06,0.00132277529142168,0.132278,0.0245288907925674,0.0297141699349404,2.452889,2.971417,"2.71(2.45-2.97)",18,"Success",0.0159692074582399,1.596921,1.08805228164565e-06,0.00104309744590122,0.10431,0.0139247364642735,0.0180136784522063,1.392474,1.801368,"1.60(1.39-1.80)",18,"Success"
504,"colorectum","Poisson","both",0.0269375239267329,2.693752,3.07666612899591e-07,0.000554677034768513,0.055468,0.0258503569385867,0.0280246909148792,2.585036,2.802469,"2.69(2.59-2.80)",18,"Success",0.0193297322615595,1.932973,2.90036385190819e-07,0.000538550262455436,0.053855,0.0182741737471469,0.0203852907759722,1.827417,2.038529,"1.93(1.83-2.04)",18,"Success"
418,"colorectum","Poisson","both",0.0262915977653618,2.62916,1.83700921849317e-06,0.00135536313159727,0.135536,0.0236350860274311,0.0289481095032924,2.363509,2.894811,"2.63(2.36-2.89)",18,"Success",0.0190287493545029,1.902875,1.61015389891787e-06,0.00126891839726512,0.126892,0.0165416692958633,0.0215158294131425,1.654167,2.151583,"1.90(1.65-2.15)",18,"Success"
916,"colorectum","Poisson","both",0.0261766690372335,2.617667,6.20434095592999e-08,0.00024908514519999,0.024909,0.0256884621526415,0.0266648759218255,2.568846,2.666488,"2.62(2.57-2.67)",18,"Success",0.0161099959213086,1.611,4.28123508109925e-08,0.000206911456451769,0.020691,0.0157044494666632,0.0165155423759541,1.570445,1.651554,"1.61(1.57-1.65)",18,"Success"
788,"colorectum","Poisson","both",0.0260545573653017,2.605456,7.21671734588399e-07,0.000849512645337548,0.084951,0.0243895125804401,0.0277196021501633,2.438951,2.77196,"2.61(2.44-2.77)",18,"Success",0.0181686423349281,1.816864,6.53842517644587e-07,0.000808605291625393,0.080861,0.0165837759633423,0.0197535087065139,1.658378,1.975351,"1.82(1.66-1.98)",18,"Success"
364,"colorectum","Poisson","both",0.0260309836598132,2.603098,1.20497923148119e-07,0.000347128107689537,0.034713,0.0253506125687417,0.0267113547508847,2.535061,2.671135,"2.60(2.54-2.67)",18,"Success",0.0218725091189012,2.187251,1.55912773140262e-07,0.000394857915129306,0.039486,0.0210985876052478,0.0226464306325546,2.109859,2.264643,"2.19(2.11-2.26)",18,"Success"
512,"colorectum","Poisson","both",0.0258575614489704,2.585756,5.72065749071408e-06,0.0023917896000096,0.239179,0.0211696538329516,0.0305454690649892,2.116965,3.054547,"2.59(2.12-3.05)",18,"Success",0.0188837065871824,1.888371,5.16023388945585e-06,0.00227161481978258,0.227161,0.0144313415404086,0.0233360716339563,1.443134,2.333607,"1.89(1.44-2.33)",18,"Success"
484,"colorectum","Poisson","both",0.0250740023985513,2.5074,7.34573367316472e-08,0.000271030139895266,0.027103,0.0245427833243565,0.025605221472746,2.454278,2.560522,"2.51(2.45-2.56)",18,"Success",0.0151654163772314,1.516542,5.02220168238787e-08,0.000224102692585071,0.02241,0.0147261750997646,0.0156046576546981,1.472618,1.560466,"1.52(1.47-1.56)",18,"Success"
116,"colorectum","Poisson","both",0.0246234779534475,2.462348,8.18973486554563e-07,0.000904971539085381,0.090497,0.0228497337368401,0.0263972221700548,2.284973,2.639722,"2.46(2.28-2.64)",18,"Success",0.0184898005722055,1.84898,7.39346533239686e-07,0.000859852622976569,0.085985,0.0168044894311714,0.0201751117132395,1.680449,2.017511,"1.85(1.68-2.02)",18,"Success"
598,"colorectum","Poisson","both",0.0245213049646769,2.45213,2.36227579054295e-06,0.00153696967782157,0.153697,0.0215088443961466,0.0275337655332072,2.150884,2.753377,"2.45(2.15-2.75)",18,"Success",0.0179140716489517,1.791407,2.06148606296639e-06,0.0014357876106745,0.143579,0.0150999279320297,0.0207282153658737,1.509993,2.072822,"1.79(1.51-2.07)",18,"Success"
928,"colorectum","Poisson","both",0.0244201126739609,2.442011,1.5642570878455e-06,0.00125070263765833,0.12507,0.0219687355041505,0.0268714898437712,2.196874,2.687149,"2.44(2.20-2.69)",18,"Success",0.0168141728278908,1.681417,1.2509340784675e-06,0.00111845164332997,0.111845,0.0146220076069641,0.0190063380488175,1.462201,1.900634,"1.68(1.46-1.90)",18,"Success"
242,"colorectum","Poisson","both",0.0236637612560822,2.366376,1.35780715075706e-05,0.00368484348481325,0.368484,0.0164414680258482,0.0308860544863161,1.644147,3.088605,"2.37(1.64-3.09)",18,"Success",0.0180835579177592,1.808356,1.26413527988901e-05,0.00355546801404402,0.355547,0.0111148406102329,0.0250522752252854,1.111484,2.505228,"1.81(1.11-2.51)",18,"Success"
360,"colorectum","Poisson","both",0.023545493390398,2.354549,3.23973404580576e-08,0.000179992612231885,0.017999,0.0231927078704235,0.0238982789103725,2.319271,2.389828,"2.35(2.32-2.39)",18,"Success",0.0160376865874011,1.603769,2.72808765644435e-08,0.000165169236132046,0.016517,0.0157139548845823,0.0163614182902199,1.571395,1.636142,"1.60(1.57-1.64)",18,"Success"
710,"colorectum","Poisson","both",0.0233032517611433,2.330325,1.26175995312176e-07,0.000355212605790076,0.035521,0.0226070350537947,0.0239994684684918,2.260704,2.399947,"2.33(2.26-2.40)",18,"Success",0.019434313990294,1.943431,1.40180779762686e-07,0.000374407237860977,0.037441,0.0187004758040865,0.0201681521765015,1.870048,2.016815,"1.94(1.87-2.02)",18,"Success"
8,"colorectum","Poisson","both",0.0222579992459569,2.2258,1.31470832300104e-06,0.00114660730984982,0.114661,0.0200106489186512,0.0245053495732625,2.001065,2.450535,"2.23(2.00-2.45)",18,"Success",0.014421647882609,1.442165,9.61574737409676e-07,0.000980599172653983,0.09806,0.0124996735042072,0.0163436222610108,1.249967,1.634362,"1.44(1.25-1.63)",18,"Success"
913,"colorectum","Poisson","both",0.0222260453151877,2.222605,1.10211749087946e-07,0.000331981549318552,0.033198,0.0215753614785233,0.022876729151852,2.157536,2.287673,"2.22(2.16-2.29)",18,"Success",0.0185208766435371,1.852088,1.22365607579865e-07,0.000349807958142558,0.034981,0.0178352530455777,0.0192065002414965,1.783525,1.92065,"1.85(1.78-1.92)",18,"Success"
912,"colorectum","Poisson","both",0.0220156705888728,2.201567,5.08012661701178e-08,0.000225391362234931,0.022539,0.0215739035188923,0.0224574376588532,2.15739,2.245744,"2.20(2.16-2.25)",18,"Success",0.017190811090598,1.719081,5.21462398658375e-08,0.000228355512011069,0.022836,0.0167432342870563,0.0176383878941397,1.674323,1.763839,"1.72(1.67-1.76)",18,"Success"
340,"colorectum","Poisson","both",0.0216100478395091,2.161005,2.2308904168211e-06,0.00149361655615526,0.149362,0.0186825593894448,0.0245375362895734,1.868256,2.453754,"2.16(1.87-2.45)",18,"Success",0.0158864730812043,1.588647,2.06954131609535e-06,0.00143859004448639,0.143859,0.0130668365940109,0.0187061095683976,1.306684,1.870611,"1.59(1.31-1.87)",18,"Success"
320,"colorectum","Poisson","both",0.0215524343316749,2.155243,9.72361186316563e-07,0.000986083762322736,0.098608,0.0196197101575224,0.0234851585058275,1.961971,2.348516,"2.16(1.96-2.35)",18,"Success",0.0134444990781235,1.34445,6.21790304008006e-07,0.000788536812081723,0.078854,0.0118989669264434,0.0149900312298037,1.189897,1.499003,"1.34(1.19-1.50)",18,"Success"
104,"colorectum","Poisson","both",0.0196156661730136,1.961567,1.48484189475016e-07,0.000385336462685554,0.038534,0.0188604067061499,0.0203709256398773,1.886041,2.037093,"1.96(1.89-2.04)",18,"Success",0.0144999091266646,1.449991,1.31170329779543e-07,0.000362174446613152,0.036217,0.0137900472113028,0.0152097710420264,1.379005,1.520977,"1.45(1.38-1.52)",18,"Success"
84,"colorectum","Poisson","both",0.0188488042398775,1.88488,3.25290268825563e-05,0.00570342238332006,0.570342,0.00767009636857018,0.0300275121111848,0.76701,3.002751,"1.88(0.77-3.00)",18,"Success",0.0183278752704449,1.832788,3.23952744729916e-05,0.00569168467793075,0.569168,0.00717217330170066,0.0294835772391892,0.717217,2.948358,"1.83(0.72-2.95)",18,"Success"
404,"colorectum","Poisson","both",0.0177218111830592,1.772181,1.8773463716697e-07,0.000433283552846135,0.043328,0.0168725754194808,0.0185710469466376,1.687258,1.857105,"1.77(1.69-1.86)",18,"Success",0.0139048954791725,1.39049,1.65062094752553e-07,0.000406278346398812,0.040628,0.0131085899202308,0.0147012010381141,1.310859,1.47012,"1.39(1.31-1.47)",18,"Success"
144,"colorectum","Poisson","both",0.0172387179509432,1.723872,2.01771281006993e-07,0.000449189582478259,0.044919,0.0163583063692858,0.0181191295326005,1.635831,1.811913,"1.72(1.64-1.81)",18,"Success",0.00941253197142792,0.941253,1.20476364411689e-07,0.000347097053303091,0.03471,0.00873222174695386,0.010092842195902,0.873222,1.009284,"0.94(0.87-1.01)",18,"Success"
417,"colorectum","Poisson","both",0.0167690874573925,1.676909,1.27266023431018e-06,0.00112812243764149,0.112812,0.0145579674796151,0.0189802074351698,1.455797,1.898021,"1.68(1.46-1.90)",18,"Success",0.011661251504555,1.166125,9.17718605052417e-07,0.00095797630714565,0.095798,0.00978361794254953,0.0135388850665605,0.978362,1.353889,"1.17(0.98-1.35)",18,"Success"
626,"colorectum","Poisson","both",0.0159922381107255,1.599224,7.28386430800303e-06,0.00269886352155922,0.269886,0.0107024656084694,0.0212820106129815,1.070247,2.128201,"1.60(1.07-2.13)",18,"Success",0.0114017701646099,1.140177,6.63699215818759e-06,0.00257623604473418,0.257624,0.00635234751693096,0.0164511928122889,0.635235,1.645119,"1.14(0.64-1.65)",18,"Success"
368,"colorectum","Poisson","both",0.0159316957302901,1.59317,3.05833892011733e-07,0.000553022505881753,0.055302,0.0148477716187618,0.0170156198418183,1.484777,1.701562,"1.59(1.48-1.70)",18,"Success",0.0117533390887674,1.175334,2.74052883110122e-07,0.000523500604689356,0.05235,0.0107272779035762,0.0127794002739585,1.072728,1.27794,"1.18(1.07-1.28)",18,"Success"
716,"colorectum","Poisson","both",0.0158611094651421,1.586111,6.36999296290103e-07,0.000798122356716126,0.079812,0.0142967896459785,0.0174254292843057,1.429679,1.742543,"1.59(1.43-1.74)",18,"Success",0.0125676790259367,1.256768,5.79324782152498e-07,0.000761133879256796,0.076113,0.0110758566225934,0.01405950142928,1.107586,1.40595,"1.26(1.11-1.41)",18,"Success"
984,"colorectum","Poisson","both",0.0153658048803121,1.53658,1.34117373536552e-08,0.00011580905557708,0.011581,0.015138819131381,0.0155927906292432,1.513882,1.559279,"1.54(1.51-1.56)",18,"Success",0.0117100469311336,1.171005,1.1182635452395e-08,0.000105747980843111,0.010575,0.0115027808886811,0.0119173129735861,1.150278,1.191731,"1.17(1.15-1.19)",18,"Success"
496,"colorectum","Poisson","both",0.0153020695060306,1.530207,2.21940575368301e-06,0.00148976701322153,0.148977,0.0123821261601164,0.0182220128519448,1.238213,1.822201,"1.53(1.24-1.82)",18,"Success",0.0112444825898973,1.124448,2.30912439865433e-06,0.00151958033636078,0.151958,0.00826610513063019,0.0142228600491644,0.826611,1.422286,"1.12(0.83-1.42)",18,"Success"
68,"colorectum","Poisson","both",0.0150893668525955,1.508937,5.45034245350187e-07,0.000738264346525136,0.073826,0.0136423687334062,0.0165363649717848,1.364237,1.653636,"1.51(1.36-1.65)",18,"Success",0.0104174098779129,1.041741,4.0478092608084e-07,0.000636223959059104,0.063622,0.00917041091815708,0.0116644088376688,0.917041,1.166441,"1.04(0.92-1.17)",18,"Success"
706,"colorectum","Poisson","both",0.0149429814489933,1.494298,8.33446795062048e-07,0.000912933072608309,0.091293,0.013153632626681,0.0167323302713056,1.315363,1.673233,"1.49(1.32-1.67)",18,"Success",0.0134439905801074,1.344399,8.1045938259165e-07,0.000900255176375926,0.090026,0.0116794904344106,0.0152084907258042,1.167949,1.520849,"1.34(1.17-1.52)",18,"Success"
204,"colorectum","Poisson","both",0.0146193146192556,1.461931,1.07896739224584e-06,0.00103873355209401,0.103873,0.0125833968571513,0.0166552323813598,1.25834,1.665523,"1.46(1.26-1.67)",18,"Success",0.0127130165844959,1.271302,1.03882626299986e-06,0.0010192282683481,0.101923,0.0107153291785337,0.0147107039904582,1.071533,1.47107,"1.27(1.07-1.47)",18,"Success"
860,"colorectum","Poisson","both",0.014586485288862,1.458649,1.4100719568096e-07,0.000375509248462617,0.037551,0.0138504871618753,0.0153224834158488,1.385049,1.532248,"1.46(1.39-1.53)",18,"Success",0.00830942760510576,0.830943,9.12016803451663e-08,0.000301996159487445,0.0302,0.00771751513251037,0.00890134007770115,0.771752,0.890134,"0.83(0.77-0.89)",18,"Success"
231,"colorectum","Poisson","both",0.0142843296369688,1.428433,8.22657971239501e-08,0.000286820147695294,0.028682,0.013722162147486,0.0148464971264516,1.372216,1.48465,"1.43(1.37-1.48)",18,"Success",0.0106143913165967,1.061439,6.31577571452192e-08,0.00025131207122862,0.025131,0.0101218196569886,0.0111069629762048,1.012182,1.110696,"1.06(1.01-1.11)",18,"Success"
983,"colorectum","Poisson","both",0.0139225047778904,1.39225,2.98421739803056e-09,5.4627990975603e-05,0.005463,0.0138154339155782,0.0140295756402026,1.381543,1.402958,"1.39(1.38-1.40)",18,"Success",0.00924524907553916,0.924525,2.2865239478522e-09,4.7817611272963e-05,0.004782,0.00915152655744416,0.00933897159363417,0.915153,0.933897,"0.92(0.92-0.93)",18,"Success"
466,"colorectum","Poisson","both",0.0133876080020283,1.338761,5.60494491692059e-07,0.000748661800609634,0.074866,0.0119202308728334,0.0148549851312232,1.192023,1.485499,"1.34(1.19-1.49)",18,"Success",0.0104705900591836,1.047059,4.53911491883133e-07,0.000673729539120212,0.067373,0.00915008016250801,0.0117910999558592,0.915008,1.17911,"1.05(0.92-1.18)",18,"Success"
887,"colorectum","Poisson","both",0.0133379989749716,1.3338,2.71852942192028e-07,0.000521395188117447,0.05214,0.0123160644062614,0.0143599335436818,1.231606,1.435993,"1.33(1.23-1.44)",18,"Success",0.00986330071415702,0.98633,2.18315738583265e-07,0.000467242697731345,0.046724,0.00894750502660359,0.0107790964017105,0.894751,1.07791,"0.99(0.89-1.08)",18,"Success"
910,"colorectum","Poisson","both",0.0133036868270056,1.330369,2.16125578413473e-08,0.000147012101003106,0.014701,0.0130155431090395,0.0135918305449717,1.301554,1.359183,"1.33(1.30-1.36)",18,"Success",0.010481014291593,1.048101,1.90547552049865e-08,0.000138038962633694,0.013804,0.0102104579248309,0.010751570658355,1.021046,1.075157,"1.05(1.02-1.08)",18,"Success"
516,"colorectum","Poisson","both",0.012905846179756,1.290585,2.27647079401772e-06,0.00150879779759175,0.15088,0.00994860249647612,0.0158630898630358,0.99486,1.586309,"1.29(0.99-1.59)",18,"Success",0.00984316580868212,0.984317,2.00501546729505e-06,0.00141598568753185,0.141599,0.00706783386111969,0.0126184977562446,0.706783,1.26185,"0.98(0.71-1.26)",18,"Success"
232,"colorectum","Poisson","both",0.0127890466154652,1.278905,2.19288145669945e-06,0.00148083809266896,0.148084,0.00988660395383407,0.0156914892770964,0.98866,1.569149,"1.28(0.99-1.57)",18,"Success",0.0108302551649866,1.083026,2.06911689156233e-06,0.00143844252285669,0.143844,0.00801090782018748,0.0136496025097857,0.801091,1.36496,"1.08(0.80-1.36)",18,"Success"
426,"colorectum","Poisson","both",0.0126567051004282,1.265671,2.67172651833724e-06,0.00163454168449056,0.163454,0.00945300339882669,0.0158604068020297,0.9453,1.586041,"1.27(0.95-1.59)",18,"Success",0.0100154770034208,1.001548,2.37524941761661e-06,0.00154118442037824,0.154118,0.00699475553947943,0.0130361984673621,0.699476,1.30362,"1.00(0.70-1.30)",18,"Success"
729,"colorectum","Poisson","both",0.0126202906485943,1.262029,2.70329675469025e-07,0.000519932375861539,0.051993,0.0116012231919057,0.0136393581052829,1.160122,1.363936,"1.26(1.16-1.36)",18,"Success",0.0115344133512918,1.153441,3.04557876119316e-07,0.000551867625540144,0.055187,0.0104527528052331,0.0126160738973505,1.045275,1.261607,"1.15(1.05-1.26)",18,"Success"
800,"colorectum","Poisson","both",0.0124047217755128,1.240472,2.29798516886525e-07,0.00047937304564037,0.047937,0.0114651506060577,0.013344292944968,1.146515,1.334429,"1.24(1.15-1.33)",18,"Success",0.0099800517580101,0.998005,2.04030436934529e-07,0.000451697284621603,0.04517,0.00909472508015176,0.0108653784358684,0.909473,1.086538,"1.00(0.91-1.09)",18,"Success"
768,"colorectum","Poisson","both",0.0121216280446334,1.212163,1.43612022715087e-06,0.00119838233763306,0.119838,0.00977279866287263,0.0144704574263942,0.97728,1.447046,"1.21(0.98-1.45)",18,"Success",0.00901748041067361,0.901748,1.1519462589409e-06,0.00107328759377014,0.107329,0.00691383672688413,0.0111211240944631,0.691384,1.112112,"0.90(0.69-1.11)",18,"Success"
762,"colorectum","Poisson","both",0.0118244918791428,1.182449,1.03453442225263e-06,0.001017120652751,0.101712,0.00983093539975085,0.0138180483585348,0.983094,1.381805,"1.18(0.98-1.38)",18,"Success",0.00790549029034966,0.790549,7.47333461450433e-07,0.000864484506194549,0.086448,0.00621110065820835,0.00959987992249098,0.62111,0.959988,"0.79(0.62-0.96)",18,"Success"
795,"colorectum","Poisson","both",0.0115536576261038,1.155366,1.03441061377042e-06,0.00101705978869014,0.101706,0.00956022044027111,0.0135470948119364,0.956022,1.354709,"1.16(0.96-1.35)",18,"Success",0.00875297455720144,0.875297,9.19263479502955e-07,0.00095878228994019,0.095878,0.00687376126891867,0.0106321878454842,0.687376,1.063219,"0.88(0.69-1.06)",18,"Success"
450,"colorectum","Poisson","both",0.0114315230525327,1.143152,3.56588405997831e-07,0.00059715023737568,0.059715,0.0102611085872764,0.012601937517789,1.026111,1.260194,"1.14(1.03-1.26)",18,"Success",0.00977725951203617,0.977726,3.39990827609472e-07,0.000583087324171493,0.058309,0.00863440835666005,0.0109201106674123,0.863441,1.092011,"0.98(0.86-1.09)",18,"Success"
108,"colorectum","Poisson","both",0.011430611641838,1.143061,1.02732989504089e-06,0.00101357283657411,0.101357,0.00944400888215274,0.0134172144015233,0.944401,1.341721,"1.14(0.94-1.34)",18,"Success",0.0101685790729384,1.016858,1.00167605112817e-06,0.00100083767471462,0.100084,0.00820693723049779,0.0121302209153791,0.820694,1.213022,"1.02(0.82-1.21)",18,"Success"
834,"colorectum","Poisson","both",0.011295474466587,1.129547,1.37053685061402e-07,0.000370207624261578,0.037021,0.0105698675230343,0.0120210814101397,1.056987,1.202108,"1.13(1.06-1.20)",18,"Success",0.0089844973475345,0.89845,1.26557847667297e-07,0.000355749698056509,0.035575,0.00828722793934374,0.00968176675572526,0.828723,0.968177,"0.90(0.83-0.97)",18,"Success"
728,"colorectum","Poisson","both",0.0112179662408799,1.121797,1.23438429188834e-06,0.00111102848383304,0.111103,0.00904035041256716,0.0133955820691927,0.904035,1.339558,"1.12(0.90-1.34)",18,"Success",0.00992060083059034,0.99206,1.20731073889637e-06,0.00109877692863309,0.109878,0.00776699805046948,0.0120742036107112,0.7767,1.20742,"0.99(0.78-1.21)",18,"Success"
478,"colorectum","Poisson","both",0.0110647674725784,1.106477,1.35548187638365e-06,0.00116425163791324,0.116425,0.00878283426226845,0.0133467006828883,0.878283,1.33467,"1.11(0.88-1.33)",18,"Success",0.0084496722694171,0.844967,1.12991876902254e-06,0.00106297637274896,0.106298,0.00636623857882913,0.0105331059600051,0.636624,1.053311,"0.84(0.64-1.05)",18,"Success"
4,"colorectum","Poisson","both",0.0109240540180202,1.092405,2.89933394928669e-07,0.000538454635906006,0.053845,0.00986868293164438,0.0119794251043959,0.986868,1.197943,"1.09(0.99-1.20)",18,"Success",0.00720087859619651,0.720088,1.9746268744256e-07,0.000444367738975908,0.044437,0.00632991782780373,0.00807183936458929,0.632992,0.807184,"0.72(0.63-0.81)",18,"Success"
384,"colorectum","Poisson","both",0.0106095133552941,1.060951,2.42746229890535e-07,0.000492692835233612,0.049269,0.00964383539823627,0.011575191312352,0.964384,1.157519,"1.06(0.96-1.16)",18,"Success",0.00745862524911898,0.745863,1.74350835770292e-07,0.000417553392717976,0.041755,0.00664022059939174,0.00827702989884621,0.664022,0.827703,"0.75(0.66-0.83)",18,"Success"
566,"colorectum","Poisson","both",0.010363958713813,1.036396,2.7567954270763e-08,0.000166036002935397,0.016604,0.0100385281480596,0.0106893892795664,1.003853,1.068939,"1.04(1.00-1.07)",18,"Success",0.00828694495517447,0.828694,2.35900260034634e-08,0.000153590448933075,0.015359,0.00798590767526564,0.00858798223508329,0.798591,0.858798,"0.83(0.80-0.86)",18,"Success"
818,"colorectum","Poisson","both",0.0101966896299338,1.019669,5.01074832848363e-08,0.000223847008657333,0.022385,0.00975794949296544,0.0106354297669022,0.975795,1.063543,"1.02(0.98-1.06)",18,"Success",0.00739628659918683,0.739629,5.37951026189791e-08,0.000231937712800181,0.023194,0.00694168868209848,0.00785088451627519,0.694169,0.785088,"0.74(0.69-0.79)",18,"Success"
548,"colorectum","Poisson","both",0.0099652875217615,0.996529,9.88564376606663e-06,0.00314414436151819,0.314414,0.00380276457318584,0.0161278104703372,0.380276,1.612781,"1.00(0.38-1.61)",18,"Success",0.0099652875217615,0.996529,9.88564376606663e-06,0.00314414436151819,0.314414,0.00380276457318584,0.0161278104703372,0.380276,1.612781,"1.00(0.38-1.61)",18,"Success"
180,"colorectum","Poisson","both",0.00979558145040875,0.979558,7.95714323935956e-08,0.000282084087451943,0.028208,0.00924269663900294,0.0103484662618146,0.92427,1.034847,"0.98(0.92-1.03)",18,"Success",0.00838941631051335,0.838942,7.68242734300426e-08,0.000277171920349163,0.027717,0.007846159346629,0.00893267327439771,0.784616,0.893267,"0.84(0.78-0.89)",18,"Success"
586,"colorectum","Poisson","both",0.00973225930975895,0.973226,2.54052301101451e-08,0.000159390181975381,0.015939,0.0094198545530872,0.0100446640664307,0.941985,1.004466,"0.97(0.94-1.00)",18,"Success",0.00620913152554036,0.620913,1.8445919608793e-08,0.00013581575611391,0.013582,0.00594293264355709,0.00647533040752362,0.594293,0.647533,"0.62(0.59-0.65)",18,"Success"
686,"colorectum","Poisson","both",0.00948527652576945,0.948528,3.25626755613677e-07,0.000570637148820226,0.057064,0.00836682771408181,0.0106037253374571,0.836683,1.060373,"0.95(0.84-1.06)",18,"Success",0.00725239468174843,0.725239,2.67059527476847e-07,0.000516778025342455,0.051678,0.00623950975207722,0.00826527961141964,0.623951,0.826528,"0.73(0.62-0.83)",18,"Success"
914,"colorectum","Poisson","both",0.00947656277964806,0.947656,1.42172516211536e-08,0.000119236117100288,0.011924,0.00924285999013149,0.00971026556916463,0.924286,0.971027,"0.95(0.92-0.97)",18,"Success",0.00753038751753326,0.753039,1.22260587820198e-08,0.000110571509811614,0.011057,0.00731366735830249,0.00774710767676402,0.731367,0.774711,"0.75(0.73-0.77)",18,"Success"
356,"colorectum","Poisson","both",0.00945754722454135,0.945755,2.68514733384661e-09,5.1818407287822e-05,0.005182,0.00935598314625721,0.00955911130282548,0.935598,0.955911,"0.95(0.94-0.96)",18,"Success",0.00612217243091062,0.612217,1.94123589384413e-09,4.40594586195079e-05,0.004406,0.00603581589201639,0.00620852896980486,0.603582,0.620853,"0.61(0.60-0.62)",18,"Success"
64,"colorectum","Poisson","both",0.0092630176805564,0.926302,4.40532414839958e-06,0.00209888640674039,0.209889,0.00514920032334525,0.0133768350377676,0.51492,1.337684,"0.93(0.51-1.34)",18,"Success",0.0060332561499609,0.603326,2.66902953940495e-06,0.00163371648072882,0.163372,0.00283117184773242,0.00923534045218938,0.283117,0.923534,"0.60(0.28-0.92)",18,"Success"
90,"colorectum","Poisson","both",0.00921683767951331,0.921684,8.03065591309227e-06,0.00283384119404957,0.283384,0.00366250893917616,0.0147711664198505,0.366251,1.477117,"0.92(0.37-1.48)",18,"Success",0.00589846303511181,0.589846,4.82875095959386e-06,0.00219744191267798,0.219744,0.00159147688626297,0.0102054491839607,0.159148,1.020545,"0.59(0.16-1.02)",18,"Success"
120,"colorectum","Poisson","both",0.00917468594297455,0.917469,1.97834035505855e-07,0.000444785381398551,0.044479,0.00830290659543339,0.0100464652905157,0.830291,1.004647,"0.92(0.83-1.00)",18,"Success",0.00694777516895135,0.694778,1.73365164310705e-07,0.000416371425905651,0.041637,0.00613168717417628,0.00776386316372643,0.613169,0.776386,"0.69(0.61-0.78)",18,"Success"
262,"colorectum","Poisson","both",0.00896708683201863,0.896709,2.33186453781872e-06,0.00152704437978034,0.152704,0.00597407984764916,0.0119600938163881,0.597408,1.196009,"0.90(0.60-1.20)",18,"Success",0.00740224343242386,0.740224,1.84945004558431e-06,0.00135994486858266,0.135994,0.00473675149000184,0.0100677353748459,0.473675,1.006774,"0.74(0.47-1.01)",18,"Success"
508,"colorectum","Poisson","both",0.00891839366549422,0.891839,3.72347201866232e-07,0.000610202590838676,0.06102,0.00772239658745042,0.010114390743538,0.77224,1.011439,"0.89(0.77-1.01)",18,"Success",0.00779390600139511,0.779391,3.46894231884508e-07,0.000588977276203852,0.058898,0.00663951054003556,0.00894830146275466,0.663951,0.89483,"0.78(0.66-0.89)",18,"Success"
524,"colorectum","Poisson","both",0.00881272947713557,0.881273,1.39461394240584e-07,0.000373445302876584,0.037345,0.00808077668349746,0.00954468227077367,0.808078,0.954468,"0.88(0.81-0.95)",18,"Success",0.00574808653787304,0.574809,1.00269231239566e-07,0.000316653171845105,0.031665,0.00512744632105663,0.00636872675468944,0.512745,0.636873,"0.57(0.51-0.64)",18,"Success"
132,"colorectum","Poisson","both",0.00871563248612896,0.871563,5.145690973333e-06,0.00226841155290062,0.226841,0.00426954584244375,0.0131617191298142,0.426955,1.316172,"0.87(0.43-1.32)",18,"Success",0.0123151243400526,1.231512,1.54394481303711e-05,0.00392930631668888,0.392931,0.00461368395934242,0.0200165647207628,0.461368,2.001656,"1.23(0.46-2.00)",18,"Success"
562,"colorectum","Poisson","both",0.00852406878659374,0.852407,3.04291035545676e-07,0.000551625811167023,0.055163,0.00744288219670638,0.00960525537648111,0.744288,0.960526,"0.85(0.74-0.96)",18,"Success",0.00705685194694941,0.705685,2.57564420074809e-07,0.000507508049270954,0.050751,0.00606213617037834,0.00805156772352048,0.606214,0.805157,"0.71(0.61-0.81)",18,"Success"
454,"colorectum","Poisson","both",0.00832459173102129,0.832459,2.80905798654451e-07,0.000530005470400496,0.053001,0.00728578100903632,0.00936340245300626,0.728578,0.93634,"0.83(0.73-0.94)",18,"Success",0.00650234563753984,0.650235,2.28873806099979e-07,0.000478407573205085,0.047841,0.00556466679405788,0.00744002448102181,0.556467,0.744002,"0.65(0.56-0.74)",18,"Success"
894,"colorectum","Poisson","both",0.00827710744389233,0.827711,4.91189984129625e-07,0.000700849473232038,0.070085,0.00690344247635753,0.00965077241142712,0.690344,0.965077,"0.83(0.69-0.97)",18,"Success",0.00664623908651425,0.664624,4.61425250110739e-07,0.000679282894021879,0.067928,0.00531484461423136,0.00797763355879713,0.531484,0.797763,"0.66(0.53-0.80)",18,"Success"
911,"colorectum","Poisson","both",0.00816659711683445,0.81666,3.16251871206084e-08,0.000177834718546769,0.017783,0.00781804106848278,0.00851515316518611,0.781804,0.851515,"0.82(0.78-0.85)",18,"Success",0.00673772752786573,0.673773,2.97352752800692e-08,0.000172439192992977,0.017244,0.00639974670959949,0.00707570834613196,0.639975,0.707571,"0.67(0.64-0.71)",18,"Success"
72,"colorectum","Poisson","both",0.00775947471016841,0.775947,1.15825134465698e-06,0.00107622086239627,0.107622,0.00565008181987171,0.00986886760046511,0.565008,0.986887,"0.78(0.57-0.99)",18,"Success",0.00544707401328542,0.544707,1.00338266183045e-06,0.0010016899030291,0.100169,0.00348376180334839,0.00741038622322246,0.348376,0.741039,"0.54(0.35-0.74)",18,"Success"
288,"colorectum","Poisson","both",0.00756176815151307,0.756177,1.34739724243502e-07,0.000367069100093568,0.036707,0.00684231271532968,0.00828122358769646,0.684231,0.828122,"0.76(0.68-0.83)",18,"Success",0.00577685304178408,0.577685,1.13617786770111e-07,0.000337072376159945,0.033707,0.00511619118451059,0.00643751489905757,0.511619,0.643751,"0.58(0.51-0.64)",18,"Success"
266,"colorectum","Poisson","both",0.00753518887581407,0.753519,8.10356469562187e-07,0.00090019801686195,0.09002,0.00577080076276465,0.00929957698886349,0.57708,0.929958,"0.75(0.58-0.93)",18,"Success",0.00461633958428011,0.461634,4.79235845203741e-07,0.000692268622142981,0.069227,0.00325949308487987,0.00597318608368035,0.325949,0.597319,"0.46(0.33-0.60)",18,"Success"
50,"colorectum","Poisson","both",0.0074298780716367,0.742988,2.76474924637246e-08,0.000166275351341456,0.016628,0.00710397838300744,0.00775577776026595,0.710398,0.775578,"0.74(0.71-0.78)",18,"Success",0.00491081689441007,0.491082,2.01269300642831e-08,0.000141869412010775,0.014187,0.00463275284686895,0.00518888094195119,0.463275,0.518888,"0.49(0.46-0.52)",18,"Success"
430,"colorectum","Poisson","both",0.00716605090347907,0.716605,9.03680824660102e-07,0.000950621283508897,0.095062,0.00530283318780163,0.00902926861915651,0.530283,0.902927,"0.72(0.53-0.90)",18,"Success",0.00593726159755315,0.593726,8.47469878518845e-07,0.000920581272087829,0.092058,0.00413292230426101,0.0077416008908453,0.413292,0.77416,"0.59(0.41-0.77)",18,"Success"
678,"colorectum","Poisson","both",0.00678392390183815,0.678392,6.34176698185932e-06,0.00251828651703084,0.251829,0.00184808232845771,0.0117197654752186,0.184808,1.171977,"0.68(0.18-1.17)",18,"Success",0.00506901866294743,0.506902,5.42062940579312e-06,0.00232822451790911,0.232822,0.000505698607845565,0.00963233871804929,0.05057,0.963234,"0.51(0.05-0.96)",18,"Success"
178,"colorectum","Poisson","both",0.00640725214400451,0.640725,5.61572232693098e-07,0.000749381233213841,0.074938,0.00493846492690538,0.00787603936110364,0.493846,0.787604,"0.64(0.49-0.79)",18,"Success",0.00456065366087954,0.456065,4.79207160380909e-07,0.000692247903847248,0.069225,0.00320384776933893,0.00591745955242014,0.320385,0.591746,"0.46(0.32-0.59)",18,"Success"
646,"colorectum","Poisson","both",0.00612411201043687,0.612411,2.64732752267545e-07,0.000514521867628136,0.051452,0.00511564914988573,0.00713257487098802,0.511565,0.713257,"0.61(0.51-0.71)",18,"Success",0.00483598262197383,0.483598,2.43950948699549e-07,0.00049391390818598,0.049391,0.00386791136192931,0.00580405388201835,0.386791,0.580405,"0.48(0.39-0.58)",18,"Success"
24,"colorectum","Poisson","both",0.00591016719103492,0.591017,1.5165352010357e-07,0.000389427169190299,0.038943,0.00514688993942193,0.0066734444426479,0.514689,0.667344,"0.59(0.51-0.67)",18,"Success",0.00460193318106973,0.460193,1.34716406416421e-07,0.000367037336542785,0.036704,0.00388254000144587,0.00532132636069359,0.388254,0.532133,"0.46(0.39-0.53)",18,"Success"
748,"colorectum","Poisson","both",0.00565902635325823,0.565903,1.43776981949605e-06,0.00119907039805678,0.119907,0.00330884837306694,0.00800920433344952,0.330885,0.80092,"0.57(0.33-0.80)",18,"Success",0.00463317078622301,0.463317,1.21873898002155e-06,0.00110396511721229,0.110397,0.00246939915648692,0.0067969424159591,0.24694,0.679694,"0.46(0.25-0.68)",18,"Success"
174,"colorectum","Poisson","both",0.00508705840899668,0.508706,1.65637331389666e-06,0.00128700167594944,0.1287,0.00256453512413578,0.00760958169385757,0.256454,0.760958,"0.51(0.26-0.76)",18,"Success",0.00372041360431049,0.372041,1.26099262581173e-06,0.00112293927966374,0.112294,0.00151945261616955,0.00592137459245143,0.151945,0.592137,"0.37(0.15-0.59)",18,"Success"
624,"colorectum","Poisson","both",0.00493888543279671,0.493889,8.30351044642203e-07,0.000911235998324366,0.091124,0.00315286287608095,0.00672490798951247,0.315286,0.672491,"0.49(0.32-0.67)",18,"Success",0.00422744214685507,0.422744,7.54719114761979e-07,0.000868745713521499,0.086875,0.00252470054835293,0.00593018374535721,0.25247,0.593018,"0.42(0.25-0.59)",18,"Success"
140,"colorectum","Poisson","both",0.0045336567068911,0.453366,2.47930034608069e-07,0.000497925732020417,0.049793,0.00355772227213108,0.00550959114165112,0.355772,0.550959,"0.45(0.36-0.55)",18,"Success",0.00399182066523392,0.399182,2.37247823631876e-07,0.000487080921030455,0.048708,0.00303714206001423,0.00494649927045361,0.303714,0.49465,"0.40(0.30-0.49)",18,"Success"
324,"colorectum","Poisson","both",0.0038749006443643,0.38749,1.62352802453078e-07,0.000402930269963772,0.040293,0.0030851573152353,0.00466464397349329,0.308516,0.466464,"0.39(0.31-0.47)",18,"Success",0.00319514039333679,0.319514,1.48369553344622e-07,0.000385187685868359,0.038519,0.0024401725290348,0.00395010825763877,0.244017,0.395011,"0.32(0.24-0.40)",18,"Success"
270,"colorectum","Poisson","both",0.00341757312801884,0.341757,6.36804584646523e-07,0.000798000366319792,0.0798,0.00185349241003204,0.00498165384600563,0.185349,0.498165,"0.34(0.19-0.50)",18,"Success",0.00303155147423546,0.303155,5.88715179238255e-07,0.000767277771891155,0.076728,0.00152768704132879,0.00453541590714212,0.152769,0.453542,"0.30(0.15-0.45)",18,"Success"
226,"colorectum","Poisson","both",0.00333526035835831,0.333526,2.95214718351509e-07,0.000543336652869571,0.054334,0.00227032051873395,0.00440020019798267,0.227032,0.44002,"0.33(0.23-0.44)",18,"Success",0.00251283484073292,0.251283,2.26635576531204e-07,0.000476062576276695,0.047606,0.00157975219123059,0.00344591749023524,0.157975,0.344592,"0.25(0.16-0.34)",18,"Success"
854,"colorectum","Poisson","both",0.00320176762965746,0.320177,3.41833413739089e-08,0.000184887374836436,0.018489,0.00283938837497805,0.00356414688433688,0.283939,0.356415,"0.32(0.28-0.36)",18,"Success",0.002516790264476,0.251679,2.69242718770185e-08,0.000164086172107885,0.016409,0.00219518136714454,0.00283839916180745,0.219518,0.28384,"0.25(0.22-0.28)",18,"Success"
148,"colorectum","Poisson","both",0.00270502110642373,0.270502,7.57048037207884e-08,0.000275145059415553,0.027515,0.00216573678996924,0.00324430542287821,0.216574,0.324431,"0.27(0.22-0.32)",18,"Success",0.00216297357548609,0.216297,6.15889840555667e-08,0.00024817127967508,0.024817,0.00167655786732293,0.00264938928364925,0.167656,0.264939,"0.22(0.17-0.26)",18,"Success"
694,"colorectum","Poisson","both",0.000513988588042848,0.051399,9.91946338303243e-08,0.000314951796042385,0.031495,0,0.00113129410828592,0,0.113129,"0.05(0.00-0.11)",18,"Success",0.000505558354011251,0.050556,9.91236461174796e-08,0.000314839079717686,0.031484,0,0.00112264295025792,0,0.112264,"0.05(0.00-0.11)",18,"Success"
