"ISOcode","AgeStart","AgeEnd","Ri","Di","Ni","Mi"
4,0,4,0,0,6587946.5,83784
4,5,9,0,0,5895752.5,6860
4,10,14,6,0,5200496,4752
4,15,19,13,7,4631923.5,7188
4,20,24,18,11,4072960,9150
4,25,29,19,11,3348016,8122
4,30,34,21,12,2576735,7023
4,35,39,21,12,1976412,6639
4,40,44,30,14,1613110,7211
4,45,49,41,22,1324159.5,8426
4,50,54,51,29,1038712.5,9715
4,55,59,59,34,781336,10933
4,60,64,63,35,575593,12390
4,65,69,60,33,410757.5,13887
4,70,74,50,30,274530,14985
4,75,79,34,21,166809.5,14619
4,80,84,16,10,74652.5,10604
4,85,999,7,4,28940,6908
8,0,4,0,0,148287,293
8,5,9,0,0,172627.5,35
8,10,14,0,0,166069.5,42
8,15,19,0,0,176824,71
8,20,24,1,0,208455.5,90
8,25,29,2,0,238788.5,118
8,30,34,4,0,226264.5,153
8,35,39,6,0,184629.5,205
8,40,44,9,0,156123,248
8,45,49,13,3,157854.5,394
8,50,54,19,6,175771,653
8,55,59,30,11,183880,1014
8,60,64,38,17,185940.5,1560
8,65,69,35,22,152983.5,2023
8,70,74,32,22,114180,2845
8,75,79,24,20,79696.5,3560
8,80,84,19,18,58955.5,4619
8,85,999,13,14,40277.5,6704
12,0,4,0,0,4862517,20524
12,5,9,0,0,4941797.5,1378
12,10,14,1,0,4221454.5,1232
12,15,19,5,1,3281901,1492
12,20,24,12,28,2846322,1590
12,25,29,39,12,3286152.5,2110
12,30,34,52,9,3617857,2656
12,35,39,98,27,3714473.5,3680
12,40,44,165,56,3368926.5,4688
12,45,49,222,90,2766843.5,5789
12,50,54,303,132,2355453,7470
12,55,59,407,165,1923705,10419
12,60,64,444,190,1476317,14693
12,65,69,434,211,1146838.5,20982
12,70,74,338,205,786213.5,25730
12,75,79,236,186,439422,25884
12,80,84,174,174,276146.5,27946
12,85,999,144,179,165049,31013
24,0,4,0,0,6087495.5,89117
24,5,9,0,0,5326462.5,7059
24,10,14,0,0,4535524.5,4519
24,15,19,6,0,3693554.5,5792
24,20,24,11,6,2992351.5,6650
24,25,29,11,6,2575397.5,6746
24,30,34,30,25,2266054,7240
24,35,39,51,23,1912316.5,7906
24,40,44,24,4,1545472,8487
24,45,49,12,6,1241958,9266
24,50,54,20,14,1017352,10796
24,55,59,25,21,822040,12352
24,60,64,51,30,630770.5,14318
24,65,69,85,58,433740,14980
24,70,74,6,6,270670,14773
24,75,79,0,2,165925,14112
24,80,84,0,0,80781.5,10628
24,85,999,0,0,37163.5,8159
31,0,4,0,0,688108,2394
31,5,9,0,0,822180,283
31,10,14,0,1,836794.5,244
31,15,19,0,0,703787,405
31,20,24,2,2,654105,648
31,25,29,3,0,843679,769
31,30,34,5,1,967531.5,938
31,35,39,17,9,866568,1188
31,40,44,29,13,729543,1497
31,45,49,44,25,609274.5,2205
31,50,54,67,39,619689,3716
31,55,59,103,58,618078,5963
31,60,64,122,69,561089,8553
31,65,69,99,58,355458,8504
31,70,74,57,37,209302,7982
31,75,79,28,21,81966,4865
31,80,84,22,20,79834.5,7778
31,85,999,16,16,48317,7940
32,0,4,0,0,2947672,5439
32,5,9,0,0,3710859,737
32,10,14,0,0,3672106,948
32,15,19,3,1,3489288,2179
32,20,24,7,1,3476402,3158
32,25,29,35,5,3517290,3674
32,30,34,33,13,3399523,4101
32,35,39,55,21,3214392,4789
32,40,44,106,26,3153271,6917
32,45,49,163,42,2830371.5,8792
32,50,54,227,65,2396847,12448
32,55,59,309,97,2153956.5,17783
32,60,64,382,125,1981502.5,26875
32,65,69,425,146,1731398,37583
32,70,74,419,158,1415320.5,48188
32,75,79,348,153,1047637,55207
32,80,84,247,135,676678.5,58710
32,85,999,238,165,593389.5,101946
36,0,4,0,0,1523962,1370
36,5,9,0,0,1613876.5,106
36,10,14,0,0,1640053,8
36,15,19,2,0,1537176.5,8
36,20,24,6,0,1637502.5,8
36,25,29,24,6,1858854.5,9
36,30,34,57,15,1941399,10
36,35,39,115,16,1908182.5,10
36,40,44,184,23,1720349,28
36,45,49,276,42,1637765.5,1152
36,50,54,389,69,1660551,3236
36,55,59,512,104,1547392,9317
36,60,64,626,148,1500094,19781
36,65,69,670,187,1315491.5,12241
36,70,74,695,244,1155308,19576
36,75,79,592,289,877684.5,22542
36,80,84,418,282,567841,29628
36,85,999,442,401,557501.5,85705
40,0,4,0,0,432137.5,317
40,5,9,0,0,441266.5,36
40,10,14,0,0,427028.5,33
40,15,19,0,0,439894,135
40,20,24,0,0,488185.5,198
40,25,29,2,0,588769,249
40,30,34,7,1,630688,384
40,35,39,15,3,620081,476
40,40,44,32,7,596560,628
40,45,49,57,13,589350,1049
40,50,54,108,28,682142.5,1860
40,55,59,165,47,712128,3155
40,60,64,194,63,622569.5,4597
40,65,69,195,77,493921.5,6276
40,70,74,198,107,418525.5,9109
40,75,79,174,123,332743,10823
40,80,84,167,157,309708,15891
40,85,999,118,151,238979,41378
44,0,4,0,0,21884.5,56
44,5,9,0,0,24843.5,5
44,10,14,0,0,27815.5,5
44,15,19,0,0,27943.5,26
44,20,24,0,0,29338.5,50
44,25,29,0,0,33365.5,62
44,30,34,0,0,32163.5,79
44,35,39,0,0,28960.5,95
44,40,44,1,0,27358.5,112
44,45,49,2,1,27453,145
44,50,54,1,1,27630.5,194
44,55,59,2,2,24924,231
44,60,64,2,2,19126,223
44,65,69,5,4,14070.5,331
44,70,74,4,2,10968.5,338
44,75,79,6,2,9340.5,436
44,80,84,0,1,5892.5,432
44,85,999,2,0,4459.5,582
48,0,4,0,0,95927,130
48,5,9,0,0,103321,21
48,10,14,0,0,93320,18
48,15,19,0,0,88548.5,34
48,20,24,0,0,115525.5,57
48,25,29,0,0,164481.5,80
48,30,34,2,0,200035,99
48,35,39,4,1,189605.5,97
48,40,44,2,2,146249,109
48,45,49,4,1,106317.5,146
48,50,54,9,3,76240,172
48,55,59,7,1,59196,239
48,60,64,9,4,41037.5,302
48,65,69,7,3,24981.5,323
48,70,74,4,3,12212.5,281
48,75,79,2,1,8084,312
48,80,84,2,2,4871,324
48,85,999,0,2,3506,467
50,0,4,0,0,16290933.5,99644
50,5,9,0,0,15731965.5,8677
50,10,14,3,1,16709288.5,7161
50,15,19,8,5,17136306.5,24945
50,20,24,92,52,15767602.5,12913
50,25,29,122,87,14851325,13818
50,30,34,153,86,12592453,11543
50,35,39,161,83,12834803.5,15809
50,40,44,194,80,10321258,21337
50,45,49,220,120,8499485.5,31397
50,50,54,254,152,7261302,46409
50,55,59,279,171,6043424,60587
50,60,64,263,155,4952719.5,65320
50,65,69,215,119,3998047.5,81020
50,70,74,201,116,2830641,93932
50,75,79,193,121,1917249.5,96099
50,80,84,140,94,1045673,79984
50,85,999,116,84,600419.5,82595
51,0,4,0,0,176876,355
51,5,9,0,0,198151,26
51,10,14,0,0,197188.5,27
51,15,19,0,0,171509,58
51,20,24,0,0,167725.5,91
51,25,29,0,0,196310,115
51,30,34,2,0,245772.5,197
51,35,39,1,1,231337,271
51,40,44,1,0,204150.5,486
51,45,49,4,2,170078,730
51,50,54,10,5,162896.5,1157
51,55,59,22,10,184555.5,1856
51,60,64,40,19,202255,2987
51,65,69,53,23,150095.5,3528
51,70,74,49,29,99249.5,3760
51,75,79,28,20,44808.5,2759
51,80,84,25,19,46932.5,5050
51,85,999,16,16,30983.5,6111
52,0,4,0,0,15871.5,34
52,5,9,0,0,16292.5,2
52,10,14,0,0,17878,4
52,15,19,0,0,18016,8
52,20,24,0,0,18866.5,13
52,25,29,0,0,17895.5,16
52,30,34,0,0,18718.5,22
52,35,39,0,0,18989,33
52,40,44,1,0,18382,46
52,45,49,4,1,19182.5,67
52,50,54,7,1,19387,97
52,55,59,3,1,19666.5,144
52,60,64,5,4,18852,208
52,65,69,2,2,16089,295
52,70,74,6,5,11939.5,377
52,75,79,4,3,8146.5,477
52,80,84,6,3,4705.5,510
52,85,999,4,4,3440,781
56,0,4,0,0,593583.5,495
56,5,9,0,0,645118,58
56,10,14,0,0,685654,62
56,15,19,0,0,655179.5,172
56,20,24,2,0,670129,242
56,25,29,5,0,722057,336
56,30,34,5,2,770372.5,431
56,35,39,13,2,747838.5,632
56,40,44,35,6,763640.5,1035
56,45,49,64,13,742333,1525
56,50,54,124,27,785609.5,2402
56,55,59,212,46,804462.5,3669
56,60,64,289,64,754581.5,5836
56,65,69,321,89,654032.5,8653
56,70,74,335,128,563123.5,12485
56,75,79,292,144,436594,14605
56,80,84,216,147,303285.5,17297
56,85,999,241,213,344225.5,49895
64,0,4,0,0,48411,234
64,5,9,0,0,58769.5,23
64,10,14,0,0,64924.5,22
64,15,19,0,0,70744,44
64,20,24,0,0,72475.5,63
64,25,29,0,0,78277.5,73
64,30,34,0,0,81755,90
64,35,39,1,1,68320.5,99
64,40,44,1,1,57181.5,125
64,45,49,1,1,43125.5,155
64,50,54,1,1,35749.5,209
64,55,59,3,2,29082,278
64,60,64,2,2,23324.5,360
64,65,69,2,1,18949.5,482
64,70,74,2,2,12847,551
64,75,79,2,1,8671.5,625
64,80,84,1,1,5050.5,613
64,85,999,1,1,3255.5,752
68,0,4,0,0,1248895,11099
68,5,9,0,0,1227829,1769
68,10,14,0,0,1206630,1030
68,15,19,0,0,1158042,1401
68,20,24,0,0,1112110.5,1988
68,25,29,1,0,1055034.5,2298
68,30,34,1,0,971025.5,2545
68,35,39,2,0,831901,2883
68,40,44,3,2,716816.5,3360
68,45,49,11,6,612934.5,4042
68,50,54,8,0,515517.5,4855
68,55,59,20,8,423370.5,6009
68,60,64,17,0,335330.5,7051
68,65,69,24,12,248355.5,8116
68,70,74,31,14,175835,8794
68,75,79,3,3,123090.5,8999
68,80,84,3,0,66475.5,7467
68,85,999,10,7,47960.5,9061
70,0,4,0,0,133776.5,151
70,5,9,0,0,139109,4
70,10,14,0,0,155805,19
70,15,19,0,0,168050,66
70,20,24,1,0,175986,75
70,25,29,2,0,156816,96
70,30,34,2,1,178018,107
70,35,39,9,2,215993,198
70,40,44,20,6,250170.5,412
70,45,49,37,11,240932.5,700
70,50,54,57,20,212230,1038
70,55,59,91,38,245330,2180
70,60,64,139,70,256267.5,3810
70,65,69,173,97,229326,5423
70,70,74,145,92,173940,6404
70,75,79,83,64,105721.5,6013
70,80,84,65,61,87981,7495
70,85,999,44,55,79349.5,10835
72,0,4,0,0,289053.5,2395
72,5,9,0,0,257192.5,204
72,10,14,0,0,244845.5,156
72,15,19,0,0,249772,277
72,20,24,0,0,247486,395
72,25,29,1,1,253221.5,485
72,30,34,1,1,210819.5,504
72,35,39,3,2,163542.5,524
72,40,44,4,2,124896.5,554
72,45,49,4,0,102294,642
72,50,54,3,0,85955,787
72,55,59,3,0,68073.5,901
72,60,64,4,2,48068,978
72,65,69,4,4,36839.5,1133
72,70,74,2,2,27497.5,1259
72,75,79,2,2,15652.5,1087
72,80,84,0,0,9011.5,935
72,85,999,0,0,5670.5,999
76,0,4,0,0,13628418.5,37481
76,5,9,0,0,14336110.5,2423
76,10,14,19,2,14522576,3234
76,15,19,16,3,15276880.5,15661
76,20,24,70,21,16336263.5,24845
76,25,29,136,30,16318409,25298
76,30,34,129,124,16383995,28600
76,35,39,383,133,16920603.5,37901
76,40,44,823,239,16103032,48583
76,45,49,1309,419,14240084,59696
76,50,54,1955,663,12675564,77386
76,55,59,2692,986,11793104.5,102959
76,60,64,3143,1237,10211212.5,130209
76,65,69,3250,1359,8038445,150046
76,70,74,3051,1325,5883665,162253
76,75,79,2529,1189,3772704.5,179809
76,80,84,1998,1030,2301760.5,192846
76,85,999,2115,1187,1563586,306351
84,0,4,0,0,36378.5,77
84,5,9,0,0,38101.5,10
84,10,14,0,0,36718,11
84,15,19,0,0,38952,21
84,20,24,0,0,39579,32
84,25,29,0,0,37800.5,43
84,30,34,0,0,34707,52
84,35,39,0,0,30076,64
84,40,44,0,0,25223,87
84,45,49,0,0,21708,122
84,50,54,0,0,18381,158
84,55,59,0,0,14720,191
84,60,64,0,0,11426.5,228
84,65,69,0,0,7855.5,224
84,70,74,0,0,5182,225
84,75,79,0,0,3015.5,196
84,80,84,0,0,1776.5,191
84,85,999,0,0,1132.5,245
90,0,4,0,0,103127,389
90,5,9,0,0,100924,72
90,10,14,0,0,90746,53
90,15,19,0,0,80126,82
90,20,24,0,0,71633.5,103
90,25,29,0,0,58993,92
90,30,34,0,0,52837.5,96
90,35,39,0,0,49860.5,117
90,40,44,1,0,42483,141
90,45,49,1,0,36574.5,185
90,50,54,3,0,28874.5,225
90,55,59,0,0,21228,258
90,60,64,2,0,15316,294
90,65,69,2,5,11262,349
90,70,74,2,0,7900.5,396
90,75,79,0,0,4587.5,381
90,80,84,0,0,2855,393
90,85,999,1,0,1737.5,431
96,0,4,0,0,31645.5,61
96,5,9,0,0,33279.5,7
96,10,14,0,0,31530.5,7
96,15,19,0,0,33327.5,21
96,20,24,0,0,37506,32
96,25,29,0,0,41419.5,37
96,30,34,0,0,41678,45
96,35,39,2,2,39873.5,62
96,40,44,5,3,37043,124
96,45,49,7,2,32570.5,208
96,50,54,11,4,27964.5,269
96,55,59,12,4,21724,290
96,60,64,13,7,17566.5,308
96,65,69,11,3,12446.5,299
96,70,74,7,6,7818.5,274
96,75,79,5,5,4016,233
96,80,84,3,2,2540.5,258
96,85,999,3,3,1419.5,453
100,0,4,0,0,308423,421
100,5,9,0,0,333834.5,58
100,10,14,0,0,350170.5,74
100,15,19,0,0,323764,166
100,20,24,0,0,309822,212
100,25,29,2,0,333769,266
100,30,34,3,1,454035.5,479
100,35,39,4,4,479384,840
100,40,44,19,10,503221,1327
100,45,49,54,22,538664,2516
100,50,54,99,37,503902,3728
100,55,59,155,58,449116.5,5410
100,60,64,252,88,456730,8488
100,65,69,333,118,445091.5,11938
100,70,74,344,141,411387,15801
100,75,79,257,128,300017,17382
100,80,84,148,97,184590.5,17868
100,85,999,92,91,139942,28546
104,0,4,0,0,4463439,37381
104,5,9,0,0,4443035,4894
104,10,14,0,0,4386553.5,3929
104,15,19,2,0,4478440,7328
104,20,24,34,3,4494784,11422
104,25,29,55,18,4395183.5,11946
104,30,34,43,23,4188612.5,12444
104,35,39,58,24,4177082.5,14996
104,40,44,99,45,3790574.5,17766
104,45,49,150,67,3421905,22487
104,50,54,224,106,3061456.5,29150
104,55,59,287,144,2627923.5,37152
104,60,64,348,194,2130857,45847
104,65,69,402,263,1619429,54274
104,70,74,360,272,1060285.5,56477
104,75,79,256,216,581212.5,50240
104,80,84,172,158,295070.5,41424
104,85,999,114,112,140943.5,34313
108,0,4,0,0,2148639.5,22977
108,5,9,0,0,2097257,7274
108,10,14,1,0,1880328.5,3889
108,15,19,0,0,1449047,4014
108,20,24,1,1,1062521,4036
108,25,29,4,2,906202.5,3737
108,30,34,5,3,875798,4020
108,35,39,6,4,798490,4246
108,40,44,10,4,629365,4191
108,45,49,11,7,427470.5,3479
108,50,54,14,10,309086.5,3470
108,55,59,19,14,225130,3347
108,60,64,24,18,180619.5,4014
108,65,69,23,19,145699,4976
108,70,74,16,15,95690.5,5069
108,75,79,10,10,52864,4455
108,80,84,6,6,25967.5,3483
108,85,999,4,4,10921.5,2527
112,0,4,0,0,428276,200
112,5,9,0,0,584710.5,56
112,10,14,0,0,542781,75
112,15,19,0,0,445863,160
112,20,24,1,0,438140,217
112,25,29,3,0,513354.5,393
112,30,34,6,4,706954.5,1012
112,35,39,16,8,759693,1692
112,40,44,32,6,677044,2472
112,45,49,70,25,633590,3565
112,50,54,132,55,610268,5199
112,55,59,234,107,635283,7896
112,60,64,416,194,683073,12233
112,65,69,506,238,543876.5,12895
112,70,74,461,233,419267.5,13514
112,75,79,241,141,205530.5,11539
112,80,84,186,135,201919.5,18242
112,85,999,124,130,143612.5,30145
116,0,4,0,0,1824962.5,8742
116,5,9,0,0,1736583.5,2276
116,10,14,0,0,1677138.5,1565
116,15,19,0,0,1573309.5,2449
116,20,24,0,0,1364832.5,3028
116,25,29,5,2,1378132.5,3299
116,30,34,10,4,1425897.5,3702
116,35,39,12,4,1326247.5,3884
116,40,44,23,12,1130119,4309
116,45,49,34,17,750291,3647
116,50,54,73,36,768368.5,5628
116,55,59,105,49,687603,6756
116,60,64,101,55,566222.5,8671
116,65,69,97,64,413077,10132
116,70,74,95,72,284714.5,11465
116,75,79,73,63,164604,11019
116,80,84,48,46,86712,9662
116,85,999,33,33,42908,8541
120,0,4,0,0,4344471,65644
120,5,9,0,0,3856846.5,6261
120,10,14,1,0,3420529,3997
120,15,19,1,0,2954957,5192
120,20,24,10,6,2474170.5,6246
120,25,29,11,6,2160326.5,6584
120,30,34,18,10,1907685,7190
120,35,39,15,8,1600946,7890
120,40,44,24,10,1299383.5,8501
120,45,49,34,17,1020701,8953
120,50,54,42,24,793300,9659
120,55,59,48,31,588866.5,9840
120,60,64,44,33,447048,11019
120,65,69,36,29,323131.5,12178
120,70,74,27,23,211457,12815
120,75,79,19,17,132292.5,12623
120,80,84,12,12,66051.5,9749
120,85,999,6,6,30608.5,7687
124,0,4,0,0,1888613.5,1774
124,5,9,0,0,2037981,148
124,10,14,0,0,2109299,198
124,15,19,3,0,2091685.5,665
124,20,24,10,2,2463508,1270
124,25,29,16,8,2686883.5,1838
124,30,34,68,21,2761665.5,2478
124,35,39,155,40,2706776,3336
124,40,44,271,67,2574501.5,4007
124,45,49,400,101,2415115,5350
124,50,54,578,148,2439833.5,8574
124,55,59,825,220,2652412.5,16689
124,60,64,1020,302,2639948,25453
124,65,69,1025,319,2309029.5,26099
124,70,74,969,364,1880176,34679
124,75,79,806,527,1378423,39973
124,80,84,572,620,879633,44757
124,85,999,620,1023,905775,120436
132,0,4,0,0,42610.5,85
132,5,9,0,0,49201,8
132,10,14,0,0,49426,6
132,15,19,0,0,46653.5,13
132,20,24,0,0,41599,30
132,25,29,0,0,46415.5,37
132,30,34,0,0,47548.5,46
132,35,39,0,0,41218,87
132,40,44,0,0,33112.5,81
132,45,49,0,1,25978,105
132,50,54,2,0,23181,127
132,55,59,1,0,22065,165
132,60,64,0,0,17839.5,166
132,65,69,2,0,12314,197
132,70,74,1,1,8949.5,284
132,75,79,1,0,5471.5,324
132,80,84,0,1,3655,372
132,85,999,0,1,2503,468
140,0,4,0,0,934537,94165
140,5,9,0,0,825701,21163
140,10,14,1,0,748774,10606
140,15,19,3,0,634278,18985
140,20,24,5,5,508670,27770
140,25,29,3,3,361793,20703
140,30,34,2,1,251725.5,12917
140,35,39,3,3,179207.5,9371
140,40,44,4,2,137131,7804
140,45,49,5,3,113226,7384
140,50,54,6,3,113989,8453
140,55,59,8,8,99306,9074
140,60,64,8,6,80415,9745
140,65,69,7,7,56530.5,9502
140,70,74,5,5,31260,6955
140,75,79,4,4,14300.5,3364
140,80,84,2,2,5666,2067
140,85,999,1,1,1529.5,1008
144,0,4,0,0,1647731,2135
144,5,9,0,0,1734772,216
144,10,14,0,0,1798820,250
144,15,19,0,0,1794252.5,474
144,20,24,1,0,1667941.5,726
144,25,29,13,7,1652090.5,869
144,30,34,13,6,1565618.5,1074
144,35,39,17,7,1576177.5,1638
144,40,44,34,13,1649818.5,2898
144,45,49,59,30,1411731.5,4055
144,50,54,98,50,1336928,6215
144,55,59,158,77,1251499,9186
144,60,64,205,96,1148409.5,13547
144,65,69,218,100,959325.5,18436
144,70,74,205,97,758972,24050
144,75,79,149,74,478297.5,24545
144,80,84,76,41,245556,21370
144,85,999,54,32,157024,27328
148,0,4,0,0,3431648,79610
148,5,9,0,0,2887361,19742
148,10,14,0,0,2429494,9100
148,15,19,0,0,2002058,8900
148,20,24,0,0,1637422.5,9711
148,25,29,0,0,1343176.5,8745
148,30,34,0,0,1081071.5,7728
148,35,39,23,19,863343.5,6986
148,40,44,0,0,708539,6766
148,45,49,33,25,610168.5,6774
148,50,54,19,15,472997.5,6772
148,55,59,0,0,354498,6708
148,60,64,8,6,254186.5,6986
148,65,69,12,9,173264,7194
148,70,74,0,0,108121.5,6980
148,75,79,9,8,57942,5811
148,80,84,0,0,27811.5,4320
148,85,999,0,0,12212,3143
152,0,4,0,0,1021264.5,1035
152,5,9,0,0,1217629,171
152,10,14,0,0,1233248,187
152,15,19,0,0,1211543,505
152,20,24,3,0,1395580,1022
152,25,29,10,1,1589137.5,1329
152,30,34,19,6,1634354.5,1767
152,35,39,21,11,1497425.5,1953
152,40,44,42,16,1376981.5,2611
152,45,49,79,28,1310065.5,3622
152,50,54,126,47,1260079,5387
152,55,59,192,67,1170277,7975
152,60,64,262,95,1034882,10732
152,65,69,314,125,863341.5,12873
152,70,74,304,142,675289.5,15225
152,75,79,246,137,451383,17767
152,80,84,182,119,296178,20873
152,85,999,190,148,314377.5,43047
156,0,4,0,0,65606014,72370
156,5,9,0,0,90500949,22654
156,10,14,35,14,87909429,23674
156,15,19,68,30,80171426.5,27038
156,20,24,178,70,80852780.5,44220
156,25,29,590,192,89704202,64666
156,30,34,1710,552,118128097,99605
156,35,39,2444,818,109430574.5,107419
156,40,44,4668,1512,95819838.5,141324
156,45,49,9855,3244,104901929.5,242408
156,50,54,23524,7319,122960963.5,488952
156,55,59,26951,9017,113599176.5,673844
156,60,64,29235,10507,69176933,734215
156,65,69,45066,18471,75962979.5,1274663
156,70,74,38374,19308,54531187.5,1461124
156,75,79,27244,17835,31736600.5,1416101
156,80,84,18794,16173,19798118.5,1607203
156,85,999,13371,15429,14388369.5,2497251
170,0,4,0,0,3543741.5,8822
170,5,9,0,0,3529821.5,919
170,10,14,0,0,3767233.5,1267
170,15,19,8,1,4090937.5,4066
170,20,24,13,5,4434691,6584
170,25,29,30,16,4576470.5,7064
170,30,34,38,22,4280871.5,6891
170,35,39,67,33,3911341.5,7098
170,40,44,114,36,3570438,8031
170,45,49,168,54,3183638.5,9224
170,50,54,243,86,2988609,12345
170,55,59,340,129,2823830,17425
170,60,64,403,164,2376512.5,23418
170,65,69,431,193,1806963.5,28068
170,70,74,396,200,1275621.5,32181
170,75,79,304,173,835125.5,36518
170,80,84,215,137,454530.5,38335
170,85,999,208,148,287566,55999
174,0,4,0,0,113418,1161
174,5,9,0,0,105183,102
174,10,14,0,0,96043.5,73
174,15,19,0,0,84663,122
174,20,24,0,0,75992.5,144
174,25,29,0,0,59892,118
174,30,34,0,0,57078.5,131
174,35,39,0,0,51520,156
174,40,44,0,0,45718,193
174,45,49,0,0,36579.5,229
174,50,54,0,0,29597,280
174,55,59,1,0,23343.5,333
174,60,64,1,0,17994,401
174,65,69,2,1,14069.5,493
174,70,74,2,2,10437.5,592
174,75,79,2,2,7547.5,691
174,80,84,0,0,3658.5,519
174,85,999,0,0,1452.5,349
178,0,4,0,0,875680,7582
178,5,9,0,0,839345.5,766
178,10,14,0,0,774842.5,584
178,15,19,0,0,617780,829
178,20,24,2,2,500529,1034
178,25,29,3,2,432358.5,1157
178,30,34,2,2,389514.5,1372
178,35,39,2,2,357227,1730
178,40,44,5,3,315915,2097
178,45,49,9,6,266682.5,2430
178,50,54,13,8,212238.5,2691
178,55,59,13,8,163980.5,2843
178,60,64,10,6,117018.5,2939
178,65,69,6,4,77104,2875
178,70,74,4,3,47285,2757
178,75,79,2,1,26845,2419
178,80,84,1,1,13998,1952
178,85,999,0,0,6760,1598
180,0,4,0,0,18753273,313252
180,5,9,0,0,15561649,55786
180,10,14,5,5,12902486.5,27044
180,15,19,19,19,10593110,29914
180,20,24,32,21,8899426,34584
180,25,29,53,36,7563285,32214
180,30,34,41,27,6103689.5,28849
180,35,39,35,27,4939629,26922
180,40,44,73,41,3888134.5,26529
180,45,49,108,62,3226403.5,26888
180,50,54,140,83,2775283,31792
180,55,59,158,99,2276284,34447
180,60,64,158,109,1774776,40005
180,65,69,150,114,1300942,45116
180,70,74,137,113,890954,48777
180,75,79,106,94,564900.5,48507
180,80,84,62,59,269939.5,36873
180,85,999,34,34,112803,26909
188,0,4,0,0,299560,417
188,5,9,0,0,347558,44
188,10,14,0,0,361085.5,76
188,15,19,0,0,359881,223
188,20,24,2,0,391472.5,414
188,25,29,2,0,405269,500
188,30,34,5,1,414784.5,599
188,35,39,6,5,405645.5,627
188,40,44,10,4,361195.5,711
188,45,49,16,5,316448,806
188,50,54,26,10,297054,1139
188,55,59,42,19,292272,1596
188,60,64,49,24,257227.5,2171
188,65,69,46,23,197725.5,2491
188,70,74,43,21,148825,2841
188,75,79,37,22,104269.5,3710
188,80,84,29,19,65928,4300
188,85,999,31,26,55563.5,8366
191,0,4,0,0,170181,158
191,5,9,0,0,181936,16
191,10,14,0,0,206624,18
191,15,19,0,0,197889,58
191,20,24,1,0,202679.5,86
191,25,29,2,0,210403.5,105
191,30,34,4,1,221267,123
191,35,39,6,1,254785.5,223
191,40,44,21,6,274481.5,434
191,45,49,43,11,268727.5,662
191,50,54,77,23,266039,1081
191,55,59,138,43,284721,1957
191,60,64,218,71,288809,3307
191,65,69,287,106,277460,5225
191,70,74,275,126,225955.5,6902
191,75,79,198,115,150609,7446
191,80,84,163,126,120787.5,9658
191,85,999,127,121,103671.5,15893
192,0,4,0,0,522168,595
192,5,9,0,0,594944.5,106
192,10,14,0,0,616735.5,122
192,15,19,0,0,604870.5,228
192,20,24,0,0,687223,360
192,25,29,6,2,674798.5,396
192,30,34,7,1,796317,634
192,35,39,8,4,731605.5,880
192,40,44,11,5,607453.5,1105
192,45,49,30,9,825007.5,2491
192,50,54,64,19,975936.5,4900
192,55,59,109,31,976487.5,8201
192,60,64,129,38,690429,9218
192,65,69,133,44,538170.5,11093
192,70,74,128,55,449781,13675
192,75,79,108,57,349313,15921
192,80,84,81,50,228916.5,16266
192,85,999,78,55,189662.5,27567
196,0,4,0,0,73523.5,76
196,5,9,0,0,71989.5,9
196,10,14,0,0,67949,10
196,15,19,0,0,66036,12
196,20,24,0,0,76584.5,31
196,25,29,0,0,98293,33
196,30,34,1,0,125118,49
196,35,39,1,0,127086.5,67
196,40,44,3,0,110924.5,98
196,45,49,6,1,92590.5,159
196,50,54,10,3,85318.5,207
196,55,59,15,5,77515.5,334
196,60,64,19,7,71011.5,532
196,65,69,20,6,58672.5,774
196,70,74,21,9,48347,1178
196,75,79,22,7,36555.5,1495
196,80,84,19,12,24144.5,1779
196,85,999,19,12,19710,3399
203,0,4,0,0,559093.5,294
203,5,9,0,0,559665.5,52
203,10,14,0,0,583373,61
203,15,19,0,0,530630,147
203,20,24,0,0,508623.5,227
203,25,29,4,0,586537.5,287
203,30,34,8,0,703867.5,452
203,35,39,9,1,724887.5,668
203,40,44,43,9,823004,1113
203,45,49,105,25,914682.5,2053
203,50,54,158,43,715775,2717
203,55,59,256,77,678337.5,4229
203,60,64,338,115,594773,6454
203,65,69,492,188,654697.5,10935
203,70,74,540,243,613416.5,16089
203,75,79,421,232,460401.5,18933
203,80,84,239,169,260839,18113
203,85,999,173,162,200608.5,34525
204,0,4,0,0,2154968,37823
204,5,9,0,0,1957322,7804
204,10,14,0,0,1683298.5,3856
204,15,19,0,0,1453222,4377
204,20,24,2,0,1236639.5,5022
204,25,29,6,0,1073106,4785
204,30,34,6,0,905375,4442
204,35,39,4,3,765456,4251
204,40,44,6,4,622362.5,4196
204,45,49,8,4,500435.5,4036
204,50,54,16,10,410199.5,4519
204,55,59,23,13,328863.5,4834
204,60,64,19,15,246863.5,5441
204,65,69,15,15,174379.5,5960
204,70,74,13,14,118432,6441
204,75,79,16,15,75046.5,6448
204,80,84,13,13,37009.5,5033
204,85,999,9,9,16521.5,3850
208,0,4,0,0,311033.5,213
208,5,9,0,0,304242,15
208,10,14,0,0,331331,22
208,15,19,0,0,345819.5,60
208,20,24,1,0,375400,118
208,25,29,3,0,407812.5,121
208,30,34,4,0,387139,179
208,35,39,2,1,340251.5,208
208,40,44,16,2,346024,360
208,45,49,44,6,385940.5,594
208,50,54,89,12,391939,1054
208,55,59,166,22,416942,1872
208,60,64,218,32,354793,2782
208,65,69,282,48,324013,4477
208,70,74,336,72,302647.5,6364
208,75,79,348,94,279683.5,9615
208,80,84,212,75,164924.5,10064
208,85,999,160,78,132967.5,21276
214,0,4,0,0,1013118,6641
214,5,9,0,0,1022824.5,156
214,10,14,0,0,1017914,211
214,15,19,1,0,974611.5,681
214,20,24,1,0,964656,1232
214,25,29,2,0,932270,1380
214,30,34,4,1,870248.5,1541
214,35,39,8,3,776065,1594
214,40,44,13,4,705019,2040
214,45,49,16,5,639051,2467
214,50,54,16,5,562514,3241
214,55,59,31,10,503844,4361
214,60,64,23,7,430199.5,5028
214,65,69,44,16,326851.5,6143
214,70,74,21,9,215448.5,6607
214,75,79,15,9,128906,6359
214,80,84,11,8,78689.5,6183
214,85,999,10,7,68503,10387
218,0,4,0,0,1431213.5,3381
218,5,9,0,0,1500220,426
218,10,14,1,0,1616644.5,568
218,15,19,2,0,1568949.5,1324
218,20,24,3,2,1569970.5,2136
218,25,29,7,3,1533557.5,2315
218,30,34,6,4,1433852,2403
218,35,39,14,7,1317304,2557
218,40,44,24,9,1168659.5,2876
218,45,49,41,11,1022250,3397
218,50,54,59,20,889028,4260
218,55,59,74,28,753570,5691
218,60,64,79,32,619430.5,7011
218,65,69,78,37,498612,8007
218,70,74,69,30,383582,9585
218,75,79,61,32,255996,9844
218,80,84,51,32,154318,12270
218,85,999,55,39,106739.5,17530
222,0,4,0,0,499909,1199
222,5,9,0,0,545244.5,169
222,10,14,0,0,563679.5,196
222,15,19,0,1,569980,667
222,20,24,1,0,642406,1041
222,25,29,3,0,613422,1263
222,30,34,5,2,491163,1379
222,35,39,12,2,385402.5,1518
222,40,44,17,5,369843.5,1806
222,45,49,19,4,336497,2056
222,50,54,18,7,301046.5,2557
222,55,59,13,4,257626,3054
222,60,64,9,5,210364,3411
222,65,69,9,5,169372,3856
222,70,74,10,7,134467.5,4543
222,75,79,8,4,95412,5517
222,80,84,8,5,59664,5889
222,85,999,10,7,34820,6723
226,0,4,0,0,249817.5,3957
226,5,9,0,0,228659,337
226,10,14,0,0,201065.5,218
226,15,19,0,0,165539,274
226,20,24,1,1,137114,321
226,25,29,0,0,136149,373
226,30,34,2,2,142909,477
226,35,39,2,1,129394,554
226,40,44,1,1,102175,580
226,45,49,1,1,83500,643
226,50,54,1,1,66914.5,730
226,55,59,2,2,55056,850
226,60,64,2,1,40911,947
226,65,69,0,0,28579,1015
226,70,74,1,1,18233,1014
226,75,79,0,0,9837,866
226,80,84,0,0,5157,701
226,85,999,0,0,2535.5,597
231,0,4,0,0,18673389.5,186145
231,5,9,0,0,16063479,32256
231,10,14,14,9,15047969.5,19533
231,15,19,0,0,14176948.5,28070
231,20,24,116,87,12499314.5,35347
231,25,29,141,112,10716437.5,32816
231,30,34,165,127,8670616.5,28626
231,35,39,195,153,6601774.5,24414
231,40,44,208,175,5444002,25668
231,45,49,285,197,4472067.5,26079
231,50,54,298,210,3747677.5,31579
231,55,59,280,212,3054275.5,34397
231,60,64,290,213,2298807.5,39890
231,65,69,290,193,1590372.5,43937
231,70,74,202,151,1105955.5,49694
231,75,79,130,103,720113.5,52262
231,80,84,67,54,347508.5,41200
231,85,999,38,30,153577,32070
232,0,4,0,0,455141.5,3530
232,5,9,0,0,440788,783
232,10,14,1,0,440609.5,512
232,15,19,3,0,413263.5,753
232,20,24,2,2,339573.5,872
232,25,29,3,1,269408,753
232,30,34,4,2,200841,617
232,35,39,5,3,159134,565
232,40,44,4,2,143084.5,673
232,45,49,6,4,129067,767
232,50,54,7,7,112490.5,981
232,55,59,7,5,92952.5,1077
232,60,64,8,6,72759,1292
232,65,69,8,6,52449.5,1475
232,70,74,8,6,39004.5,1771
232,75,79,6,6,28086,2056
232,80,84,4,4,14568,1739
232,85,999,2,2,6226.5,1330
233,0,4,0,0,69240.5,30
233,5,9,0,0,72117,7
233,10,14,0,0,77805,13
233,15,19,0,0,69925.5,24
233,20,24,0,0,63862.5,41
233,25,29,0,0,72679.5,41
233,30,34,0,0,99394,94
233,35,39,1,0,100423.5,164
233,40,44,1,0,93395,221
233,45,49,6,2,92229.5,315
233,50,54,14,3,89897.5,453
233,55,59,25,8,83451.5,663
233,60,64,43,15,87146,1067
233,65,69,58,23,79882.5,1452
233,70,74,66,30,69535.5,1837
233,75,79,52,29,46213,1765
233,80,84,54,37,43737,2957
233,85,999,49,39,39156.5,5939
242,0,4,0,0,83818.5,472
242,5,9,0,0,86779.5,35
242,10,14,0,0,84103.5,33
242,15,19,0,0,79674,50
242,20,24,0,0,73633,68
242,25,29,0,0,74120,83
242,30,34,0,0,71912,107
242,35,39,1,1,69448.5,166
242,40,44,2,0,63253.5,248
242,45,49,2,2,50334.5,364
242,50,54,6,3,46185,590
242,55,59,3,1,43678.5,850
242,60,64,9,5,35392,1130
242,65,69,7,5,24667.5,1139
242,70,74,6,6,15936.5,1072
242,75,79,1,1,9716.5,942
242,80,84,2,2,4721,689
242,85,999,3,3,2048,512
246,0,4,0,0,240999,136
246,5,9,0,0,290576.5,48
246,10,14,0,0,316124.5,33
246,15,19,0,0,305785.5,122
246,20,24,1,0,304577,176
246,25,29,1,0,345892.5,148
246,30,34,6,0,365806.5,221
246,35,39,7,0,363953.5,266
246,40,44,15,3,354106.5,409
246,45,49,29,5,331211,532
246,50,54,55,12,333095.5,1064
246,55,59,103,26,366958,1856
246,60,64,149,43,356533.5,2771
246,65,69,206,68,354121,4176
246,70,74,263,98,347982.5,7092
246,75,79,231,96,261162,7536
246,80,84,169,88,171428,10013
246,85,999,163,96,158986,26409
250,0,4,0,0,3418480.5,3078
250,5,9,0,0,3806780.5,324
250,10,14,0,0,4062720,335
250,15,19,3,0,4084770,1015
250,20,24,5,1,4010343.5,1768
250,25,29,26,3,3707208.5,1821
250,30,34,70,11,3909931.5,2490
250,35,39,101,19,3977662,3745
250,40,44,257,41,4162128,5459
250,45,49,492,86,4203534.5,8546
250,50,54,887,164,4339649.5,14585
250,55,59,1353,265,4306163.5,20336
250,60,64,1872,370,4119683.5,30279
250,65,69,2391,551,3859940,42095
250,70,74,2954,862,3659763,61837
250,75,79,2364,881,2589875.5,67818
250,80,84,1696,884,1770103.5,76274
250,85,999,2142,1486,2288671,316992
254,0,4,0,0,32410,83
254,5,9,0,0,30496.5,0
254,10,14,0,0,30868,5
254,15,19,0,0,28580.5,12
254,20,24,0,0,22093,8
254,25,29,0,0,19280,26
254,30,34,0,0,20361,17
254,35,39,0,0,20435.5,24
254,40,44,0,0,18520.5,46
254,45,49,1,0,16324.5,49
254,50,54,1,0,15301.5,61
254,55,59,3,2,13281,68
254,60,64,1,0,10560.5,97
254,65,69,2,0,7561,122
254,70,74,1,0,5365.5,165
254,75,79,1,2,3442.5,197
254,80,84,1,2,1964.5,189
254,85,999,0,0,1460,282
258,0,4,0,0,15722.5,20
258,5,9,0,0,19457.5,2
258,10,14,0,0,21776,2
258,15,19,0,0,21565.5,3
258,20,24,0,0,20508,5
258,25,29,0,0,18671,4
258,30,34,0,0,21763.5,6
258,35,39,0,0,22212.5,8
258,40,44,0,0,20176.5,11
258,45,49,0,0,19352.5,19
258,50,54,2,0,19286,32
258,55,59,2,0,17500.5,51
258,60,64,2,0,13864,67
258,65,69,3,1,11010.5,97
258,70,74,3,3,7240,116
258,75,79,4,4,5080,146
258,80,84,2,2,3067.5,162
258,85,999,2,0,2124,239
262,0,4,0,0,114432.5,1240
262,5,9,0,0,113230.5,275
262,10,14,0,0,113731.5,173
262,15,19,0,0,116822,259
262,20,24,1,0,108634,332
262,25,29,2,2,97089,323
262,30,34,2,2,87821.5,319
262,35,39,2,2,77472,317
262,40,44,2,2,71024.5,366
262,45,49,2,0,63417.5,402
262,50,54,3,0,51791,467
262,55,59,3,3,39647.5,479
262,60,64,3,3,29365,543
262,65,69,3,3,20915,610
262,70,74,2,2,15400,729
262,75,79,2,2,9572,727
262,80,84,0,0,4657,573
262,85,999,0,0,2073.5,444
266,0,4,0,0,329181.5,2648
266,5,9,0,0,300719,250
266,10,14,0,0,263978,175
266,15,19,0,0,221651.5,254
266,20,24,1,0,197421.5,331
266,25,29,0,0,191072,392
266,30,34,2,2,189613,495
266,35,39,2,2,172755.5,620
266,40,44,2,2,144480.5,729
266,45,49,2,0,114190.5,818
266,50,54,2,0,88432,914
266,55,59,4,2,68110.5,993
266,60,64,5,4,51636,1118
266,65,69,1,1,37958.5,1217
266,70,74,2,2,26754.5,1287
266,75,79,2,0,17153,1249
266,80,84,1,0,9692.5,1097
266,85,999,0,0,5947,1260
268,0,4,0,0,252515,425
268,5,9,0,0,289273,42
268,10,14,0,0,262599.5,48
268,15,19,0,0,214060,96
268,20,24,0,0,212314.5,171
268,25,29,1,0,233531,210
268,30,34,1,1,282709,335
268,35,39,0,1,279382,499
268,40,44,5,3,251000.5,776
268,45,49,15,6,237675,1142
268,50,54,29,13,227634,1644
268,55,59,53,26,237840,2658
268,60,64,82,39,241734,3916
268,65,69,104,45,196550,4780
268,70,74,101,54,153615,5786
268,75,79,70,49,82923,4798
268,80,84,57,45,81143,8455
268,85,999,39,36,58285,10557
270,0,4,0,0,379502.5,3660
270,5,9,0,0,370277.5,979
270,10,14,0,0,336034,542
270,15,19,0,0,286528,661
270,20,24,0,0,246819.5,784
270,25,29,2,2,218761.5,769
270,30,34,2,2,181481,711
270,35,39,2,2,142230,645
270,40,44,2,2,107375.5,621
270,45,49,1,1,87860,632
270,50,54,2,1,80889,823
270,55,59,2,2,70031.5,943
270,60,64,2,2,52491.5,1064
270,65,69,1,1,33845,1069
270,70,74,3,2,19949,1009
270,75,79,3,3,13265,1075
270,80,84,1,1,6242,816
270,85,999,0,0,2887.5,688
275,0,4,0,0,722295.5,2116
275,5,9,0,0,702289,180
275,10,14,0,0,628022,131
275,15,19,0,0,539627.5,214
275,20,24,1,0,477590,272
275,25,29,5,0,454457,276
275,30,34,5,3,405410.5,283
275,35,39,9,4,319783.5,295
275,40,44,12,6,250474,348
275,45,49,17,9,200486.5,473
275,50,54,21,12,164706,645
275,55,59,25,13,137060,915
275,60,64,24,13,106625,1163
275,65,69,20,11,78452,1468
275,70,74,20,12,54954,1768
275,75,79,15,11,34689.5,1906
275,80,84,9,7,18889,1777
275,85,999,5,5,9459,1639
276,0,4,0,0,3963211,2938
276,5,9,0,0,3956549,384
276,10,14,0,0,3778762.5,353
276,15,19,2,0,3827410.5,819
276,20,24,13,0,4415607.5,1259
276,25,29,23,0,4884908.5,1690
276,30,34,22,10,5546110.5,2795
276,35,39,62,19,5411100.5,4451
276,40,44,221,52,5240161.5,6491
276,45,49,457,116,4918280.5,9340
276,50,54,1088,293,6161074.5,20374
276,55,59,2018,573,6932319.5,39581
276,60,64,2624,769,6165884,58010
276,65,69,2917,953,5080993,72502
276,70,74,3265,1188,4306883.5,94515
276,75,79,2876,1270,3228586,105026
276,80,84,3390,1845,3466314.5,221548
276,85,999,2957,1765,2802070,440684
288,0,4,0,0,4204477.5,37244
288,5,9,0,0,4140784.5,11631
288,10,14,0,0,3763835,6494
288,15,19,0,0,3380325,8195
288,20,24,7,10,2959281.5,9878
288,25,29,25,7,2615020,9537
288,30,34,34,13,2430647,9686
288,35,39,38,18,2188742.5,9862
288,40,44,43,27,1847685,10380
288,45,49,48,33,1488872.5,10191
288,50,54,62,37,1226375.5,11833
288,55,59,66,40,998618.5,12863
288,60,64,53,37,723879.5,14103
288,65,69,37,34,484160.5,14832
288,70,74,32,30,325155.5,15956
288,75,79,22,21,202111.5,15994
288,80,84,11,11,114572,14547
288,85,999,5,5,54608.5,11972
300,0,4,0,0,417714.5,407
300,5,9,0,0,480464.5,67
300,10,14,0,0,543767,74
300,15,19,0,0,526900,146
300,20,24,0,0,527188.5,241
300,25,29,0,0,525934,289
300,30,34,1,0,558433.5,407
300,35,39,4,1,632413.5,602
300,40,44,8,2,773557,1116
300,45,49,25,5,785379,1779
300,50,54,50,12,800273.5,3054
300,55,59,77,19,733482.5,4334
300,60,64,109,28,688343.5,6436
300,65,69,146,42,621442,8566
300,70,74,182,63,561825,12628
300,75,79,188,75,464861,17317
300,80,84,156,87,364208,24169
300,85,999,154,122,406293,64898
312,0,4,0,0,19504.5,41
312,5,9,0,0,21154.5,1
312,10,14,0,0,23968.5,1
312,15,19,0,0,25341.5,8
312,20,24,0,0,19353.5,11
312,25,29,0,0,16497.5,12
312,30,34,0,0,18896,29
312,35,39,0,0,18967.5,33
312,40,44,2,0,20318.5,28
312,45,49,3,1,25386,70
312,50,54,5,1,29126.5,110
312,55,59,8,1,31776.5,189
312,60,64,9,2,29609.5,263
312,65,69,9,3,25762.5,315
312,70,74,8,2,22285,452
312,75,79,8,5,15403.5,426
312,80,84,4,4,9960.5,527
312,85,999,3,3,11385.5,1363
316,0,4,0,0,14905,39
316,5,9,0,0,14837,1
316,10,14,0,0,13183.5,3
316,15,19,0,0,11852.5,8
316,20,24,0,0,11707.5,12
316,25,29,0,0,11710,17
316,30,34,0,0,10596.5,17
316,35,39,0,0,9571,27
316,40,44,0,0,9124,29
316,45,49,1,0,9606.5,44
316,50,54,2,2,10137,75
316,55,59,2,0,9916,99
316,60,64,2,2,8804.5,115
316,65,69,2,2,7073,126
316,70,74,2,0,5477,127
316,75,79,2,0,3305,118
316,80,84,1,1,1857.5,99
316,85,999,0,0,1516.5,155
320,0,4,0,0,1911305.5,8382
320,5,9,0,0,2004499.5,614
320,10,14,0,0,1922954.5,727
320,15,19,0,0,1890324.5,2123
320,20,24,0,0,1815964.5,2933
320,25,29,1,0,1651462.5,2901
320,30,34,2,1,1435470.5,3032
320,35,39,4,2,1185223,3351
320,40,44,5,1,964246.5,3916
320,45,49,8,7,750950.5,4253
320,50,54,7,4,594903,4770
320,55,59,6,4,489887,6109
320,60,64,8,4,404348,6911
320,65,69,10,6,324273,7998
320,70,74,9,6,230722,8368
320,75,79,4,4,148739.5,9263
320,80,84,6,3,79857,9099
320,85,999,10,7,42746,9496
324,0,4,0,0,2166367.5,45619
324,5,9,0,0,1937394,6920
324,10,14,3,2,1738921,3597
324,15,19,1,1,1517856,4203
324,20,24,1,1,1349283,5042
324,25,29,6,5,1184417.5,4858
324,30,34,5,4,959940.5,4331
324,35,39,5,4,732627.5,3737
324,40,44,5,4,557187.5,3477
324,45,49,5,3,455008.5,3407
324,50,54,5,3,389435.5,4032
324,55,59,7,5,326469.5,4523
324,60,64,10,7,257991.5,5404
324,65,69,12,9,192764.5,6298
324,70,74,11,8,136324,7109
324,75,79,7,5,85882.5,7147
324,80,84,4,4,45414.5,6031
324,85,999,2,2,21852,4984
328,0,4,0,0,83242.5,453
328,5,9,0,0,81340.5,19
328,10,14,0,0,77003,24
328,15,19,0,0,71446,51
328,20,24,0,0,77270.5,106
328,25,29,0,0,74640,141
328,30,34,0,0,58622.5,145
328,35,39,0,0,47462,153
328,40,44,0,0,46025,215
328,45,49,0,0,45191,305
328,50,54,0,0,41633,431
328,55,59,4,2,36633.5,547
328,60,64,0,0,30001.5,662
328,65,69,4,2,20991,685
328,70,74,0,0,13914.5,626
328,75,79,2,2,8473,530
328,80,84,1,1,4589.5,430
328,85,999,1,1,3158,482
332,0,4,0,0,1240434.5,14892
332,5,9,0,0,1227060.5,1656
332,10,14,0,0,1205893,1298
332,15,19,1,1,1147683,2021
332,20,24,3,0,1089148,2796
332,25,29,2,1,1011278,2869
332,30,34,4,1,928854,3035
332,35,39,6,3,792411.5,3261
332,40,44,6,3,666210.5,3699
332,45,49,15,13,555349.5,4344
332,50,54,15,2,452819.5,5118
332,55,59,20,3,371030.5,6099
332,60,64,22,4,293087,7227
332,65,69,21,15,220801.5,8323
332,70,74,37,25,149498.5,8847
332,75,79,5,2,90364.5,8496
332,80,84,4,1,44302.5,6661
332,85,999,8,0,17379.5,4518
340,0,4,0,0,1130878.5,3711
340,5,9,0,0,1084632.5,382
340,10,14,0,0,1068718.5,365
340,15,19,2,0,1064510.5,874
340,20,24,2,1,1042852.5,1161
340,25,29,2,0,954283.5,1122
340,30,34,4,9,841857,1183
340,35,39,5,10,740315,1417
340,40,44,10,8,642352.5,1809
340,45,49,13,9,513336.5,2251
340,50,54,17,6,394424.5,2698
340,55,59,29,7,306573,3259
340,60,64,20,1,243144.5,4049
340,65,69,19,13,187552,4935
340,70,74,23,4,128128,5368
340,75,79,8,6,68327,4649
340,80,84,10,4,34301,3775
340,85,999,10,4,17685,3477
348,0,4,0,0,466950.5,381
348,5,9,0,0,467798,59
348,10,14,0,0,474375,59
348,15,19,0,0,492746,127
348,20,24,1,0,509365,202
348,25,29,4,0,600186,300
348,30,34,8,1,633153,411
348,35,39,11,4,619777.5,636
348,40,44,66,18,742596,1263
348,45,49,168,53,829767.5,2662
348,50,54,269,88,703505.5,4475
348,55,59,354,121,579286,6516
348,60,64,478,187,569100.5,9901
348,65,69,671,292,655609,15927
348,70,74,577,292,519427,17025
348,75,79,420,258,372567.5,18834
348,80,84,269,205,251057,20952
348,85,999,191,192,197038.5,34109
352,0,4,0,0,22916,7
352,5,9,0,0,22342.5,1
352,10,14,0,0,24644.5,0
352,15,19,0,0,23439.5,0
352,20,24,0,0,25539.5,11
352,25,29,0,0,30629,11
352,30,34,0,0,31267,11
352,35,39,1,0,26873,0
352,40,44,2,0,25830,8
352,45,49,3,0,23979,64
352,50,54,3,0,21980,93
352,55,59,8,0,22384,149
352,60,64,5,0,21056,266
352,65,69,7,2,18373.5,211
352,70,74,8,1,14913.5,258
352,75,79,6,2,10878,300
352,80,84,7,2,6662,268
352,85,999,5,2,6648.5,1165
356,0,4,0,0,115769541,682130
356,5,9,0,0,121058308.5,55632
356,10,14,16,7,126479798,48585
356,15,19,99,54,129366254,83282
356,20,24,353,190,128941119,114347
356,25,29,682,375,122842521.5,144624
356,30,34,954,526,116819480.5,170842
356,35,39,1088,599,108009909,222619
356,40,44,1527,688,94728197.5,296483
356,45,49,2202,1203,82869033,367196
356,50,54,2973,1793,71585747.5,498285
356,55,59,3928,2400,60985613.5,771441
356,60,64,4638,2705,50478592,926966
356,65,69,4636,2530,39417348,1114600
356,70,74,3483,1952,26322950,1117473
356,75,79,2184,1325,15353554,996245
356,80,84,1270,832,8753980.5,854268
356,85,999,784,559,5641265,908161
360,0,4,0,0,22488310.5,96506
360,5,9,0,0,23833942.5,11459
360,10,14,0,0,24149561.5,10906
360,15,19,26,3,22776321,23271
360,20,24,41,6,22040795,30164
360,25,29,204,63,21749592,31451
360,30,34,185,68,21010309.5,36088
360,35,39,377,151,20977656.5,48564
360,40,44,762,292,20335480,67601
360,45,49,1238,519,18556556,94592
360,50,54,1830,797,16680769,130691
360,55,59,2340,1022,14121211.5,170404
360,60,64,2551,1201,11080770.5,207036
360,65,69,2315,1248,7868392,229588
360,70,74,1701,1113,5007775.5,232440
360,75,79,1243,951,3333986,249567
360,80,84,841,726,1884437,224757
360,85,999,539,509,934662.5,193792
364,0,4,0,0,6478845.5,14901
364,5,9,0,0,7569643.5,2747
364,10,14,0,5,6740149.5,2685
364,15,19,7,3,6009730.5,5444
364,20,24,8,1,5759808.5,5948
364,25,29,36,6,6606018.5,6312
364,30,34,89,39,8536793.5,9138
364,35,39,191,69,9073392,11494
364,40,44,281,54,7532131.5,12742
364,45,49,337,85,5844543,14454
364,50,54,426,134,5056731,18765
364,55,59,507,181,4051849,23930
364,60,64,554,230,3434805.5,32108
364,65,69,531,241,2668052,36316
364,70,74,389,215,2017867,50321
364,75,79,252,186,1175547,61517
364,80,84,158,159,648033.5,66849
364,85,999,114,158,320305.5,62690
368,0,4,0,0,5514478,27054
368,5,9,0,0,5737283,2757
368,10,14,0,0,5313058,2111
368,15,19,0,0,4541497,3338
368,20,24,20,8,4114944,4374
368,25,29,26,3,3672312.5,4205
368,30,34,31,16,3147032.5,4157
368,35,39,45,29,2635369,4527
368,40,44,64,39,2282231.5,5720
368,45,49,83,50,1981238,7943
368,50,54,102,60,1625921,10276
368,55,59,99,57,1256771,12715
368,60,64,85,50,751072,11922
368,65,69,95,57,629419,16852
368,70,74,76,52,430093,18905
368,75,79,50,39,254214.5,18780
368,80,84,34,31,128843.5,15925
368,85,999,20,20,54773.5,11967
372,0,4,0,0,299501.5,185
372,5,9,0,0,330574,21
372,10,14,0,0,364118,22
372,15,19,0,0,335976.5,62
372,20,24,0,0,324624,90
372,25,29,2,0,300013.5,137
372,30,34,2,0,314934.5,174
372,35,39,7,3,363711,256
372,40,44,22,10,410412,451
372,45,49,41,16,375933.5,610
372,50,54,70,28,336772.5,887
372,55,59,105,42,304580,1316
372,60,64,140,62,274087,1841
372,65,69,161,88,237446.5,2524
372,70,74,162,122,200263.5,3702
372,75,79,166,137,153662,4816
372,80,84,122,122,96570.5,5636
372,85,999,148,144,86835,12413
376,0,4,0,0,877830,596
376,5,9,0,0,858255.5,67
376,10,14,0,0,794912,70
376,15,19,1,0,720634.5,145
376,20,24,2,0,671719,240
376,25,29,1,0,617825,238
376,30,34,9,1,592267,248
376,35,39,25,3,575288,349
376,40,44,44,4,544491.5,463
376,45,49,68,8,524031.5,718
376,50,54,85,11,452402,999
376,55,59,95,15,388320,1499
376,60,64,108,20,365211,2280
376,65,69,111,28,340751.5,3598
376,70,74,92,37,306142,5156
376,75,79,66,40,201808,5583
376,80,84,48,41,132362,7650
376,85,999,70,73,138900.5,19783
380,0,4,0,0,2120216,1530
380,5,9,0,0,2478651,288
380,10,14,0,0,2787810.5,349
380,15,19,2,0,2882807.5,744
380,20,24,6,0,3006490,1053
380,25,29,13,1,3100325,1336
380,30,34,28,7,3350014,1755
380,35,39,80,16,3405321,2457
380,40,44,203,38,3884577.5,4300
380,45,49,450,85,4575178.5,7878
380,50,54,768,155,4817796.5,13045
380,55,59,1099,234,4786134,20619
380,60,64,1357,292,4157422,28351
380,65,69,1740,424,3595544,40160
380,70,74,2377,705,3368478.5,62903
380,75,79,2309,867,2712244,81609
380,80,84,2130,1080,2292983,122883
380,85,999,2137,1408,2297121.5,350405
384,0,4,0,0,4563751,68073
384,5,9,0,0,4332947,5858
384,10,14,0,0,3766672.5,4092
384,15,19,0,0,3113655.5,5725
384,20,24,2,1,2587061.5,7202
384,25,29,9,7,2240153,7891
384,30,34,19,14,2167509.5,9721
384,35,39,18,13,1972931.5,11664
384,40,44,21,15,1611079.5,12547
384,45,49,25,20,1219334.5,12721
384,50,54,30,23,889130,12774
384,55,59,40,27,670243,13137
384,60,64,40,26,490682.5,13965
384,65,69,29,20,332308,13605
384,70,74,21,14,211211,12278
384,75,79,15,11,124710.5,10308
384,80,84,10,8,64877,7915
384,85,999,4,4,36744.5,8086
388,0,4,0,0,167373,654
388,5,9,0,0,181180.5,62
388,10,14,0,0,207346.5,67
388,15,19,1,0,232659,174
388,20,24,2,1,245797.5,280
388,25,29,3,0,271606.5,360
388,30,34,2,4,252587.5,414
388,35,39,3,2,234589.5,530
388,40,44,5,2,203902.5,675
388,45,49,9,3,183150.5,933
388,50,54,17,6,164052.5,1286
388,55,59,23,11,152787.5,1816
388,60,64,26,15,128121.5,2342
388,65,69,24,17,86485.5,2445
388,70,74,23,14,55318,2514
388,75,79,17,13,40088.5,2948
388,80,84,12,10,20494.5,2412
388,85,999,10,11,11603,2533
392,0,4,0,0,4294069.5,1855
392,5,9,0,0,5059642,324
392,10,14,0,0,5469671.5,441
392,15,19,0,0,5714785.5,1325
392,20,24,10,1,6072917.5,2214
392,25,29,136,11,6042187,2288
392,30,34,0,15,6234500.5,2872
392,35,39,137,74,7018543.5,4429
392,40,44,435,75,7884941.5,7361
392,45,49,1163,218,9628323,14261
392,50,54,2322,467,9417991.5,22270
392,55,59,3553,804,7916157,29036
392,60,64,5109,1225,7491251,43174
392,65,69,6815,1786,7595657.5,69510
392,70,74,8195,2563,9259720,139623
392,75,79,7648,2910,7396998,180545
392,80,84,5835,2823,5912446,258932
392,85,999,7085,4364,6587775.5,834841
398,0,4,0,0,2124540.5,4102
398,5,9,0,0,1985372,517
398,10,14,0,0,1825646,519
398,15,19,0,0,1413957,826
398,20,24,2,2,1178785,911
398,25,29,5,2,1381609.5,1483
398,30,34,29,10,1609643.5,2618
398,35,39,11,13,1502845,3656
398,40,44,25,19,1282070.5,5253
398,45,49,65,38,1164424.5,6468
398,50,54,115,62,1052269,8113
398,55,59,215,110,996608,11120
398,60,64,301,161,916991.5,15487
398,65,69,317,160,685777.5,17558
398,70,74,224,111,440706,17314
398,75,79,122,62,183637.5,10731
398,80,84,98,52,182292,16641
398,85,999,48,32,107434,16761
400,0,4,0,0,1166809,3337
400,5,9,0,0,1198916,252
400,10,14,0,0,1219741,213
400,15,19,0,0,1073682.5,352
400,20,24,2,0,980401.5,456
400,25,29,3,3,1005695.5,516
400,30,34,10,4,893971.5,541
400,35,39,21,9,780946,641
400,40,44,31,14,674010.5,862
400,45,49,41,19,590117.5,1322
400,50,54,49,24,516153.5,1940
400,55,59,48,24,405191,2602
400,60,64,40,20,284384.5,2972
400,65,69,31,16,193246.5,3486
400,70,74,24,14,128416,4011
400,75,79,19,13,77816.5,4143
400,80,84,13,10,44496.5,4115
400,85,999,8,8,22268,3847
404,0,4,0,0,6981963,61102
404,5,9,0,0,6808044,6360
404,10,14,0,0,6864580.5,5613
404,15,19,3,2,6161637,9639
404,20,24,10,6,5233066,13666
404,25,29,15,23,4420907.5,16474
404,30,34,55,16,3966112.5,20198
404,35,39,32,9,3374913,23328
404,40,44,68,40,2714711.5,24383
404,45,49,105,65,2165159,25316
404,50,54,130,88,1729985,26557
404,55,59,156,106,1329550,26661
404,60,64,161,104,948084.5,26392
404,65,69,124,86,618981,23549
404,70,74,72,65,401005,20804
404,75,79,49,50,251719,17966
404,80,84,36,36,148506,15587
404,85,999,28,28,133536,27679
408,0,4,0,0,1714872.5,6165
408,5,9,0,0,1669241,1184
408,10,14,0,0,1624638.5,916
408,15,19,1,1,1687884.5,1804
408,20,24,4,2,1880560.5,2878
408,25,29,27,11,1990526.5,3284
408,30,34,8,3,1931561.5,3483
408,35,39,30,14,1801147.5,3708
408,40,44,79,30,1642500,4535
408,45,49,193,88,1826109.5,6796
408,50,54,412,201,2209773,12847
408,55,59,521,252,1830740,13814
408,60,64,671,338,1466973,17610
408,65,69,567,302,1016353.5,19535
408,70,74,469,266,752180.5,26371
408,75,79,466,302,672086.5,41654
408,80,84,256,198,415047.5,45063
408,85,999,110,109,196649,38047
410,0,4,0,0,1463191,780
410,5,9,0,0,2135208.5,126
410,10,14,0,0,2312190.5,168
410,15,19,1,0,2316342,376
410,20,24,18,1,3129837.5,839
410,25,29,26,5,3642105,1248
410,30,34,91,9,3397243.5,1691
410,35,39,216,26,3508742,2270
410,40,44,410,53,4028717,3701
410,45,49,690,113,4059397,6266
410,50,54,1041,202,4491542,12641
410,55,59,1385,307,4090015.5,14891
410,60,64,1683,418,4153991,21148
410,65,69,1633,461,3094319.5,31865
410,70,74,1400,491,2152927,37592
410,75,79,1210,661,1592942,47350
410,80,84,945,788,1236240.5,65438
410,85,999,789,939,977560,142235
414,0,4,0,0,271172.5,436
414,5,9,0,0,309117,47
414,10,14,0,0,301626.5,59
414,15,19,0,0,250254,82
414,20,24,0,0,234054.5,107
414,25,29,1,0,457525.5,170
414,30,34,3,0,531083,231
414,35,39,3,1,586790.5,299
414,40,44,7,4,523308.5,382
414,45,49,14,6,400840,464
414,50,54,19,9,297526,569
414,55,59,24,11,193655,627
414,60,64,24,11,106503,646
414,65,69,19,8,59703.5,698
414,70,74,9,5,31734,789
414,75,79,5,3,18391.5,971
414,80,84,3,2,10479.5,1240
414,85,999,1,1,5746,1174
417,0,4,0,0,803071.5,2680
417,5,9,0,0,783383,191
417,10,14,0,0,703536.5,235
417,15,19,0,0,561674,304
417,20,24,0,1,520631.5,379
417,25,29,3,2,555740,458
417,30,34,7,2,555476.5,711
417,35,39,5,6,479521.5,1130
417,40,44,6,4,401803.5,1596
417,45,49,10,6,351933.5,1934
417,50,54,15,10,324369.5,2505
417,55,59,24,16,296935.5,3526
417,60,64,37,22,256055,4652
417,65,69,41,27,169790.5,4827
417,70,74,30,22,101716,4425
417,75,79,15,12,37627.5,3169
417,80,84,12,8,33657,4332
417,85,999,14,9,18865.5,4508
418,0,4,0,0,799582.5,6642
418,5,9,0,0,785427,604
418,10,14,0,0,752002,469
418,15,19,0,0,726122,773
418,20,24,0,0,720223,1086
418,25,29,7,2,677603.5,1104
418,30,34,7,2,630800,1191
418,35,39,11,5,547129,1333
418,40,44,19,9,446377.5,1532
418,45,49,29,14,368825.5,1918
418,50,54,39,19,307824,2448
418,55,59,45,20,258967,3185
418,60,64,46,23,204235,3928
418,65,69,43,27,143811,4437
418,70,74,36,28,92215,4639
418,75,79,26,23,54381,4476
418,80,84,17,16,28511,3863
418,85,999,10,10,14971.5,3728
422,0,4,0,0,456425,1631
422,5,9,0,0,547241,108
422,10,14,0,0,557995,92
422,15,19,0,0,511014,160
422,20,24,0,0,467880.5,210
422,25,29,3,0,397464.5,188
422,30,34,3,1,356310.5,197
422,35,39,9,4,360593,266
422,40,44,15,6,343990.5,385
422,45,49,22,9,318673.5,614
422,50,54,29,14,326954.5,1052
422,55,59,34,18,302226,1661
422,60,64,37,19,251220.5,2264
422,65,69,38,18,195710.5,3101
422,70,74,29,16,150076,4224
422,75,79,19,13,97140.5,4587
422,80,84,13,12,59167.5,4944
422,85,999,13,13,44405.5,7453
426,0,4,0,0,270301.5,4105
426,5,9,0,0,277730.5,371
426,10,14,0,0,258890.5,310
426,15,19,0,0,236214.5,553
426,20,24,0,0,214200,862
426,25,29,1,1,204772.5,1223
426,30,34,1,1,205211.5,1689
426,35,39,1,1,172196.5,1890
426,40,44,3,2,121094,1668
426,45,49,3,2,78913,1362
426,50,54,3,2,60440.5,1312
426,55,59,3,2,53323,1439
426,60,64,4,2,46111,1667
426,65,69,5,3,34428,1641
426,70,74,4,2,22838.5,1394
426,75,79,4,4,13887.5,1114
426,80,84,2,2,9370.5,1082
426,85,999,1,1,6187,1280
428,0,4,0,0,91657.5,73
428,5,9,0,0,107656.5,10
428,10,14,0,0,100264,13
428,15,19,0,0,95457,46
428,20,24,0,0,85130.5,66
428,25,29,0,0,94749.5,96
428,30,34,0,0,131564.5,194
428,35,39,1,0,136827.5,295
428,40,44,3,0,122750,471
428,45,49,10,3,127447.5,646
428,50,54,20,8,129301.5,975
428,55,59,35,16,127922,1474
428,60,64,63,30,135090.5,2170
428,65,69,80,39,113443,2676
428,70,74,87,48,96800,3268
428,75,79,70,47,69837.5,3419
428,80,84,65,56,65256.5,5191
428,85,999,50,50,49907.5,8780
430,0,4,0,0,764873.5,12149
430,5,9,0,0,725650,963
430,10,14,0,0,684806.5,723
430,15,19,0,0,601697,1050
430,20,24,0,0,494349.5,1247
430,25,29,2,2,397079,1209
430,30,34,2,2,341389.5,1292
430,35,39,3,3,306371,1517
430,40,44,3,3,262780.5,1732
430,45,49,3,2,209981,1884
430,50,54,4,3,167660.5,2129
430,55,59,5,3,136756,2437
430,60,64,5,3,105131.5,2789
430,65,69,5,3,75385.5,3031
430,70,74,4,2,48953,3104
430,75,79,4,4,30568,3052
430,80,84,2,2,14430.5,2203
430,85,999,1,1,5431.5,1326
434,0,4,0,0,656921,1331
434,5,9,0,0,700398.5,176
434,10,14,0,0,702202.5,183
434,15,19,1,0,656310.5,452
434,20,24,1,0,579917.5,569
434,25,29,4,4,534722,560
434,30,34,6,4,525680.5,658
434,35,39,11,5,540056,918
434,40,44,22,6,564977,1422
434,45,49,33,12,508929,1999
434,50,54,41,15,414460,2535
434,55,59,32,14,293307.5,2782
434,60,64,24,12,202888.5,2985
434,65,69,27,14,122102,2796
434,70,74,32,20,97205.5,3559
434,75,79,35,31,63698.5,3861
434,80,84,32,38,37509,3767
434,85,999,25,38,22519,4183
440,0,4,0,0,132148,91
440,5,9,0,0,149498,24
440,10,14,0,0,142271.5,22
440,15,19,0,0,132486,67
440,20,24,0,0,153493.5,118
440,25,29,0,0,179992,182
440,30,34,2,0,202118,319
440,35,39,2,0,191741,466
440,40,44,5,2,172716.5,604
440,45,49,11,5,185481.5,980
440,50,54,25,12,201338,1497
440,55,59,47,24,202726.5,2261
440,60,64,80,41,211447.5,3528
440,65,69,87,48,160551,3936
440,70,74,90,56,133966.5,4463
440,75,79,79,58,99876.5,5037
440,80,84,72,64,87917,7064
440,85,999,66,68,77150.5,14074
442,0,4,0,0,33895,37
442,5,9,0,0,35162,19
442,10,14,0,0,34681.5,10
442,15,19,0,0,33864.5,17
442,20,24,0,0,38831,25
442,25,29,0,0,49555.5,24
442,30,34,0,0,52838.5,27
442,35,39,1,0,51128,19
442,40,44,2,0,49745,33
442,45,49,2,0,46740,58
442,50,54,9,2,47243,95
442,55,59,10,2,45200.5,200
442,60,64,11,3,37460.5,268
442,65,69,10,3,29801,341
442,70,74,15,5,23730,381
442,75,79,5,5,17528,467
442,80,84,9,6,12912.5,704
442,85,999,14,7,12996,1822
450,0,4,0,0,4509734.5,64157
450,5,9,0,0,3962552,11540
450,10,14,0,0,3661873,6383
450,15,19,0,0,3258966.5,7954
450,20,24,6,4,2952161.5,9865
450,25,29,10,6,2499371.5,9149
450,30,34,13,7,2007244.5,8182
450,35,39,17,10,1665061,7854
450,40,44,14,8,1437063,8613
450,45,49,18,10,1199916,8877
450,50,54,25,15,954364.5,9939
450,55,59,32,19,740265.5,10254
450,60,64,42,28,594111.5,12438
450,65,69,53,38,447134.5,14530
450,70,74,51,39,291049.5,14840
450,75,79,38,34,143493.5,11734
450,80,84,27,25,75184,9936
450,85,999,18,18,37714,8979
454,0,4,0,0,3031170.5,26238
454,5,9,0,0,2849523,2458
454,10,14,0,0,2744479.5,1955
454,15,19,0,0,2405376,3027
454,20,24,5,4,1978406.5,3745
454,25,29,14,12,1654146,3941
454,30,34,14,10,1407493,4368
454,35,39,27,20,1204452.5,5183
454,40,44,28,21,967684,5914
454,45,49,20,15,655062,5674
454,50,54,25,18,478001.5,5719
454,55,59,8,6,376327.5,6142
454,60,64,22,16,279100,6734
454,65,69,17,12,191738.5,6831
454,70,74,18,13,143209.5,7652
454,75,79,15,11,107656,8605
454,80,84,9,7,59661,7270
454,85,999,4,3,35241,7905
458,0,4,0,0,2359932.5,3456
458,5,9,0,0,2820950,508
458,10,14,0,0,2741372,642
458,15,19,5,0,2896890.5,1777
458,20,24,17,2,3061366.5,2059
458,25,29,31,18,3106976.5,2253
458,30,34,38,19,3125109,3536
458,35,39,82,27,2978994,5336
458,40,44,135,40,2529691.5,7037
458,45,49,196,67,2038592,8513
458,50,54,291,108,1732084,11358
458,55,59,385,151,1519121,15174
458,60,64,453,184,1291320.5,18410
458,65,69,433,199,996564.5,22261
458,70,74,367,208,705836.5,23390
458,75,79,267,195,403570,24245
458,80,84,182,165,226893.5,18070
458,85,999,163,175,160228.5,24438
462,0,4,0,0,31642,34
462,5,9,0,0,36838,2
462,10,14,0,0,38345.5,3
462,15,19,0,0,29858,10
462,20,24,0,0,40191.5,11
462,25,29,1,0,65965.5,22
462,30,34,1,0,71001.5,24
462,35,39,1,0,62670.5,23
462,40,44,2,1,42898,30
462,45,49,3,1,29688,33
462,50,54,3,1,22659,35
462,55,59,3,1,17053,53
462,60,64,3,1,13904,87
462,65,69,3,1,8546,105
462,70,74,1,0,4971,117
462,75,79,1,1,3952.5,176
462,80,84,1,1,2376,189
462,85,999,1,1,1546.5,266
466,0,4,0,0,4079299,86122
466,5,9,0,0,3592353.5,9556
466,10,14,1,0,3114823.5,5051
466,15,19,2,2,2581001.5,6577
466,20,24,14,11,2034463.5,7652
466,25,29,24,20,1611628.5,6450
466,30,34,32,26,1360053.5,5918
466,35,39,39,32,1170697,5760
466,40,44,45,34,975101,5876
466,45,49,46,35,745711,5615
466,50,54,43,32,542991.5,5696
466,55,59,39,30,398886.5,5947
466,60,64,36,28,305839.5,7092
466,65,69,38,29,234977.5,8592
466,70,74,32,25,165579.5,10208
466,75,79,23,18,101673,10663
466,80,84,13,10,44442.5,7722
466,85,999,5,4,13118,3893
470,0,4,0,0,22657.5,37
470,5,9,0,0,23928,5
470,10,14,0,0,23196.5,4
470,15,19,0,0,22091,4
470,20,24,0,0,27989.5,8
470,25,29,0,0,42131.5,10
470,30,34,1,0,49912.5,28
470,35,39,1,0,45668.5,22
470,40,44,2,0,41318.5,48
470,45,49,4,0,36338.5,66
470,50,54,5,1,30381,72
470,55,59,6,2,29226,125
470,60,64,8,3,31494.5,202
470,65,69,12,4,29208.5,311
470,70,74,15,8,27984,521
470,75,79,15,9,22004,698
470,80,84,9,8,11439,643
470,85,999,12,9,11223,1311
474,0,4,0,0,15837,32
474,5,9,0,0,17524,0
474,10,14,0,0,19903,0
474,15,19,0,0,20555,5
474,20,24,0,0,16588,12
474,25,29,0,0,14537.5,10
474,30,34,0,0,17583,33
474,35,39,0,0,17719,26
474,40,44,1,0,17240.5,19
474,45,49,2,0,21061,41
474,50,54,4,0,27782.5,102
474,55,59,5,3,31347.5,168
474,60,64,7,3,29715.5,225
474,65,69,8,2,25267.5,302
474,70,74,9,3,19988,386
474,75,79,7,3,14844,475
474,80,84,6,3,10868.5,620
474,85,999,8,4,11097.5,1397
478,0,4,0,0,785270.5,6594
478,5,9,0,0,704580.5,545
478,10,14,0,0,623851,394
478,15,19,0,0,521018.5,636
478,20,24,2,1,428824.5,679
478,25,29,2,2,364063.5,601
478,30,34,3,2,305879.5,593
478,35,39,4,2,256613.5,662
478,40,44,5,3,209263.5,764
478,45,49,6,4,173521,952
478,50,54,7,5,143449.5,1203
478,55,59,8,6,114076.5,1475
478,60,64,8,6,88790.5,1819
478,65,69,6,4,64483,2106
478,70,74,5,3,43240.5,2301
478,75,79,4,4,26797.5,2314
478,80,84,2,2,14149.5,1925
478,85,999,2,2,7764.5,1874
480,0,4,0,0,60933.5,183
480,5,9,0,0,62525,13
480,10,14,0,0,74029.5,14
480,15,19,0,0,92171.5,52
480,20,24,0,0,95110.5,94
480,25,29,0,0,103260,121
480,30,34,0,0,104364.5,169
480,35,39,2,0,91064,219
480,40,44,3,2,101661.5,376
480,45,49,5,1,87821,451
480,50,54,8,5,80956,636
480,55,59,13,2,86864,923
480,60,64,17,5,77182.5,1226
480,65,69,19,9,61857,1522
480,70,74,18,8,45588,1709
480,75,79,11,5,25226.5,1444
480,80,84,6,6,14044.5,1244
480,85,999,5,5,11470,1851
484,0,4,0,0,10375479.5,28308
484,5,9,0,0,10933111.5,2978
484,10,14,0,0,11245088,3570
484,15,19,9,2,11190985.5,10435
484,20,24,20,6,10951830.5,17686
484,25,29,43,14,10599014.5,21384
484,30,34,88,24,10114950,22538
484,35,39,102,39,9210778.5,24315
484,40,44,173,63,8409909.5,28690
484,45,49,276,89,7804505.5,37687
484,50,54,380,124,7023129,47299
484,55,59,474,160,5971279,60584
484,60,64,541,190,4821623.5,71441
484,65,69,532,209,3640248.5,76294
484,70,74,418,195,2631142.5,82569
484,75,79,295,161,1796176.5,89297
484,80,84,187,111,1114689,90411
484,85,999,165,102,779176.5,123143
496,0,4,0,0,364182,923
496,5,9,0,0,410735.5,88
496,10,14,0,0,338566,94
496,15,19,0,0,234016,161
496,20,24,0,0,220700.5,202
496,25,29,1,0,243614,303
496,30,34,2,0,286870.5,515
496,35,39,1,1,267371.5,797
496,40,44,2,1,225498,1038
496,45,49,6,1,202348.5,1437
496,50,54,4,2,172863.5,1684
496,55,59,7,2,148100.5,2077
496,60,64,7,3,114838.5,2082
496,65,69,5,0,68726,1808
496,70,74,7,1,37645.5,1568
496,75,79,2,6,25176,1686
496,80,84,4,9,14848,1597
496,85,999,1,4,9914.5,2021
498,0,4,0,0,185336.5,466
498,5,9,0,0,226415.5,38
498,10,14,0,0,200675,45
498,15,19,0,0,171443,94
498,20,24,0,0,145762,113
498,25,29,2,0,181475,182
498,30,34,2,2,232042.5,371
498,35,39,2,2,246968,582
498,40,44,12,7,206044,837
498,45,49,30,15,194437,1238
498,50,54,51,26,180362,1558
498,55,59,92,46,189515.5,2496
498,60,64,157,89,219954,4376
498,65,69,162,99,181344.5,5297
498,70,74,132,92,144311.5,6323
498,75,79,49,40,55762.5,4173
498,80,84,34,32,46575.5,5272
498,85,999,16,20,31560.5,6271
499,0,4,0,0,35986.5,34
499,5,9,0,0,38099,10
499,10,14,0,0,39448.5,9
499,15,19,0,0,37317.5,20
499,20,24,0,0,37669,19
499,25,29,0,0,37730.5,17
499,30,34,0,0,37633,32
499,35,39,1,0,42731,61
499,40,44,2,1,43060.5,81
499,45,49,6,2,40728,116
499,50,54,8,3,38891.5,199
499,55,59,9,4,40076.5,351
499,60,64,13,6,39889,591
499,65,69,15,7,36670,876
499,70,74,14,8,28339,1058
499,75,79,8,6,16302,947
499,80,84,7,6,13602.5,1235
499,85,999,5,5,10473.5,1676
504,0,4,0,0,3210598,10959
504,5,9,0,0,3290921,959
504,10,14,0,0,3354958.5,822
504,15,19,1,1,3072819,1405
504,20,24,14,14,2921431,1882
504,25,29,28,23,2887515.5,1984
504,30,34,44,26,2916255,2351
504,35,39,75,18,2803013,3021
504,40,44,115,35,2540561.5,4175
504,45,49,153,58,2259065,6306
504,50,54,212,88,1968657,9080
504,55,59,289,126,1764587,13702
504,60,64,359,153,1535339.5,19523
504,65,69,329,153,1195631,25802
504,70,74,217,124,776952.5,28297
504,75,79,152,113,462960,28303
504,80,84,109,105,245632.5,25666
504,85,999,60,74,122167,23755
508,0,4,0,0,5547107,81122
508,5,9,0,0,4866223.5,6176
508,10,14,0,0,4266737,4217
508,15,19,0,0,3525150,5769
508,20,24,8,6,3063043.5,7354
508,25,29,11,9,2532238.5,7432
508,30,34,21,17,2075976,7593
508,35,39,19,11,1659895,7906
508,40,44,14,9,1319301.5,8278
508,45,49,12,8,1026938.5,8720
508,50,54,11,8,824286.5,9909
508,55,59,18,13,573520,9345
508,60,64,26,19,470239,10943
508,65,69,33,24,399803,14460
508,70,74,32,25,273822.5,16878
508,75,79,25,22,146644,15053
508,80,84,14,13,62451,9974
508,85,999,7,7,22869.5,5791
512,0,4,0,0,435437,831
512,5,9,0,0,452609.5,110
512,10,14,0,0,352259.5,111
512,15,19,0,0,265237.5,106
512,20,24,1,0,338366,129
512,25,29,2,0,524389.5,222
512,30,34,9,5,615301,337
512,35,39,15,7,568472.5,358
512,40,44,16,8,412650.5,425
512,45,49,20,10,270495.5,405
512,50,54,20,10,175489.5,436
512,55,59,18,10,114876.5,543
512,60,64,16,9,78933.5,701
512,65,69,12,6,49347,816
512,70,74,7,4,34315,1020
512,75,79,6,4,21962.5,1150
512,80,84,5,5,12253,1083
512,85,999,4,4,7830.5,1291
516,0,4,0,0,408907,3034
516,5,9,0,0,362886,305
516,10,14,0,0,311047,220
516,15,19,0,0,268167,351
516,20,24,0,0,260692.5,547
516,25,29,1,0,251376.5,766
516,30,34,3,1,226929,950
516,35,39,4,2,183349.5,1075
516,40,44,4,2,151885.5,1224
516,45,49,4,2,124983.5,1381
516,50,54,5,3,97996,1477
516,55,59,6,3,77726.5,1576
516,60,64,6,5,61907.5,1775
516,65,69,6,5,40832.5,1676
516,70,74,5,4,28029,1611
516,75,79,4,3,17804.5,1424
516,80,84,3,3,9364,1066
516,85,999,1,1,5779,1130
524,0,4,0,0,2806206.5,16030
524,5,9,0,0,2863925,1964
524,10,14,1,0,2928696.5,1646
524,15,19,8,4,3070256,3027
524,20,24,15,15,2985868,4121
524,25,29,12,12,2670136.5,4012
524,30,34,16,21,2228180.5,3897
524,35,39,20,16,1959421,4423
524,40,44,26,14,1704730.5,5445
524,45,49,31,13,1471957.5,7228
524,50,54,38,18,1259337.5,9469
524,55,59,44,23,1035642.5,12277
524,60,64,49,25,889458,16714
524,65,69,56,27,729511,22115
524,70,74,55,31,543757.5,27033
524,75,79,49,30,335790,27361
524,80,84,33,22,164029.5,21886
524,85,999,18,12,68532,16045
528,0,4,0,0,885957.5,696
528,5,9,0,0,904051,57
528,10,14,0,0,958498.5,71
528,15,19,0,0,1023658,178
528,20,24,2,0,1164090.5,325
528,25,29,10,0,1180131.5,369
528,30,34,13,2,1191437.5,507
528,35,39,14,6,1111809,650
528,40,44,57,15,1064416,982
528,45,49,131,33,1079722,1627
528,50,54,304,68,1292014,3305
528,55,59,530,104,1294259,5490
528,60,64,761,136,1191167,8162
528,65,69,912,183,1029583,11493
528,70,74,997,274,931835,16746
528,75,79,839,310,738852.5,23381
528,80,84,505,278,463086.5,27087
528,85,999,365,313,399852.5,65694
540,0,4,0,0,20730.5,50
540,5,9,0,0,20748,2
540,10,14,0,0,21004.5,3
540,15,19,0,0,21350.5,12
540,20,24,0,0,20454,19
540,25,29,0,0,19566,22
540,30,34,0,0,21480,27
540,35,39,0,0,21250.5,30
540,40,44,1,0,20077,50
540,45,49,1,0,19914,70
540,50,54,2,0,19385.5,89
540,55,59,4,1,16595,105
540,60,64,5,3,13578,134
540,65,69,5,3,10345.5,137
540,70,74,4,3,8186.5,153
540,75,79,3,1,6045,209
540,80,84,3,1,3815,302
540,85,999,3,1,2597.5,538
548,0,4,0,0,43864,163
548,5,9,0,0,41597.5,18
548,10,14,0,0,36112,15
548,15,19,0,0,29118,28
548,20,24,0,0,24976,33
548,25,29,0,0,25107,35
548,30,34,0,0,23481,39
548,35,39,0,0,20147,45
548,40,44,0,0,14022.5,45
548,45,49,0,0,13562.5,69
548,50,54,2,2,11337,88
548,55,59,0,0,9288.5,111
548,60,64,2,2,7442.5,135
548,65,69,2,2,5609.5,159
548,70,74,1,1,3598,166
548,75,79,0,0,1954,148
548,80,84,0,0,1006.5,123
548,85,999,0,0,823,199
554,0,4,0,0,299235,365
554,5,9,0,0,320131,44
554,10,14,0,0,337202,80
554,15,19,0,0,317439.5,199
554,20,24,1,0,327465,250
554,25,29,6,2,360443.5,202
554,30,34,1,2,387965.5,329
554,35,39,5,3,346414,275
554,40,44,16,6,316710.5,382
554,45,49,36,10,314966,733
554,50,54,72,18,333816.5,1025
554,55,59,122,28,320701,1358
554,60,64,175,41,305260,1869
554,65,69,206,57,259215.5,2720
554,70,74,227,77,220995,4215
554,75,79,198,87,161457.5,5084
554,80,84,136,79,108791.5,6140
554,85,999,130,98,93525.5,15846
558,0,4,0,0,660178.5,2017
558,5,9,0,0,669231,161
558,10,14,0,0,666023,187
558,15,19,1,0,639857,385
558,20,24,1,0,618484.5,616
558,25,29,3,1,601275,727
558,30,34,4,1,557963.5,830
558,35,39,6,3,487764.5,969
558,40,44,6,5,421629,1241
558,45,49,8,5,356990.5,1413
558,50,54,10,7,291871,1605
558,55,59,13,8,230055,2082
558,60,64,18,10,176687.5,2538
558,65,69,19,13,134574.5,2936
558,70,74,13,8,100298,2929
558,75,79,11,6,61314.5,3111
558,80,84,11,7,37297.5,3684
558,85,999,12,8,19159,4142
562,0,4,0,0,4564725,121430
562,5,9,0,0,3985158,7176
562,10,14,0,0,3429428,4088
562,15,19,5,4,2839780,5095
562,20,24,17,14,2275105,5839
562,25,29,19,16,1773473,4911
562,30,34,23,21,1398044.5,4487
562,35,39,32,28,1149447.5,4428
562,40,44,18,13,953373,4835
562,45,49,35,27,765513.5,5138
562,50,54,13,13,623501,6052
562,55,59,27,20,510112.5,7127
562,60,64,27,20,398673,8606
562,65,69,17,13,289777,9882
562,70,74,9,9,188612,10901
562,75,79,6,6,109193.5,10797
562,80,84,3,3,45006,7542
562,85,999,1,1,13050.5,3849
566,0,4,0,0,33327207,787808
566,5,9,0,0,31639870.5,223615
566,10,14,0,0,28650154.5,108139
566,15,19,0,0,24573894,111478
566,20,24,13,9,20282224,120612
566,25,29,28,69,16788444,110237
566,30,34,176,66,14140249,102739
566,35,39,148,69,12275082.5,100978
566,40,44,193,111,10592486,101752
566,45,49,275,163,8501087.5,94468
566,50,54,343,238,6555096,94388
566,55,59,470,314,5138482,98295
566,60,64,509,362,3974368.5,110988
566,65,69,428,341,2904796,122622
566,70,74,300,265,1913840.5,125989
566,75,79,174,163,1160643,117907
566,80,84,72,70,528977.5,83100
566,85,999,22,22,203993,52299
578,0,4,0,0,278902.5,120
578,5,9,0,0,307122.5,25
578,10,14,0,0,329962,27
578,15,19,0,0,322051,73
578,20,24,1,0,334433,112
578,25,29,1,0,367426.5,170
578,30,34,8,1,390249.5,172
578,35,39,10,1,366942.5,212
578,40,44,22,3,353287,338
578,45,49,46,8,361742.5,504
578,50,54,87,17,379572,879
578,55,59,137,26,351201.5,1259
578,60,64,185,33,313670,1841
578,65,69,240,51,286760.5,2882
578,70,74,273,79,255776,4391
578,75,79,258,99,214600,6484
578,80,84,158,83,124833,6850
578,85,999,146,105,118269.5,19273
586,0,4,0,0,31524855.5,417327
586,5,9,0,0,30227948,22652
586,10,14,13,0,29171386,17553
586,15,19,68,34,25398966,26162
586,20,24,145,73,22928288,33676
586,25,29,177,90,19741677.5,31344
586,30,34,168,85,17203852.5,31536
586,35,39,210,106,14647052,34616
586,40,44,248,112,11949081.5,39838
586,45,49,279,140,9781514,49789
586,50,54,315,171,8237681,64419
586,55,59,358,200,7078848,86153
586,60,64,380,203,5789332.5,110114
586,65,69,350,179,4203139.5,127798
586,70,74,303,158,2719331.5,135584
586,75,79,252,142,1826099.5,149486
586,80,84,162,99,888707,119391
586,85,999,96,64,382907,89847
591,0,4,0,0,365940,1188
591,5,9,0,0,388121,91
591,10,14,0,0,375619,131
591,15,19,0,0,360822,224
591,20,24,2,0,351588,415
591,25,29,2,1,340128,406
591,30,34,1,1,328454.5,450
591,35,39,2,1,313904.5,430
591,40,44,4,2,286481,521
591,45,49,9,2,268606,669
591,50,54,17,4,247701.5,878
591,55,59,26,8,215152.5,1246
591,60,64,32,9,172470,1383
591,65,69,31,10,134484.5,1714
591,70,74,26,11,99940.5,2017
591,75,79,21,11,69590.5,2263
591,80,84,15,9,45323,2333
591,85,999,16,11,36446.5,4551
598,0,4,0,0,1222355.5,10531
598,5,9,0,0,1163648,1095
598,10,14,0,0,1094820.5,855
598,15,19,0,0,1020967.5,1633
598,20,24,0,0,944320,2067
598,25,29,0,0,868523,2035
598,30,34,0,3,794441.5,2218
598,35,39,7,2,692555,2581
598,40,44,10,5,592383.5,3129
598,45,49,18,8,504180,3935
598,50,54,28,14,410522,4762
598,55,59,40,20,326510,5645
598,60,64,49,23,236644,6240
598,65,69,43,21,152846,6149
598,70,74,25,18,93394,5823
598,75,79,19,18,51274,4972
598,80,84,15,15,23399.5,3473
598,85,999,11,11,10385.5,2706
600,0,4,0,0,681706.5,2402
600,5,9,0,0,663184.5,164
600,10,14,0,0,610670,197
600,15,19,0,0,581046,544
600,20,24,1,0,596511.5,755
600,25,29,1,0,598316,770
600,30,34,8,2,567199,854
600,35,39,11,4,503027.5,1169
600,40,44,15,7,407626.5,1313
600,45,49,17,6,335817,1600
600,50,54,21,7,303880,2168
600,55,59,29,7,275105,3272
600,60,64,38,14,215136,3991
600,65,69,41,14,158403,4243
600,70,74,30,15,114768,4538
600,75,79,21,11,77187,5110
600,80,84,14,9,42886,4522
600,85,999,12,9,27994.5,5377
604,0,4,0,0,2697090,8263
604,5,9,0,0,2737386.5,919
604,10,14,0,0,2855759.5,1155
604,15,19,2,0,2864084.5,2139
604,20,24,6,2,2770232.5,2823
604,25,29,7,3,2760149.5,3545
604,30,34,8,4,2693090.5,3727
604,35,39,23,8,2476240.5,4345
604,40,44,36,14,2208692.5,5107
604,45,49,54,19,2021859.5,6275
604,50,54,73,23,1760430.5,7873
604,55,59,90,31,1461549,10095
604,60,64,98,43,1219459.5,12247
604,65,69,110,52,991588.5,15085
604,70,74,114,54,773308.5,18129
604,75,79,109,50,536796,21562
604,80,84,97,56,353192,23662
604,85,999,100,75,294528.5,66934
608,0,4,0,0,10098659,52758
608,5,9,0,0,11581473.5,5710
608,10,14,6,1,11746759,5260
608,15,19,18,3,11031403.5,8813
608,20,24,98,7,10733439,12640
608,25,29,77,17,10017729,15543
608,30,34,80,24,9078052.5,18171
608,35,39,157,74,7783971.5,21803
608,40,44,275,88,6967236.5,28017
608,45,49,436,160,5881033.5,35759
608,50,54,665,269,5252125.5,47684
608,55,59,928,371,4437605,58555
608,60,64,1091,464,3609549.5,72666
608,65,69,1095,541,2623165.5,82821
608,70,74,908,547,1685133,85094
608,75,79,607,441,826920.5,66019
608,80,84,363,313,411298.5,52347
608,85,999,246,250,198784,44450
616,0,4,0,0,1821562,1267
616,5,9,0,0,1959879,172
616,10,14,0,0,2100695.5,218
616,15,19,0,0,1851656.5,617
616,20,24,7,0,1920844,1036
616,25,29,11,0,2342110.5,1568
616,30,34,39,3,2773693,2595
616,35,39,18,13,3208196,4177
616,40,44,127,48,3174015.5,6168
616,45,49,298,100,2831890.5,8974
616,50,54,504,171,2353333.5,12236
616,55,59,872,306,2230181.5,18736
616,60,64,1565,586,2517015,33512
616,65,69,2163,880,2508218,49341
616,70,74,2053,1008,2029108,55571
616,75,79,1295,740,1131530,45233
616,80,84,995,733,805530,53480
616,85,999,975,881,826280.5,126652
620,0,4,0,0,426770.5,344
620,5,9,0,0,432898.5,58
620,10,14,0,0,494781.5,63
620,15,19,0,0,526052,129
620,20,24,1,0,561785.5,203
620,25,29,2,0,545885,221
620,30,34,7,2,564843.5,375
620,35,39,15,5,624571,507
620,40,44,52,13,733497,928
620,45,49,117,28,811038,1807
620,50,54,188,47,759767.5,2741
620,55,59,281,71,748014,4186
620,60,64,386,100,719572,6068
620,65,69,489,143,662189,7907
620,70,74,589,211,610302,10935
620,75,79,542,249,486811,14757
620,80,84,438,264,351532.5,20273
620,85,999,445,338,356762,54010
624,0,4,0,0,294521,4573
624,5,9,0,0,282159.5,458
624,10,14,0,0,259314.5,304
624,15,19,0,0,228133.5,397
624,20,24,0,0,197514.5,486
624,25,29,0,0,171049,498
624,30,34,1,0,146603,517
624,35,39,2,0,126559,569
624,40,44,2,0,103445.5,602
624,45,49,2,2,85573,656
624,50,54,2,2,62966,671
624,55,59,2,2,45699,675
624,60,64,2,2,36924.5,814
624,65,69,2,2,28660,960
624,70,74,2,2,18778.5,996
624,75,79,1,1,10169.5,849
624,80,84,0,0,4954.5,640
624,85,999,0,0,2504.5,543
626,0,4,0,0,162124.5,1527
626,5,9,0,0,162149,149
626,10,14,0,0,152711.5,112
626,15,19,0,0,159117.5,196
626,20,24,0,0,139044,241
626,25,29,0,0,113971.5,215
626,30,34,0,0,96317,209
626,35,39,1,0,82254,227
626,40,44,2,2,55939.5,212
626,45,49,2,0,54600,313
626,50,54,4,2,49918.5,428
626,55,59,5,3,37491.5,493
626,60,64,5,3,29643,606
626,65,69,3,1,22149,725
626,70,74,3,1,23879.5,1275
626,75,79,3,3,17657,1491
626,80,84,2,2,7754.5,1064
626,85,999,2,2,2574,602
630,0,4,0,0,100204.5,117
630,5,9,0,0,134203,13
630,10,14,0,0,166442,14
630,15,19,0,0,190995,97
630,20,24,0,0,208880.5,238
630,25,29,1,0,193655.5,300
630,30,34,1,0,185312,354
630,35,39,5,0,184474.5,415
630,40,44,10,2,205983,559
630,45,49,20,5,211896,684
630,50,54,34,10,222558,1007
630,55,59,50,18,233375.5,1502
630,60,64,67,23,231153,2073
630,65,69,71,24,217176.5,2772
630,70,74,72,29,194297.5,3832
630,75,79,64,33,157242,5170
630,80,84,42,31,104091.5,5771
630,85,999,41,41,99028.5,12313
634,0,4,0,0,155426.5,155
634,5,9,0,0,154806,27
634,10,14,0,0,130809.5,17
634,15,19,0,0,100380,48
634,20,24,0,0,185848,45
634,25,29,1,0,389408,86
634,30,34,2,1,486496.5,133
634,35,39,7,2,449061.5,152
634,40,44,2,0,328547.5,188
634,45,49,11,4,211484.5,208
634,50,54,7,2,137317.5,218
634,55,59,3,1,78354,191
634,60,64,13,5,44278.5,214
634,65,69,6,3,21048.5,207
634,70,74,3,1,9931.5,192
634,75,79,2,2,5214.5,188
634,80,84,1,1,2406,162
634,85,999,1,1,1636.5,266
638,0,4,0,0,58018.5,82
638,5,9,0,0,62466.5,7
638,10,14,0,0,66897.5,4
638,15,19,0,0,65379.5,9
638,20,24,0,0,50693,13
638,25,29,0,0,45982,23
638,30,34,0,0,53082.5,47
638,35,39,1,0,54230,58
638,40,44,3,0,55441,96
638,45,49,5,0,56325.5,145
638,50,54,9,1,61590,223
638,55,59,14,2,63917.5,356
638,60,64,17,6,52727,473
638,65,69,18,5,44412.5,560
638,70,74,17,5,31329,560
638,75,79,13,3,21472.5,621
638,80,84,9,4,14561,720
638,85,999,8,10,13015,1593
642,0,4,0,0,975941.5,1246
642,5,9,0,0,1019091.5,170
642,10,14,0,0,1074694,200
642,15,19,0,0,1060958.5,461
642,20,24,2,0,997405.5,571
642,25,29,14,0,1009914.5,670
642,30,34,3,2,1255119.5,1126
642,35,39,19,6,1246462.5,1644
642,40,44,92,26,1431104.5,3445
642,45,49,221,65,1496662,6203
642,50,54,452,145,1643888.5,11676
642,55,59,515,149,1096597.5,12459
642,60,64,768,290,1118489.5,19025
642,65,69,1011,441,1238211,28438
642,70,74,937,471,1016545.5,33045
642,75,79,619,369,630472.5,32744
642,80,84,463,356,482768.5,42549
642,85,999,353,351,372445.5,72553
643,0,4,0,0,7541062,6816
643,5,9,0,0,9529158.5,1361
643,10,14,0,0,8681873.5,1893
643,15,19,3,2,7531834,4648
643,20,24,17,6,7016953,8758
643,25,29,47,17,7948340,13231
643,30,34,63,57,11691281,29172
643,35,39,213,121,12685996,49381
643,40,44,561,105,11041753,62722
643,45,49,1032,346,10167858.5,67513
643,50,54,1648,681,9022436.5,79165
643,55,59,2894,1310,9118495,115112
643,60,64,5189,2444,10200108.5,191904
643,65,69,5879,3039,8529344.5,237609
643,70,74,5177,3108,6524011.5,246034
643,75,79,2336,1606,2828088.5,159800
643,80,84,2422,1926,3199550.5,285337
643,85,999,1484,1412,2321754.5,349041
646,0,4,0,0,1862547.5,14903
646,5,9,0,0,1741307.5,1408
646,10,14,0,0,1604936,1064
646,15,19,0,0,1555183.5,1820
646,20,24,3,2,1227959,2118
646,25,29,6,5,1049755.5,2258
646,30,34,6,5,975462.5,2679
646,35,39,10,6,884344,3268
646,40,44,13,9,726855,3645
646,45,49,16,11,485077.5,3360
646,50,54,19,12,395660.5,3967
646,55,59,27,18,323021,4619
646,60,64,27,19,310904.5,6649
646,65,69,21,15,220447.5,7104
646,70,74,13,11,148749,7516
646,75,79,7,6,77111,6073
646,80,84,4,4,41703,5163
646,85,999,3,3,20005.5,4202
662,0,4,0,0,10303,35
662,5,9,0,0,10555.5,4
662,10,14,0,0,11646.5,4
662,15,19,0,0,12742.5,10
662,20,24,0,0,14614,16
662,25,29,0,0,16268,19
662,30,34,0,0,15249.5,21
662,35,39,0,0,14206.5,26
662,40,44,0,0,12976.5,36
662,45,49,0,0,12336,54
662,50,54,0,0,11976.5,82
662,55,59,2,1,11070.5,118
662,60,64,3,1,8740,146
662,65,69,1,0,6155,162
662,70,74,0,0,4286,181
662,75,79,1,1,2990,205
662,80,84,1,1,1636,181
662,85,999,0,0,1029,212
678,0,4,0,0,30109,92
678,5,9,0,0,29656.5,14
678,10,14,0,0,28010.5,13
678,15,19,0,0,25988.5,34
678,20,24,0,0,20244.5,41
678,25,29,0,0,15784,36
678,30,34,0,0,13772.5,37
678,35,39,0,0,13598.5,48
678,40,44,0,0,12334,61
678,45,49,0,0,9723,70
678,50,54,0,0,7598,80
678,55,59,0,0,6012.5,91
678,60,64,1,1,4764,105
678,65,69,0,0,3287,107
678,70,74,0,0,2195.5,107
678,75,79,0,0,1524.5,114
678,80,84,0,0,1109.5,128
678,85,999,0,0,593,118
682,0,4,0,0,2614981.5,3200
682,5,9,0,0,2753530.5,614
682,10,14,0,0,2560950,714
682,15,19,2,0,2259783,1320
682,20,24,6,6,2550859.5,1921
682,25,29,19,4,3556439,2505
682,30,34,40,17,3892724,2905
682,35,39,88,37,3496906,3556
682,40,44,168,74,2672697,4148
682,45,49,247,109,1868651,4630
682,50,54,261,119,1406928.5,6008
682,55,59,243,117,1012640,6934
682,60,64,209,99,658724.5,6948
682,65,69,159,75,354012.5,5977
682,70,74,92,52,233153,7042
682,75,79,58,40,150505,7905
682,80,84,39,32,81787,7465
682,85,999,27,27,50079.5,8906
686,0,4,0,0,2424217,18986
686,5,9,0,0,2302224.5,2664
686,10,14,1,1,2185784,1837
686,15,19,1,1,1954208,2441
686,20,24,6,5,1702863,3032
686,25,29,13,9,1448789.5,2873
686,30,34,16,10,1190400.5,2888
686,35,39,19,12,1009859,2984
686,40,44,21,13,826313,3395
686,45,49,22,13,668217.5,3788
686,50,54,24,16,536362,4532
686,55,59,25,17,435039.5,5366
686,60,64,25,18,337847.5,6446
686,65,69,25,19,264737.5,8041
686,70,74,21,18,177282,9323
686,75,79,16,14,105008,9954
686,80,84,11,10,61178.5,9866
686,85,999,6,5,20772,6081
688,0,4,0,0,318877,303
688,5,9,0,0,326660.5,38
688,10,14,0,0,329315,35
688,15,19,0,0,345477,115
688,20,24,0,0,352405,164
688,25,29,2,0,392086,221
688,30,34,3,2,418163,303
688,35,39,10,3,462954.5,525
688,40,44,39,10,481498.5,917
688,45,49,107,35,480000,1454
688,50,54,191,67,456104.5,2372
688,55,59,296,116,454941,4122
688,60,64,390,163,473389.5,7228
688,65,69,457,211,513484.5,13142
688,70,74,454,248,435514.5,18046
688,75,79,312,207,241079.5,16017
688,80,84,211,171,180127,18984
688,85,999,139,142,129136.5,23652
694,0,4,0,0,1153474,25804
694,5,9,0,0,1064451,1994
694,10,14,0,0,1008062.5,1280
694,15,19,0,0,905608,1761
694,20,24,0,0,802395,1992
694,25,29,1,1,677329.5,1731
694,30,34,1,0,569897.5,1667
694,35,39,0,0,479745,1781
694,40,44,0,0,396622.5,1970
694,45,49,0,0,324771.5,2245
694,50,54,0,0,262642.5,2663
694,55,59,1,1,209838,3144
694,60,64,1,1,159149.5,3771
694,65,69,0,0,112989.5,4231
694,70,74,0,0,73668,4547
694,75,79,0,0,46612,4623
694,80,84,0,0,21152,3243
694,85,999,1,1,8398.5,2100
702,0,4,0,0,224899.5,108
702,5,9,0,0,222309.5,17
702,10,14,0,0,231076,45
702,15,19,0,0,385215.5,118
702,20,24,1,0,550460,136
702,25,29,4,0,584949,129
702,30,34,7,1,543519.5,156
702,35,39,13,6,448157,214
702,40,44,33,9,402492,385
702,45,49,67,19,368947.5,733
702,50,54,111,35,336546.5,1075
702,55,59,174,57,327781,1776
702,60,64,245,90,306510.5,2708
702,65,69,281,119,259751.5,3281
702,70,74,218,102,197887.5,3078
702,75,79,123,70,112224,2860
702,80,84,90,63,79127,3657
702,85,999,104,87,68031,7867
703,0,4,0,0,288221,324
703,5,9,0,0,291239,36
703,10,14,0,0,294518.5,43
703,15,19,0,0,267979,87
703,20,24,1,0,275182.5,140
703,25,29,2,0,327236,194
703,30,34,4,1,394690,327
703,35,39,10,2,430412.5,524
703,40,44,19,8,450586.5,795
703,45,49,55,17,438100.5,1356
703,50,54,91,29,356219,1903
703,55,59,157,54,351954,3000
703,60,64,241,92,345182.5,4764
703,65,69,322,138,338791.5,6766
703,70,74,306,156,268943,8232
703,75,79,208,129,166488,7904
703,80,84,140,109,107323.5,8535
703,85,999,109,107,80129.5,13461
704,0,4,0,0,7311528,29542
704,5,9,0,0,8552639.5,6967
704,10,14,3,0,7994276.5,4901
704,15,19,8,1,6946479,7681
704,20,24,21,2,6321934.5,10135
704,25,29,131,33,7488563.5,12780
704,30,34,71,29,8802262,16371
704,35,39,127,64,8455940.5,17713
704,40,44,289,90,7142273,19415
704,45,49,519,188,6427005.5,22798
704,50,54,878,335,5986181,32917
704,55,59,1325,508,5461310,40488
704,60,64,1670,677,4586496.5,52973
704,65,69,1569,731,3335494.5,62157
704,70,74,993,578,2152876,65031
704,75,79,589,408,1191401,59703
704,80,84,419,340,801340,66750
704,85,999,481,464,722654,118444
705,0,4,0,0,98100.5,56
705,5,9,0,0,107464,9
705,10,14,0,0,113754.5,13
705,15,19,0,0,97560,16
705,20,24,0,0,102520,34
705,25,29,1,0,114575,60
705,30,34,2,0,131211.5,81
705,35,39,3,0,146767.5,123
705,40,44,10,2,161911,191
705,45,49,20,4,157185.5,292
705,50,54,35,8,146892,428
705,55,59,58,15,152943,764
705,60,64,77,23,142657,1242
705,65,69,103,36,138228.5,1862
705,70,74,105,45,114016.5,2371
705,75,79,79,44,75872,2993
705,80,84,69,47,58654.5,3921
705,85,999,63,55,54915,8039
706,0,4,0,0,3342170,110771
706,5,9,0,0,2787749,15366
706,10,14,2,2,2205187,7141
706,15,19,0,0,1950792.5,7307
706,20,24,9,6,1632578,8512
706,25,29,13,9,1324693,7498
706,30,34,12,8,958221,5838
706,35,39,14,10,862350,5859
706,40,44,19,14,693139,5660
706,45,49,26,20,540029.5,5277
706,50,54,33,26,434064,5682
706,55,59,38,31,346364.5,5998
706,60,64,39,33,272068.5,6935
706,65,69,34,31,203805,7912
706,70,74,24,24,133410.5,7980
706,75,79,16,16,68945.5,6296
706,80,84,8,8,32742.5,4765
706,85,999,5,5,13587.5,3287
710,0,4,0,0,5829285,49001
710,5,9,0,0,5200557,2892
710,10,14,2,0,5388893.5,3403
710,15,19,6,2,5101227.5,7909
710,20,24,16,4,5237294.5,14514
710,25,29,56,14,5671582.5,22422
710,30,34,88,25,5657866,28697
710,35,39,178,43,5220333,31200
710,40,44,212,45,4290973,31764
710,45,49,261,64,3334920.5,32001
710,50,54,324,92,2841649,36063
710,55,59,394,118,2488940,43499
710,60,64,391,143,2146607,52389
710,65,69,394,153,1613053,55079
710,70,74,381,129,1048442,49078
710,75,79,287,120,570705,37849
710,80,84,166,105,382778,35235
710,85,999,78,75,353303.5,53483
716,0,4,0,0,2278428.5,23249
716,5,9,0,0,2258638,2473
716,10,14,1,1,2149515.5,2006
716,15,19,1,0,1805091.5,3116
716,20,24,2,2,1481202.5,4183
716,25,29,4,2,1040665.5,4160
716,30,34,14,9,959798.5,5187
716,35,39,11,3,1112187,8070
716,40,44,15,3,907692.5,8356
716,45,49,19,5,588087.5,6879
716,50,54,22,12,378364.5,5828
716,55,59,28,17,274266,5624
716,60,64,32,20,255310,7336
716,65,69,38,26,244297.5,9829
716,70,74,36,27,171279,9776
716,75,79,29,26,91238,7568
716,80,84,20,19,45645.5,5581
716,85,999,10,10,27348,5778
724,0,4,0,0,1811811,1348
724,5,9,0,0,2202205.5,248
724,10,14,0,0,2488687.5,302
724,15,19,2,0,2482022,545
724,20,24,5,0,2426845.5,770
724,25,29,10,0,2536980,818
724,30,34,27,2,2789523.5,1222
724,35,39,65,7,3102836.5,1856
724,40,44,179,32,3756847.5,3428
724,45,49,461,89,4003943.5,6588
724,50,54,862,164,3779729,10820
724,55,59,1308,249,3625354,17654
724,60,64,1638,323,3166003.5,25370
724,65,69,1810,412,2596492.5,29888
724,70,74,2035,576,2261690.5,39006
724,75,79,1833,700,1891874.5,54581
724,80,84,1198,666,1284183,63344
724,85,999,1283,1094,1621353,223736
728,0,4,0,0,1429247,31427
728,5,9,0,0,1486257.5,6932
728,10,14,1,0,1587099,4352
728,15,19,2,0,1367254,4865
728,20,24,6,3,1001507,4974
728,25,29,8,4,664228.5,3551
728,30,34,6,4,554400.5,3221
728,35,39,8,4,574928,3864
728,40,44,10,6,608180.5,5003
728,45,49,14,10,530130,5222
728,50,54,17,12,405670.5,5282
728,55,59,20,15,290638,4964
728,60,64,20,16,209099.5,5201
728,65,69,17,15,141948.5,5335
728,70,74,13,13,87169,5101
728,75,79,10,10,51542,4664
728,80,84,6,6,23740.5,3379
728,85,999,3,3,8137.5,1835
729,0,4,0,0,7605322,84340
729,5,9,0,0,6600240.5,12936
729,10,14,16,0,5998108.5,7557
729,15,19,49,30,5394482,10463
729,20,24,54,31,4755360.5,13183
729,25,29,52,32,4070922.5,12687
729,30,34,48,26,3248504.5,11104
729,35,39,39,16,2618191,10212
729,40,44,30,9,2135506,10799
729,45,49,40,11,1722189.5,10971
729,50,54,47,17,1497249,13892
729,55,59,64,25,1220413,15190
729,60,64,84,39,973621.5,18739
729,65,69,89,51,713165.5,21737
729,70,74,81,62,427167,20955
729,75,79,64,66,231294.5,18345
729,80,84,41,55,111107.5,14365
729,85,999,28,46,60500.5,14593
740,0,4,0,0,53340.5,181
740,5,9,0,0,55086,18
740,10,14,0,0,55185.5,19
740,15,19,0,0,54557.5,45
740,20,24,0,0,55412,67
740,25,29,0,0,48280,78
740,30,34,0,0,43840,91
740,35,39,1,0,44142,126
740,40,44,0,0,38788.5,126
740,45,49,3,1,36197,171
740,50,54,2,1,35199.5,264
740,55,59,3,1,32208,377
740,60,64,1,0,25090,411
740,65,69,1,1,17972.5,432
740,70,74,6,3,11799,419
740,75,79,2,1,7772.5,414
740,80,84,2,1,4900,415
740,85,999,1,0,3393.5,513
748,0,4,0,0,142458,1531
748,5,9,0,0,137754,141
748,10,14,0,0,133617,118
748,15,19,0,0,127829,212
748,20,24,0,0,119398,323
748,25,29,0,0,107142.5,398
748,30,34,1,1,98452.5,489
748,35,39,1,1,86573.5,581
748,40,44,2,2,67962.5,597
748,45,49,2,1,49545,570
748,50,54,1,1,40187,613
748,55,59,0,0,32337,643
748,60,64,1,1,26720.5,754
748,65,69,2,2,20504,791
748,70,74,1,0,13369,681
748,75,79,1,1,8574.5,589
748,80,84,0,0,4457,459
748,85,999,0,0,2035.5,386
752,0,4,0,0,582404,279
752,5,9,0,0,622383,38
752,10,14,0,0,629321,51
752,15,19,0,0,596915,144
752,20,24,1,0,581851.5,228
752,25,29,5,0,679484,297
752,30,34,4,2,771316.5,366
752,35,39,11,3,685241,414
752,40,44,31,7,643370.5,532
752,45,49,65,13,656611.5,752
752,50,54,115,24,661989,1327
752,55,59,193,42,670678,2269
752,60,64,253,62,572449,3303
752,65,69,336,96,541476.5,5361
752,70,74,418,150,530249.5,8925
752,75,79,433,197,490229.5,13932
752,80,84,273,164,299838,16046
752,85,999,230,193,271530.5,40408
756,0,4,0,0,437339,325
756,5,9,0,0,447973.5,37
756,10,14,0,0,439706.5,46
756,15,19,0,0,425013,94
756,20,24,1,0,466899.5,167
756,25,29,5,0,549230.5,236
756,30,34,4,0,627455,289
756,35,39,8,2,631069,290
756,40,44,29,5,617049.5,419
756,45,49,63,11,596727.5,655
756,50,54,127,24,642787.5,1290
756,55,59,203,41,661788.5,2418
756,60,64,234,51,559403,3268
756,65,69,243,63,453540.5,4525
756,70,74,259,86,401061.5,6748
756,75,79,250,107,350860.5,9510
756,80,84,180,98,242268,11417
756,85,999,172,126,242009.5,34799
760,0,4,0,0,2122848.5,9942
760,5,9,0,0,2177811.5,946
760,10,14,1,0,2872588,1029
760,15,19,1,0,2700566.5,1996
760,20,24,2,0,2489905.5,2909
760,25,29,10,0,1775584.5,2184
760,30,34,19,14,1352842.5,1800
760,35,39,33,21,1317296,2160
760,40,44,10,11,1232952,2850
760,45,49,13,11,1091745.5,3971
760,50,54,37,24,933258,5329
760,55,59,42,23,760337.5,7019
760,60,64,22,4,586225,8627
760,65,69,74,43,432743.5,10570
760,70,74,36,24,296175,12228
760,75,79,66,48,177249,12161
760,80,84,60,45,93252.5,10906
760,85,999,67,50,48791.5,10591
762,0,4,0,0,1329868,8478
762,5,9,0,0,1300312,411
762,10,14,4,1,1095509.5,292
762,15,19,4,4,863326,415
762,20,24,4,4,916831,633
762,25,29,4,3,848740.5,765
762,30,34,6,4,821975,1035
762,35,39,7,5,683386,1270
762,40,44,8,4,522926.5,1376
762,45,49,10,4,433066,1686
762,50,54,15,8,389282.5,2436
762,55,59,21,13,344101.5,3659
762,60,64,22,16,279281.5,4771
762,65,69,18,13,169926.5,4696
762,70,74,14,8,94597.5,4285
762,75,79,10,5,40792.5,3134
762,80,84,9,6,31430.5,3975
762,85,999,7,6,16869,3706
764,0,4,0,0,3187635,5245
764,5,9,0,0,3757384,1354
764,10,14,3,0,4125870,2569
764,15,19,5,1,4432367.5,6106
764,20,24,16,2,4766788,6660
764,25,29,54,12,5159237,7883
764,30,34,42,21,5088055.5,9867
764,35,39,95,32,5141609.5,17104
764,40,44,235,68,5395837,30029
764,45,49,463,153,5363547.5,39346
764,50,54,789,284,5508385,45027
764,55,59,1125,417,5167214.5,49100
764,60,64,1401,545,4529024,49172
764,65,69,1461,651,3579689,54711
764,70,74,1234,683,2634781.5,64222
764,75,79,939,634,1708893.5,68792
764,80,84,670,548,1150036.5,75447
764,85,999,597,591,1038974,129527
768,0,4,0,0,1327238,17148
768,5,9,0,0,1212456.5,3370
768,10,14,0,0,1115922,1844
768,15,19,0,0,941699,2390
768,20,24,1,1,801993,2849
768,25,29,4,3,694406.5,2636
768,30,34,4,4,612996,2578
768,35,39,3,3,532737.5,2560
768,40,44,6,4,460078,2718
768,45,49,10,6,384191,2845
768,50,54,12,8,305638.5,3188
768,55,59,13,9,237967.5,3551
768,60,64,12,8,179232,4198
768,65,69,9,6,129810,4810
768,70,74,8,5,84811.5,5304
768,75,79,7,6,45312,4804
768,80,84,4,3,17928.5,3174
768,85,999,2,2,5321,1588
780,0,4,0,0,86018.5,272
780,5,9,0,0,92536,24
780,10,14,0,0,95171,27
780,15,19,0,0,93514,77
780,20,24,1,0,95136,168
780,25,29,1,1,103943,243
780,30,34,2,0,120993,252
780,35,39,4,1,136657.5,360
780,40,44,7,0,123985.5,391
780,45,49,9,1,103062.5,444
780,50,54,11,4,91160.5,587
780,55,59,15,6,94805.5,826
780,60,64,20,6,89030,1264
780,65,69,21,11,71815,1377
780,70,74,18,12,50160,1697
780,75,79,14,9,27920,1603
780,80,84,8,5,13124.5,1316
780,85,999,5,4,6889,1376
784,0,4,0,0,563781,610
784,5,9,0,0,602749.5,61
784,10,14,0,0,520915,76
784,15,19,0,0,499067,108
784,20,24,0,0,931808,312
784,25,29,2,0,1415698.5,517
784,30,34,6,2,1558712.5,683
784,35,39,5,1,1338249,793
784,40,44,8,8,978533,929
784,45,49,10,3,669204.5,921
784,50,54,24,8,474765,863
784,55,59,37,14,349302.5,778
784,60,64,38,16,171357.5,789
784,65,69,23,10,76055.5,811
784,70,74,13,6,54159,996
784,75,79,12,7,20694,807
784,80,84,6,5,12428.5,1128
784,85,999,4,4,4606.5,904
788,0,4,0,0,938973.5,2007
788,5,9,0,0,1076507.5,261
788,10,14,0,0,982668,281
788,15,19,0,0,838143,426
788,20,24,3,1,805772.5,612
788,25,29,7,7,900895,743
788,30,34,15,8,936360.5,906
788,35,39,24,5,955399.5,1225
788,40,44,37,10,889955,1509
788,45,49,49,17,795663.5,2000
788,50,54,69,25,699338.5,2635
788,55,59,92,34,673071,4285
788,60,64,102,38,555361,6408
788,65,69,103,43,456105,9328
788,70,74,84,41,285331.5,9839
788,75,79,62,41,166680.5,9913
788,80,84,51,44,100664,10259
788,85,999,45,50,62444,12005
792,0,4,0,0,5988450,10601
792,5,9,0,0,6737397.5,364
792,10,14,0,0,6592224,433
792,15,19,1,3,6341835.5,876
792,20,24,17,11,6997619,1647
792,25,29,74,15,6814730,2424
792,30,34,64,45,6581355.5,3493
792,35,39,142,56,6535727.5,5350
792,40,44,295,94,6729742.5,9365
792,45,49,486,155,5883706.5,13642
792,50,54,720,222,4870734,20162
792,55,59,952,310,4791723,32631
792,60,64,1137,383,3731561.5,43900
792,65,69,1182,435,3209777,61637
792,70,74,1038,416,2270730,68322
792,75,79,771,413,1437858.5,68723
792,80,84,502,382,878597,80216
792,85,999,354,390,664703.5,131985
795,0,4,0,0,814469.5,6642
795,5,9,0,0,810223,365
795,10,14,1,0,666541,216
795,15,19,2,0,499337,304
795,20,24,2,2,569412.5,498
795,25,29,2,2,669144.5,754
795,30,34,4,4,619890.5,915
795,35,39,6,4,528259,1156
795,40,44,10,5,439614,1409
795,45,49,14,8,415651.5,2020
795,50,54,19,11,375021.5,2766
795,55,59,24,14,295226,3481
795,60,64,27,16,234965,4350
795,65,69,25,15,142111.5,4128
795,70,74,16,11,78047.5,3662
795,75,79,8,6,31502.5,2430
795,80,84,6,5,25736,3343
795,85,999,5,5,15040.5,3400
800,0,4,0,0,7786402,69104
800,5,9,0,0,6896441,6285
800,10,14,0,0,6280048,4654
800,15,19,0,0,5567885,7211
800,20,24,2,1,4778587.5,9360
800,25,29,18,13,3981772.5,9913
800,30,34,15,10,3107857.5,9971
800,35,39,27,16,2286257,9855
800,40,44,31,17,1717728,10024
800,45,49,46,33,1382902,11095
800,50,54,66,50,1113956.5,12546
800,55,59,91,63,822816,12862
800,60,64,91,65,589305.5,13541
800,65,69,74,58,414504.5,13288
800,70,74,49,42,275542,11536
800,75,79,27,26,144130,7921
800,80,84,12,12,88001.5,6878
800,85,999,5,5,78583,12153
804,0,4,0,0,1555464,1962
804,5,9,0,0,2168921.5,474
804,10,14,0,0,2359751,774
804,15,19,0,1,1996472.5,2475
804,20,24,4,2,1815721.5,4549
804,25,29,9,4,2309017.5,6660
804,30,34,23,13,3180644.5,10956
804,35,39,37,33,3533773.5,15593
804,40,44,152,40,3160705,19049
804,45,49,328,134,2830658,20676
804,50,54,607,267,2834878.5,26312
804,55,59,1061,483,2993712.5,37342
804,60,64,1716,832,2978993,53648
804,65,69,1849,994,2466739,62973
804,70,74,1674,1023,1917643.5,75852
804,75,79,812,551,1010124,53850
804,80,84,712,561,1119539.5,86036
804,85,999,285,301,816007,103205
807,0,4,0,0,98512.5,68
807,5,9,0,0,110001,7
807,10,14,0,0,107984,14
807,15,19,0,0,103661.5,23
807,20,24,0,0,108588.5,41
807,25,29,0,0,116932,40
807,30,34,0,1,123653,67
807,35,39,3,1,127137,105
807,40,44,8,2,129408,166
807,45,49,19,7,126669,295
807,50,54,34,13,124258,567
807,55,59,54,22,127080.5,936
807,60,64,72,31,122631,1572
807,65,69,80,39,113312,2543
807,70,74,69,40,88756.5,3393
807,75,79,45,32,54536.5,3550
807,80,84,27,23,34287.5,3703
807,85,999,15,15,22824.5,4529
818,0,4,0,0,11968818.5,43137
818,5,9,0,0,13330584.5,5117
818,10,14,3,0,11697201.5,4354
818,15,19,13,4,10242299.5,6986
818,20,24,36,18,9406380,7218
818,25,29,74,40,8647173.5,7279
818,30,34,111,53,8637525.5,9687
818,35,39,150,64,8023008.5,11849
818,40,44,176,71,6875432.5,15067
818,45,49,192,69,5808725,20763
818,50,54,201,71,4957230.5,35700
818,55,59,219,83,4204009.5,54705
818,60,64,217,95,3382197,72465
818,65,69,181,93,2496181.5,86196
818,70,74,143,86,1595092,88365
818,75,79,90,76,840822,75648
818,80,84,44,60,347649.5,51995
818,85,999,30,61,157918.5,42607
826,0,4,0,0,3662706.5,3141
826,5,9,0,0,4139827,309
826,10,14,0,0,4216973.5,394
826,15,19,2,0,3881855.5,893
826,20,24,11,1,4088994.5,1685
826,25,29,35,19,4504285.5,2356
826,30,34,41,49,4565689,3275
826,35,39,84,72,4572286,4854
826,40,44,220,119,4356888,6662
826,45,49,413,182,4242921,10483
826,50,54,886,332,4609902.5,15980
826,55,59,1480,501,4416934.5,22395
826,60,64,1911,673,4013493,31514
826,65,69,2156,922,3503446.5,41626
826,70,74,2590,1438,3301219.5,64171
826,75,79,2561,1818,2648450,83710
826,80,84,1851,1649,1732543,101124
826,85,999,2044,2221,1720900,253950
834,0,4,0,0,10595923,92401
834,5,9,0,0,9209830.5,8080
834,10,14,0,0,7966116,5792
834,15,19,0,0,7113487.5,9363
834,20,24,16,11,5999898,12115
834,25,29,14,9,5026652.5,12983
834,30,34,22,14,4180678,13928
834,35,39,27,18,3485053,15505
834,40,44,45,24,2883909,17155
834,45,49,53,26,2343235.5,19029
834,50,54,73,39,1753680,19898
834,55,59,86,47,1231685,19223
834,60,64,77,51,957637,21751
834,65,69,86,61,778552,25356
834,70,74,104,79,559343.5,26287
834,75,79,91,78,349430.5,23853
834,80,84,52,50,172749,17435
834,85,999,24,25,103961,18023
840,0,4,0,0,18785092.5,23713
840,5,9,0,0,20508040,2249
840,10,14,2,0,21779388.5,3185
840,15,19,18,2,22417723,11810
840,20,24,82,8,22333654,23221
840,25,29,143,35,22997309,31184
840,30,34,477,89,24462986.5,40583
840,35,39,1172,211,23426514,46786
840,40,44,2244,427,22423954.5,55647
840,45,49,3384,666,20359775,72048
840,50,54,5183,1069,21147526.5,116438
840,55,59,6397,1483,21514930.5,184865
840,60,64,7172,1865,21590887.5,256408
840,65,69,6495,1940,18856580.5,293919
840,70,74,5137,1848,15187400,350146
840,75,79,3692,1802,10873794,387195
840,80,84,2224,1539,6658008.5,391014
840,85,999,2108,2061,6210481,896892
854,0,4,0,0,3360439.5,57022
854,5,9,0,0,3329975,8707
854,10,14,0,0,2981340.5,4819
854,15,19,0,0,2503843,6345
854,20,24,0,0,2065235,7727
854,25,29,18,15,1719394.5,6818
854,30,34,0,0,1463766,6410
854,35,39,4,3,1254319.5,6361
854,40,44,20,16,1025819,6532
854,45,49,0,0,780488.5,6276
854,50,54,25,19,601952.5,6730
854,55,59,0,0,475015.5,7454
854,60,64,0,0,363418,8761
854,65,69,0,0,257078.5,9666
854,70,74,0,0,163065,10280
854,75,79,15,12,106580.5,11327
854,80,84,0,0,44043.5,7812
854,85,999,0,0,13264.5,4059
858,0,4,0,0,183057,262
858,5,9,0,0,232004.5,27
858,10,14,0,0,231479,34
858,15,19,0,0,237930.5,170
858,20,24,0,0,247418.5,291
858,25,29,2,0,253096,329
858,30,34,4,0,242294.5,339
858,35,39,5,2,220400,431
858,40,44,9,2,217447,556
858,45,49,20,4,224389,784
858,50,54,32,9,198518,1026
858,55,59,49,15,195873.5,1679
858,60,64,70,22,177568.5,2565
858,65,69,82,27,151820,3286
858,70,74,87,34,121736,4060
858,75,79,79,38,97850,4721
858,80,84,61,35,74140,5451
858,85,999,76,49,83891,10720
860,0,4,0,0,4133426,12251
860,5,9,0,0,3485905.5,2436
860,10,14,1,1,3060897.5,1977
860,15,19,2,1,2571486.5,2380
860,20,24,7,5,2552875.5,2468
860,25,29,19,8,3005424.5,2999
860,30,34,26,19,3042547.5,4018
860,35,39,45,23,2737337,5451
860,40,44,72,33,2177519,7122
860,45,49,107,54,1891100.5,10352
860,50,54,141,77,1626906,13084
860,55,59,193,111,1499911.5,17715
860,60,64,238,133,1216268.5,22083
860,65,69,221,128,839568,24089
860,70,74,125,78,514299.5,22791
860,75,79,58,38,268890,18825
860,80,84,34,23,190209.5,19941
860,85,999,14,10,124383,21341
862,0,4,0,0,2188211,8070
862,5,9,0,0,2604538.5,916
862,10,14,0,0,2765703.5,1118
862,15,19,6,2,2664648,4348
862,20,24,6,2,2141357,6744
862,25,29,29,5,1809961,5476
862,30,34,16,13,1826064.5,4981
862,35,39,22,11,1838820,5393
862,40,44,52,20,1818576.5,5720
862,45,49,100,32,1715249,6938
862,50,54,180,53,1598026.5,9220
862,55,59,273,84,1454368,13132
862,60,64,326,109,1253389,16779
862,65,69,285,109,978224,20979
862,70,74,193,82,678657.5,19892
862,75,79,132,72,465521.5,23117
862,80,84,82,53,269258,25978
862,85,999,74,57,142443,28470
882,0,4,0,0,28899,91
882,5,9,0,0,28701,12
882,10,14,0,0,25890.5,11
882,15,19,0,0,20460.5,21
882,20,24,0,0,16019.5,23
882,25,29,0,0,14396.5,22
882,30,34,0,0,12515.5,22
882,35,39,0,0,11242,27
882,40,44,0,0,10420.5,35
882,45,49,1,0,9869.5,51
882,50,54,3,1,9814.5,77
882,55,59,3,1,8272,100
882,60,64,3,3,6799,125
882,65,69,3,1,4907.5,140
882,70,74,2,1,3107,138
882,75,79,1,1,2061.5,146
882,80,84,1,1,1142,130
882,85,999,0,0,742.5,158
887,0,4,0,0,6132510,54921
887,5,9,0,0,5205966,3752
887,10,14,0,0,4450651,2539
887,15,19,0,0,3985807,4292
887,20,24,0,0,3487754,5827
887,25,29,15,4,3216510,6074
887,30,34,33,17,2883886.5,6188
887,35,39,63,33,2367515.5,6439
887,40,44,78,43,1817599,6927
887,45,49,84,45,1357749.5,7814
887,50,54,58,43,1037933.5,9003
887,55,59,61,44,770637.5,10201
887,60,64,64,44,551226,11236
887,65,69,60,40,378854.5,12258
887,70,74,44,33,261568.5,13826
887,75,79,33,23,183224,15582
887,80,84,17,13,93382,13096
887,85,999,9,7,40101,10011
894,0,4,0,0,3100767.5,36581
894,5,9,0,0,2839526.5,3442
894,10,14,0,0,2612354,2357
894,15,19,1,0,2242924.5,3141
894,20,24,6,0,1889510,3751
894,25,29,7,4,1613783,3800
894,30,34,7,4,1390541,4033
894,35,39,14,9,1187518,4502
894,40,44,23,13,965961.5,4899
894,45,49,30,17,752566.5,5193
894,50,54,32,17,537863,5277
894,55,59,30,18,379997,5269
894,60,64,26,18,265569,5553
894,65,69,22,17,175662.5,5925
894,70,74,18,17,104724,6234
894,75,79,13,13,56683.5,5722
894,80,84,8,8,25627,4025
894,85,999,3,3,11359.5,2813
900,0,4,0,0,663098234,5054944
900,5,9,0,0,691894102,733956
900,10,14,169,53,675827828.5,468594
900,15,19,562,237,636203340.5,696888
900,20,24,1923,865,611997223,895599
900,25,29,4150,1754,600002999.5,965761
900,30,34,6598,2880,610764530,1084378
900,35,39,10602,4163,571809424.5,1263342
900,40,44,19409,6265,511802181.5,1541865
900,45,49,34084,11462,473853975,1927781
900,50,54,61235,20484,455884767.5,2701596
900,55,59,79898,27991,409853490,3678113
900,60,64,96569,35690,325757455,4553160
900,65,69,117833,47706,282340073.5,5825325
900,70,74,107258,50329,210295338,6515760
900,75,79,80275,45919,133621030,6444928
900,80,84,58681,42529,87228854.5,6856995
900,85,999,50412,45388,69172345,11069642
