"ISOcode","cancer_type","distribution_method","n_age_groups","lifetime_risk","lifetime_risk_percent","variance","std_error","std_error_percent","ci_lower","ci_upper","ci_lower_percent","ci_upper_percent","note"
578,"colorectum","Poisson",16,0.128020606619945,12.802061,3.77369372061599e-06,0.00194259973247604,0.19426,0.124213111144292,0.131828102095598,12.421311,13.18281,"Success"
208,"colorectum","Poisson",16,0.124174384161829,12.417438,2.87394755754276e-06,0.00169527211902478,0.169527,0.12085165080854,0.127497117515117,12.085165,12.749712,"Success"
702,"colorectum","Poisson",16,0.121022131942998,12.102213,6.92292134779854e-06,0.00263114449390347,0.263114,0.115865088734948,0.126179175151049,11.586509,12.617918,"Success"
554,"colorectum","Poisson",16,0.107958851985561,10.795885,3.74149160455451e-06,0.00193429356731457,0.193429,0.104167636593624,0.111750067377497,10.416764,11.175007,"Success"
528,"colorectum","Poisson",16,0.103152598778,10.31526,7.78816215859059e-07,0.000882505646361007,0.088251,0.101422887711132,0.104882309844867,10.142289,10.488231,"Success"
392,"colorectum","Poisson",16,0.100635678483215,10.063568,8.09187549200832e-08,0.00028446222054973,0.028446,0.100078132530937,0.101193224435492,10.007813,10.119322,"Success"
191,"colorectum","Poisson",16,0.100161932279286,10.016193,2.97861762966545e-06,0.00172586721090165,0.172587,0.0967792325459187,0.103544632012653,9.677923,10.354463,"Success"
620,"colorectum","Poisson",16,0.0968273299962171,9.682733,1.05305181705736e-06,0.00102618313037068,0.102618,0.0948160110606905,0.0988386489317436,9.481601,9.883865,"Success"
348,"colorectum","Poisson",16,0.094242372601871,9.424237,1.15555165154955e-06,0.0010749658839003,0.107497,0.0921354394694264,0.0963493057343156,9.213544,9.634931,"Success"
372,"colorectum","Poisson",16,0.0913070219247391,9.130702,3.73561241083704e-06,0.0019327732435123,0.193277,0.087518786367455,0.0950952574820232,8.751879,9.509526,"Success"
703,"colorectum","Poisson",16,0.0902844490373677,9.028445,2.75341701175806e-06,0.00165934234314624,0.165934,0.0870321380448011,0.0935367600299344,8.703214,9.353676,"Success"
724,"colorectum","Poisson",16,0.0887372963746522,8.87373,2.42821347174154e-07,0.000492769060690862,0.049277,0.0877714690156981,0.0897031237336063,8.777147,8.970312,"Success"
826,"colorectum","Poisson",16,0.0877984908964766,8.779849,1.92895427661476e-07,0.000439198619831023,0.04392,0.0869376616016078,0.0886593201913454,8.693766,8.865932,"Success"
380,"colorectum","Poisson",16,0.0868846347810918,8.688463,1.58052453307208e-07,0.000397558113119589,0.039756,0.0861054208793774,0.0876638486828062,8.610542,8.766385,"Success"
250,"colorectum","Poisson",16,0.0858889103761522,8.588891,1.71676314486492e-07,0.000414338405758496,0.041434,0.0850768071008655,0.0867010136514388,8.507681,8.670101,"Success"
233,"colorectum","Poisson",16,0.0848534542948188,8.485345,7.8663535646921e-06,0.0028047020456177,0.28047,0.0793562382854081,0.0903506703042295,7.935624,9.035067,"Success"
858,"colorectum","Poisson",16,0.0845416089008895,8.454161,4.13948517588797e-06,0.00203457247988072,0.203457,0.0805538468403233,0.0885293709614557,8.055385,8.852937,"Success"
752,"colorectum","Poisson",16,0.0839559621662353,8.395596,1.13594015898884e-06,0.00106580493477411,0.10658,0.081866984494078,0.0860449398383925,8.186698,8.604494,"Success"
36,"colorectum","Poisson",16,0.0838386609384041,8.383866,5.45532818785094e-07,0.000738601935270342,0.07386,0.0823910011452742,0.0852863207315339,8.2391,8.528632,"Success"
352,"colorectum","Poisson",15,0.0803775580309278,8.037756,3.96211826344576e-05,0.00629453593479755,0.629454,0.0680402675987247,0.092714848463131,6.804027,9.271485,"Success"
616,"colorectum","Poisson",16,0.079292554889404,7.929255,3.079468349954e-07,0.00055492957660896,0.055493,0.0782048929192505,0.0803802168595576,7.820489,8.038022,"Success"
705,"colorectum","Poisson",16,0.0784134466089068,7.841345,4.93049306941618e-06,0.00222047136198965,0.222047,0.0740613227394071,0.0827655704784065,7.406132,8.276557,"Success"
470,"colorectum","Poisson",16,0.0775687939108266,7.756879,2.97244512326984e-05,0.0054520135026152,0.545201,0.0668828474457008,0.0882547403759523,6.688285,8.825474,"Success"
56,"colorectum","Poisson",16,0.0760552415810793,7.605524,8.76426972783e-07,0.000936176785005375,0.093618,0.0742203350824688,0.0778901480796899,7.422034,7.789015,"Success"
442,"colorectum","Poisson",16,0.0756103142602891,7.561031,2.42002518429479e-05,0.00491937514761254,0.491938,0.0659683389709685,0.0852522895496097,6.596834,8.525229,"Success"
124,"colorectum","Poisson",16,0.0739298637797653,7.392986,3.15506805368803e-07,0.000561699924665121,0.05617,0.0728289319274217,0.0750307956321089,7.282893,7.50308,"Success"
276,"colorectum","Poisson",16,0.0739154772126113,7.391548,1.00284189592976e-07,0.000316676790423574,0.031668,0.073294790703381,0.0745361637218415,7.329479,7.453616,"Success"
203,"colorectum","Poisson",16,0.0733825874499229,7.338259,9.28176781568525e-07,0.000963419317622667,0.096342,0.0714942855873824,0.0752708893124633,7.149429,7.527089,"Success"
246,"colorectum","Poisson",16,0.0730333308009356,7.303333,1.57762795010674e-06,0.00125603660380848,0.125604,0.070571499057471,0.0754951625444002,7.05715,7.549516,"Success"
300,"colorectum","Poisson",16,0.0709503684421962,7.095037,7.07636176327619e-07,0.000841211136592722,0.084121,0.0693015946144745,0.0725991422699179,6.930159,7.259914,"Success"
756,"colorectum","Poisson",16,0.070571845110184,7.057185,1.14171861883303e-06,0.00106851233911127,0.106851,0.0684775609255259,0.0726661292948421,6.847756,7.266613,"Success"
688,"colorectum","Poisson",16,0.0695458609883538,6.954586,1.10375008953766e-06,0.00105059511208537,0.10506,0.0674866945686665,0.0716050274080411,6.748669,7.160503,"Success"
112,"colorectum","Poisson",16,0.0686925830808117,6.869258,9.83304882665298e-07,0.000991617306557978,0.099162,0.066749013159958,0.0706361530016653,6.674901,7.063615,"Success"
642,"colorectum","Poisson",16,0.0684834544627557,6.848345,4.19343796431709e-07,0.000647567599893408,0.064757,0.0672142219669647,0.0697526869585468,6.721422,6.975269,"Success"
388,"colorectum","Poisson",16,0.066420588707512,6.642059,1.03559323741862e-05,0.00321806345092607,0.321806,0.0601131843436969,0.0727279930713271,6.011318,7.272799,"Success"
376,"colorectum","Poisson",16,0.0654660370401274,6.546604,1.82893641946188e-06,0.00135238175803354,0.135238,0.0628153687943816,0.0681167052858731,6.281537,6.811671,"Success"
410,"colorectum","Poisson",16,0.0654432930774386,6.544329,2.1300735435014e-07,0.000461527197844439,0.046153,0.0645386997696634,0.0663478863852137,6.45387,6.634789,"Success"
52,"colorectum","Poisson",16,0.0648101205888247,6.481012,3.78651317315466e-05,0.00615346501830851,0.615347,0.05274932915294,0.0768709120247094,5.274933,7.687091,"Success"
196,"colorectum","Poisson",16,0.0635247272236628,6.352473,9.37595429106625e-06,0.00306201800959208,0.306202,0.0575231719248623,0.0695262825224632,5.752317,6.952628,"Success"
100,"colorectum","Poisson",16,0.0633297087092465,6.332971,9.22678690075428e-07,0.00096056165344835,0.096056,0.0614470078684877,0.0652124095500052,6.144701,6.521241,"Success"
96,"colorectum","Poisson",16,0.0628592625314724,6.285926,4.9968792270349e-05,0.00706886074769825,0.706886,0.0490042954659838,0.076714229596961,4.90043,7.671423,"Success"
643,"colorectum","Poisson",16,0.0625029343111344,6.250293,6.51999444605585e-08,0.000255342797941431,0.025534,0.0620024624271692,0.0630034061950996,6.200246,6.300341,"Success"
474,"colorectum","Poisson",16,0.0613121001201414,6.13121,2.32884495484531e-05,0.00482581076591831,0.482581,0.0518535110189415,0.0707706892213413,5.185351,7.077069,"Success"
192,"colorectum","Poisson",16,0.0606783591679089,6.067836,1.03756467262161e-06,0.00101860918541981,0.101861,0.0586818851644861,0.0626748331713318,5.868189,6.267483,"Success"
600,"colorectum","Poisson",16,0.0600321493228464,6.003215,4.22131404382556e-06,0.00205458366678643,0.205458,0.056005165335945,0.0640591333097478,5.600517,6.405913,"Success"
498,"colorectum","Poisson",16,0.0600043523588826,6.000435,2.72240256988511e-06,0.00164997047545861,0.164997,0.0567704102269837,0.0632382944907815,5.677041,6.323829,"Success"
152,"colorectum","Poisson",16,0.056505024697676,5.650502,6.58251544222578e-07,0.00081132702668072,0.081133,0.0549148237253818,0.0580952256699702,5.491482,5.809523,"Success"
428,"colorectum","Poisson",16,0.0564955491803561,5.649555,3.21781061919971e-06,0.00179382569365023,0.179383,0.0529796508208016,0.0600114475399105,5.297965,6.001145,"Success"
638,"colorectum","Poisson",16,0.0554640297774231,5.546403,1.55108208624464e-05,0.00393837794814647,0.393838,0.047744808999056,0.0631832505557901,4.774481,6.318325,"Success"
630,"colorectum","Poisson",16,0.0550002092967758,5.500021,2.12283586479859e-06,0.00145699549237415,0.1457,0.0521444981317224,0.0578559204618291,5.21445,5.785592,"Success"
780,"colorectum","Poisson",16,0.0547078750521922,5.470788,1.58044240866458e-05,0.00397547784381271,0.397548,0.0469159384783193,0.0624998116260651,4.691594,6.249981,"Success"
51,"colorectum","Poisson",16,0.0544650452286549,5.446505,3.7702125971341e-06,0.0019417035296703,0.19417,0.0506593063105011,0.0582707841468086,5.065931,5.827078,"Success"
608,"colorectum","Poisson",16,0.0540918691564779,5.409187,3.5859604851927e-07,0.000598828897531899,0.059883,0.0529181645173154,0.0552655737956404,5.291816,5.526557,"Success"
840,"colorectum","Poisson",16,0.0539128337920831,5.391283,2.53572753988144e-08,0.000159239679096682,0.015924,0.0536007240210536,0.0542249435631126,5.360072,5.422494,"Success"
32,"colorectum","Poisson",16,0.0536472254461405,5.364723,2.33663993769184e-07,0.000483388036435723,0.048339,0.0526997848947265,0.0545946659975545,5.269978,5.459467,"Success"
76,"colorectum","Poisson",16,0.0522288175100665,5.222882,7.40490464690071e-08,0.000272119544445097,0.027212,0.0516954632029541,0.0527621718171789,5.169546,5.276217,"Success"
540,"colorectum","Poisson",16,0.0516447356981077,5.164474,4.16649044370481e-05,0.00645483574051641,0.645484,0.0389932576466955,0.0642962137495199,3.899326,6.429621,"Success"
440,"colorectum","Poisson",16,0.051384775990032,5.138478,1.96808739721154e-06,0.00140288538277777,0.140289,0.0486351206397876,0.0541344313402765,4.863512,5.413443,"Success"
40,"colorectum","Poisson",16,0.0513452926722526,5.134529,6.84097591726444e-07,0.000827101923420834,0.08271,0.0497241729023478,0.0529664124421575,4.972417,5.296641,"Success"
312,"colorectum","Poisson",16,0.0507284026205144,5.07284,1.73242043672516e-05,0.00416223550117621,0.416224,0.042570421038209,0.0588863842028198,4.257042,5.888638,"Success"
316,"colorectum","Poisson",16,0.050414371556277,5.041437,0.000130850573196273,0.0114389935394804,1.143899,0.0279939442188955,0.0728347988936585,2.799394,7.28348,"Success"
70,"colorectum","Poisson",16,0.0501624673411434,5.016247,1.71971013075184e-06,0.00131137718858909,0.131138,0.0475921680515088,0.052732766630778,4.759217,5.273277,"Success"
740,"colorectum","Poisson",16,0.0492676520204626,4.926765,3.53714145343035e-05,0.00594738720231863,0.594739,0.0376107731039181,0.0609245309370071,3.761077,6.092453,"Success"
156,"colorectum","Poisson",16,0.0492050784850626,4.920508,7.55532392706271e-09,8.69213663437403e-05,0.008692,0.0490347126070289,0.0493754443630964,4.903471,4.937544,"Success"
807,"colorectum","Poisson",16,0.0487910532548257,4.879105,3.52829088357413e-06,0.00187837453229491,0.187837,0.0451094391715277,0.0524726673381237,4.510944,5.247267,"Success"
332,"colorectum","Poisson",16,0.0474057024866424,4.74057,4.23825003101287e-06,0.00205870105430897,0.20587,0.0433706484201969,0.051440756553088,4.337065,5.144076,"Success"
804,"colorectum","Poisson",16,0.0473336243274503,4.733362,1.41980969007743e-07,0.000376803621277375,0.03768,0.0465950892297467,0.048072159425154,4.659509,4.807216,"Success"
458,"colorectum","Poisson",16,0.0465105799152297,4.651058,6.65966347510239e-07,0.00081606761209488,0.081607,0.0449110873955238,0.0481100724349357,4.491109,4.811007,"Success"
900,"colorectum","Poisson",16,0.0464338616468264,4.643386,1.74077457543121e-09,4.17225907085264e-05,0.004172,0.0463520853690377,0.0465156379246151,4.635209,4.651564,"Success"
170,"colorectum","Poisson",16,0.0463171090414582,4.631711,3.53489155654894e-07,0.00059454954011831,0.059455,0.0451517919428263,0.0474824261400901,4.515179,4.748243,"Success"
499,"colorectum","Poisson",16,0.0457465154386565,4.574652,1.04900413624767e-05,0.00323883333354416,0.323883,0.03939840210491,0.0520946287724031,3.93984,5.209463,"Success"
591,"colorectum","Poisson",16,0.0442006312094284,4.420063,4.40994256505225e-06,0.00209998632496791,0.209999,0.0400846580124913,0.0483166044063656,4.008466,4.83166,"Success"
792,"colorectum","Poisson",16,0.0432084990286261,4.32085,1.32188412439884e-07,0.000363577244117235,0.036358,0.0424958876301563,0.0439211104270959,4.249589,4.392111,"Success"
434,"colorectum","Poisson",16,0.0430465293363464,4.304653,4.17241891704264e-06,0.00204264997418614,0.204265,0.0390429353869416,0.0470501232857512,3.904294,4.705012,"Success"
862,"colorectum","Poisson",16,0.0429055567399134,4.290556,5.36192523447444e-07,0.000732251680399194,0.073225,0.041470343446331,0.0443407700334958,4.147034,4.434077,"Success"
12,"colorectum","Poisson",16,0.0417226311271706,4.172263,4.73922416941515e-07,0.000688420232809521,0.068842,0.040373327470864,0.0430719347834773,4.037333,4.307193,"Success"
882,"colorectum","Poisson",16,0.0413509551133053,4.135096,5.80126367173472e-05,0.00761660270181839,0.76166,0.0264224138177413,0.0562794964088694,2.642241,5.62795,"Success"
188,"colorectum","Poisson",16,0.0412161165980633,4.121612,2.33671391663037e-06,0.00152863138677393,0.152863,0.0382199990799864,0.0442122341161402,3.822,4.421223,"Success"
44,"colorectum","Poisson",16,0.041051680549145,4.105168,2.90305543502783e-05,0.00538800096049345,0.5388,0.0304911986665778,0.0516121624317121,3.04912,5.161216,"Success"
258,"colorectum","Poisson",16,0.0410039524878675,4.100395,7.52159694513799e-05,0.00867271407642267,0.867271,0.0240054328980791,0.0580024720776559,2.400543,5.800247,"Success"
480,"colorectum","Poisson",16,0.0398629772894728,3.986298,7.29133125821972e-06,0.00270024651804603,0.270025,0.0345704941141026,0.0451554604648431,3.457049,4.515546,"Success"
275,"colorectum","Poisson",16,0.0383570054953415,3.835701,6.5017969039032e-06,0.00254986213429338,0.254986,0.0333592757121264,0.0433547352785565,3.335928,4.335474,"Success"
218,"colorectum","Poisson",16,0.0376142914329436,3.761429,9.83065841591023e-07,0.000991496768321018,0.09915,0.0356709577670344,0.0395576250988528,3.567096,3.955763,"Success"
214,"colorectum","Poisson",16,0.0372174201506223,3.721742,1.44147934402623e-06,0.00120061623511688,0.120062,0.0348642123297932,0.0395706279714514,3.486421,3.957063,"Success"
764,"colorectum","Poisson",16,0.0365558899061924,3.655589,1.08370864307437e-07,0.000329197303007539,0.03292,0.0359106631922976,0.0372011166200871,3.591066,3.720112,"Success"
254,"colorectum","Poisson",16,0.0361348211970326,3.613482,4.6242657733612e-05,0.00680019541878114,0.68002,0.0228064381762216,0.0494632042178436,2.280644,4.94632,"Success"
48,"colorectum","Poisson",16,0.0355926168962815,3.559262,2.43611348233593e-05,0.00493570003377022,0.49357,0.0259186448300919,0.0452665889624712,2.591864,4.526659,"Success"
268,"colorectum","Poisson",16,0.0350327289485241,3.503273,1.36445382964208e-06,0.00116809838183352,0.11681,0.0327432561201304,0.0373222017769177,3.274326,3.73222,"Success"
408,"colorectum","Poisson",16,0.0347313732561765,3.473137,2.53317936003658e-07,0.00050330699975627,0.050331,0.0337448915366542,0.0357178549756987,3.374489,3.571785,"Success"
558,"colorectum","Poisson",16,0.03342893164497,3.342893,3.5417959214188e-06,0.00188196597243914,0.188197,0.0297402783389893,0.0371175849509508,2.974028,3.711758,"Success"
682,"colorectum","Poisson",16,0.0333439322582418,3.334393,1.01573457433967e-06,0.00100783658116763,0.100784,0.0313685725591533,0.0353192919573304,3.136857,3.531929,"Success"
662,"colorectum","Poisson",16,0.0328636424756106,3.286364,5.32644309133179e-05,0.00729824848256881,0.729825,0.0185590754497758,0.0471682095014455,1.855908,4.716821,"Success"
328,"colorectum","Poisson",16,0.0325090691055885,3.250907,2.74264977571682e-05,0.00523703138783492,0.523703,0.022244487585432,0.0427736506257449,2.224449,4.277365,"Success"
398,"colorectum","Poisson",16,0.0324584883654054,3.245849,5.49266163822364e-07,0.000741124931318846,0.074112,0.0310058835000204,0.0339110932307903,3.100588,3.391109,"Success"
604,"colorectum","Poisson",16,0.031512960797429,3.151296,2.61268350230386e-07,0.000511144157973449,0.051114,0.030511118247801,0.0325148033470569,3.051112,3.25148,"Success"
784,"colorectum","Poisson",16,0.03089659975448,3.08966,9.28675482258269e-06,0.00304741773024026,0.304742,0.0249236610032091,0.0368695385057509,2.492366,3.686954,"Success"
400,"colorectum","Poisson",16,0.0308037416979775,3.080374,2.17994936253859e-06,0.00147646515791555,0.147647,0.027909869988463,0.033697613407492,2.790987,3.369761,"Success"
422,"colorectum","Poisson",16,0.0302272827220324,3.022728,1.53082394679792e-06,0.00123726470360951,0.123726,0.0278022439029578,0.0326523215411071,2.780224,3.265232,"Success"
462,"colorectum","Poisson",16,0.0296133898660944,2.961339,4.66422380042594e-05,0.00682951228158054,0.682951,0.0162275457941965,0.0429992339379923,1.622755,4.299923,"Success"
704,"colorectum","Poisson",16,0.0293730190945444,2.937302,9.23985969196293e-08,0.000303971375164882,0.030397,0.0287772351992213,0.0299688029898676,2.877724,2.99688,"Success"
31,"colorectum","Poisson",16,0.029197114127691,2.919711,1.13828927408924e-06,0.00106690640362182,0.106691,0.0271059775765922,0.0312882506787897,2.710598,3.128825,"Success"
760,"colorectum","Poisson",16,0.0291905875919211,2.919059,1.10978464520353e-06,0.00105346316746411,0.105346,0.0271257997836914,0.0312553754001508,2.71258,3.125538,"Success"
634,"colorectum","Poisson",16,0.0289550796425237,2.895508,3.31142182374145e-05,0.00575449548070154,0.57545,0.0176762685003487,0.0402338907846987,1.767627,4.023389,"Success"
414,"colorectum","Poisson",16,0.0282024052072177,2.820241,5.44148463503766e-06,0.00233269900223704,0.23327,0.0236303151628331,0.0327744952516023,2.363032,3.27745,"Success"
222,"colorectum","Poisson",16,0.0271781097894803,2.717811,1.75704166066547e-06,0.00132553448113034,0.132553,0.0245800622064648,0.0297761573724957,2.458006,2.977616,"Success"
504,"colorectum","Poisson",16,0.02700929738372,2.70093,3.09306627773675e-07,0.000556153421075224,0.055615,0.0259192366784126,0.0280993580890275,2.591924,2.809936,"Success"
418,"colorectum","Poisson",16,0.0264600234575157,2.646002,1.86066531732551e-06,0.00136406206505624,0.136406,0.0237864618100055,0.029133585105026,2.378646,2.913359,"Success"
788,"colorectum","Poisson",16,0.0261017214269899,2.610172,7.2429616318713e-07,0.000851055910729213,0.085106,0.0244336518419607,0.0277697910120192,2.443365,2.776979,"Success"
364,"colorectum","Poisson",16,0.0260850064170581,2.608501,1.21000438379369e-07,0.000347851172743989,0.034785,0.0254032181184799,0.0267667947156363,2.540322,2.676679,"Success"
512,"colorectum","Poisson",16,0.0258994430410509,2.589944,5.73920361143993e-06,0.00239566350129561,0.239566,0.0212039425785115,0.0305949435035903,2.120394,3.059494,"Success"
484,"colorectum","Poisson",16,0.0251304178176006,2.513042,7.37882346906913e-08,0.000271639898929983,0.027164,0.0245980036156979,0.0256628320195034,2.4598,2.566283,"Success"
116,"colorectum","Poisson",16,0.0247377997744736,2.47378,8.26595503757256e-07,0.000909172977907536,0.090917,0.0229558207377748,0.0265197788111723,2.295582,2.651978,"Success"
598,"colorectum","Poisson",16,0.024687424248681,2.468742,2.3943899134757e-06,0.00154738163149099,0.154738,0.0216545562509587,0.0277202922464033,2.165456,2.772029,"Success"
242,"colorectum","Poisson",16,0.0237658956697279,2.37659,1.36955248511658e-05,0.00370074652619789,0.370075,0.01651243247838,0.0310193588610757,1.651243,3.101936,"Success"
360,"colorectum","Poisson",16,0.0236290096785306,2.362901,3.26273726878163e-08,0.000180630486595747,0.018063,0.023274973924803,0.0239830454322583,2.327497,2.398305,"Success"
710,"colorectum","Poisson",16,0.0234484207595236,2.344842,1.27756385299237e-07,0.000357430252355948,0.035743,0.022747857464906,0.0241489840541413,2.274786,2.414898,"Success"
8,"colorectum","Poisson",16,0.0222952407200653,2.229524,1.3191105364469e-06,0.00114852537475099,0.114853,0.0200441309855533,0.0245463504545772,2.004413,2.454635,"Success"
340,"colorectum","Poisson",16,0.0216666937552715,2.166669,2.24260102663268e-06,0.00149753164461813,0.149753,0.0187315317318199,0.024601855778723,1.873153,2.460186,"Success"
320,"colorectum","Poisson",16,0.0216259369775381,2.162594,9.79004547900568e-07,0.000989446586683975,0.098945,0.0196866216676375,0.0235652522874387,1.968662,2.356525,"Success"
104,"colorectum","Poisson",16,0.0197514095397264,1.975141,1.50546260629263e-07,0.000388002913171104,0.0388,0.018990923829911,0.0205118952495417,1.899092,2.05119,"Success"
84,"colorectum","Poisson",16,0.0188827128179747,1.888271,3.26461631272359e-05,0.00571368209889524,0.571368,0.00768389590414005,0.0300815297318094,0.76839,3.008153,"Success"
404,"colorectum","Poisson",16,0.0178456466023212,1.784565,1.90368136415879e-07,0.000436311971433147,0.043631,0.0169904751383122,0.0187008180663301,1.699048,1.870082,"Success"
144,"colorectum","Poisson",16,0.0172570654463814,1.725707,2.02199025813553e-07,0.00044966545988496,0.044967,0.0163757211450069,0.0181384097477559,1.637572,1.813841,"Success"
417,"colorectum","Poisson",16,0.0168120493125417,1.681205,1.27918942870147e-06,0.00113101256787954,0.113101,0.0145952646794978,0.0190288339455856,1.459526,1.902883,"Success"
626,"colorectum","Poisson",16,0.0161097704050596,1.610977,7.39131810079571e-06,0.00271869786861205,0.27187,0.0107811225825799,0.0214384182275392,1.078112,2.143842,"Success"
368,"colorectum","Poisson",16,0.0159932591389479,1.599326,3.08202043128297e-07,0.000555159475401706,0.055516,0.0149051465671606,0.0170813717107353,1.490515,1.708137,"Success"
716,"colorectum","Poisson",16,0.0159895994731166,1.59896,6.47382686638022e-07,0.000804600948693215,0.08046,0.0144125816136779,0.0175666173325553,1.441258,1.756662,"Success"
706,"colorectum","Poisson",16,0.0153338761938298,1.533388,8.7775854875836e-07,0.000936887692713678,0.093689,0.013497576316111,0.0171701760715486,1.349758,1.717018,"Success"
496,"colorectum","Poisson",16,0.015333193417938,1.533319,2.22844309391941e-06,0.00149279707057571,0.14928,0.0124073111596096,0.0182590756762663,1.240731,1.825908,"Success"
68,"colorectum","Poisson",16,0.0152015675367209,1.520157,5.5316958511438e-07,0.00074375371267267,0.074375,0.0137438102598825,0.0166593248135594,1.374381,1.665932,"Success"
204,"colorectum","Poisson",16,0.0148445810362864,1.484458,1.11247445499835e-06,0.00105473904592479,0.105474,0.0127772925062738,0.016911869566299,1.277729,1.691187,"Success"
860,"colorectum","Poisson",16,0.0146261497447694,1.462615,1.41782973822941e-07,0.000376540799679053,0.037654,0.0138881297773985,0.0153641697121404,1.388813,1.536417,"Success"
231,"colorectum","Poisson",16,0.0144056494357608,1.440565,8.36751663780681e-08,0.00028926660086859,0.028927,0.0138386868980584,0.0149726119734632,1.383869,1.497261,"Success"
466,"colorectum","Poisson",16,0.0136037120630634,1.360371,5.78783018947516e-07,0.000760777903824444,0.076078,0.0121125873715675,0.0150948367545594,1.211259,1.509484,"Success"
887,"colorectum","Poisson",16,0.013423233988196,1.342323,2.75338507558884e-07,0.000524727079117215,0.052473,0.0123947689131263,0.0144516990632658,1.239477,1.44517,"Success"
516,"colorectum","Poisson",16,0.0129793706820618,1.297937,2.3024823332165e-06,0.0015173932691351,0.151739,0.0100052798745571,0.0159534614895666,1.000528,1.595346,"Success"
232,"colorectum","Poisson",16,0.012878938104892,1.287894,2.22416502998112e-06,0.00149136348016877,0.149136,0.00995586568376118,0.0158020105260228,0.995587,1.580201,"Success"
426,"colorectum","Poisson",16,0.0128067955885054,1.28068,2.73546659578083e-06,0.00165392460401943,0.165392,0.00956510336462733,0.0160484878123835,0.95651,1.604849,"Success"
729,"colorectum","Poisson",16,0.0127300770810273,1.273008,2.75299024426331e-07,0.000524689455226928,0.052469,0.0117016857487825,0.0137584684132721,1.170169,1.375847,"Success"
800,"colorectum","Poisson",16,0.0124874622038702,1.248746,2.32901990462195e-07,0.000482599202716079,0.04826,0.0115415677665467,0.0134333566411937,1.154157,1.343336,"Success"
768,"colorectum","Poisson",16,0.0122585803282192,1.225858,1.46875439101629e-06,0.00121192177594773,0.121192,0.00988321364736168,0.0146339470090768,0.988321,1.463395,"Success"
762,"colorectum","Poisson",16,0.0118753657339808,1.187537,1.04385443996921e-06,0.0010216919496449,0.102169,0.00987284951267674,0.0138778819552848,0.987285,1.387788,"Success"
795,"colorectum","Poisson",16,0.0116195300063445,1.161953,1.04641829417417e-06,0.00102294589014971,0.102295,0.0096145560616511,0.0136245039510379,0.961456,1.36245,"Success"
450,"colorectum","Poisson",16,0.0115689608123612,1.156896,3.65332263889222e-07,0.000604427219679278,0.060443,0.0103842834617899,0.0127536381629326,1.038428,1.275364,"Success"
108,"colorectum","Poisson",16,0.0115528027858437,1.15528,1.0494618479029e-06,0.00102443245160572,0.102443,0.0095449151806965,0.0135606903909909,0.954492,1.356069,"Success"
728,"colorectum","Poisson",16,0.0114435489929209,1.144355,1.28452999478226e-06,0.00113337107550098,0.113337,0.00922214168493897,0.0136649563009028,0.922214,1.366496,"Success"
834,"colorectum","Poisson",16,0.0113691136139964,1.136911,1.38846499158607e-07,0.000372621120118824,0.037262,0.0106387762185635,0.0120994510094293,1.063878,1.209945,"Success"
478,"colorectum","Poisson",16,0.0111340084280186,1.113401,1.37249942773664e-06,0.00117153720714992,0.117154,0.00883779550200479,0.0134302213540325,0.88378,1.343022,"Success"
4,"colorectum","Poisson",16,0.011025844896307,1.102584,2.95434364141064e-07,0.000543538742079223,0.054354,0.00996050896183174,0.0120911808307823,0.996051,1.209118,"Success"
384,"colorectum","Poisson",16,0.0107289331788227,1.072893,2.48241604317856e-07,0.000498238501440682,0.049824,0.00975238571599896,0.0117054806416464,0.975239,1.170548,"Success"
566,"colorectum","Poisson",16,0.0106000201749954,1.060002,2.88380832308086e-08,0.00016981779421135,0.016982,0.0102671772983411,0.0109328630516496,1.026718,1.093286,"Success"
818,"colorectum","Poisson",16,0.0102265192557186,1.022652,5.04026866862184e-08,0.000224505426852489,0.022451,0.00978648861908767,0.0106665498923494,0.978649,1.066655,"Success"
548,"colorectum","Poisson",16,0.00999474782018072,0.999475,9.9441771134859e-06,0.00315343893447866,0.315344,0.00381400750860254,0.0161754881317589,0.381401,1.617549,"Success"
180,"colorectum","Poisson",16,0.00993036183907004,0.993036,8.18282563626078e-08,0.000286056386683828,0.028606,0.00936969132116974,0.0104910323569703,0.936969,1.049103,"Success"
586,"colorectum","Poisson",16,0.00982513939867678,0.982514,2.58953411839425e-08,0.000160920294506139,0.016092,0.00950973562144475,0.0101405431759088,0.950974,1.014054,"Success"
686,"colorectum","Poisson",16,0.0095463163683346,0.954632,3.29841588299716e-07,0.000574318368415738,0.057432,0.00842065236623976,0.0106719803704295,0.842065,1.067198,"Success"
356,"colorectum","Poisson",16,0.00950094197540904,0.950094,2.70981470836372e-09,5.20558806319105e-05,0.005206,0.0093989124493705,0.00960297150144759,0.939891,0.960297,"Success"
64,"colorectum","Poisson",16,0.00929961128890559,0.929961,4.44019772036215e-06,0.0021071776670139,0.210718,0.00516954306155835,0.0134296795162528,0.516954,1.342968,"Success"
120,"colorectum","Poisson",16,0.00927916710884492,0.927917,2.02383548863485e-07,0.000449870591240954,0.044987,0.00839742075001266,0.0101609134676772,0.839742,1.016091,"Success"
90,"colorectum","Poisson",16,0.00924754328205514,0.924754,8.08425165541733e-06,0.00284328184593391,0.284328,0.00367471086402468,0.0148203757000856,0.367471,1.482038,"Success"
262,"colorectum","Poisson",16,0.00905577170727863,0.905577,2.37821574298854e-06,0.00154214647261164,0.154215,0.0060331646209598,0.0120783787935974,0.603316,1.207838,"Success"
508,"colorectum","Poisson",16,0.00900902895866427,0.900903,3.8035416373549e-07,0.000616728598117106,0.061673,0.00780024090635474,0.0102178170109738,0.780024,1.021782,"Success"
524,"colorectum","Poisson",16,0.00885409503384258,0.88541,1.4077216057147e-07,0.00037519616278884,0.03752,0.00811871055477645,0.0095894795129087,0.811871,0.958948,"Success"
132,"colorectum","Poisson",16,0.00872939537530671,0.87294,5.16195423223384e-06,0.00227199344898568,0.227199,0.00427628821529477,0.0131825025353186,0.427629,1.31825,"Success"
562,"colorectum","Poisson",16,0.00868224921328518,0.868225,3.15769313450444e-07,0.000561933548963259,0.056193,0.00758085945731719,0.00978363896925317,0.758086,0.978364,"Success"
454,"colorectum","Poisson",16,0.00838036380602265,0.838036,2.8468233845529e-07,0.000533556312356334,0.053356,0.00733459343380424,0.00942613417824107,0.733459,0.942613,"Success"
894,"colorectum","Poisson",16,0.00835136600212818,0.835137,5.00067554739299e-07,0.000707154547987425,0.070715,0.00696534308807282,0.00973738891618353,0.696534,0.973739,"Success"
72,"colorectum","Poisson",16,0.00780799407155033,0.780799,1.17278128712695e-06,0.0010829502699233,0.108295,0.00568541154250066,0.00993057660060001,0.568541,0.993058,"Success"
288,"colorectum","Poisson",16,0.00762875731773414,0.762876,1.37137579099777e-07,0.000370320913667831,0.037032,0.00690292832694519,0.00835458630852309,0.690293,0.835459,"Success"
266,"colorectum","Poisson",16,0.00758129887269709,0.75813,8.20304229191757e-07,0.000905706480705398,0.090571,0.00580611417051451,0.00935648357487967,0.580611,0.935648,"Success"
50,"colorectum","Poisson",16,0.00746509442452937,0.746509,2.79101155032101e-08,0.000167063208107621,0.016706,0.00713765053663844,0.00779253831242031,0.713765,0.779254,"Success"
430,"colorectum","Poisson",16,0.00725188401151398,0.725188,9.2545844462751e-07,0.000962007507573361,0.096201,0.00536634929667019,0.00913741872635776,0.536635,0.913742,"Success"
678,"colorectum","Poisson",16,0.00680183008289192,0.680183,6.37528711225164e-06,0.00252493309064847,0.252493,0.00185296122522091,0.0117506989405629,0.185296,1.17507,"Success"
178,"colorectum","Poisson",16,0.00645056606521534,0.645057,5.69190458178514e-07,0.000754447120863029,0.075445,0.0049718497083238,0.00792928242210688,0.497185,0.792928,"Success"
646,"colorectum","Poisson",16,0.00616181274110171,0.616181,2.68002216076141e-07,0.00051768930457963,0.051769,0.00514714170412563,0.00717648377807778,0.514714,0.717648,"Success"
24,"colorectum","Poisson",16,0.00596834743397235,0.596835,1.54908554963937e-07,0.000393584241254571,0.039358,0.00519692232111339,0.00673977254683131,0.519692,0.673977,"Success"
748,"colorectum","Poisson",16,0.00570635296257404,0.570635,1.46191821063627e-06,0.00120909809802028,0.12091,0.00333652069045429,0.00807618523469379,0.333652,0.807619,"Success"
174,"colorectum","Poisson",16,0.00512648360522276,0.512648,1.68214623718749e-06,0.00129697580439555,0.129698,0.00258441102860748,0.00766855618183804,0.258441,0.766856,"Success"
624,"colorectum","Poisson",16,0.00499821321301368,0.499821,8.50419607024348e-07,0.00092218198151143,0.092218,0.00319073652925128,0.00680568989677608,0.319074,0.680569,"Success"
140,"colorectum","Poisson",16,0.00495234691984047,0.495235,2.96939099132979e-07,0.000544921186166384,0.054492,0.00388430139495436,0.00602039244472658,0.38843,0.602039,"Success"
324,"colorectum","Poisson",16,0.00394034991415505,0.394035,1.67991089193928e-07,0.000409867160423872,0.040987,0.00313701027972426,0.00474368954858584,0.313701,0.474369,"Success"
270,"colorectum","Poisson",16,0.00344891694328699,0.344892,6.48538813709503e-07,0.000805319075714404,0.080532,0.00187049155488675,0.00502734233168722,0.187049,0.502734,"Success"
226,"colorectum","Poisson",16,0.00337470723583185,0.337471,3.02239036286695e-07,0.000549762709072464,0.054976,0.00229717232604982,0.00445224214561388,0.229717,0.445224,"Success"
854,"colorectum","Poisson",16,0.00324660081928241,0.32466,3.51473485539259e-08,0.000187476261307734,0.018748,0.00287914734711925,0.00361405429144557,0.287915,0.361405,"Success"
148,"colorectum","Poisson",16,0.00275938826762365,0.275939,7.89985944668146e-08,0.000281066886108653,0.028107,0.00220849717085069,0.00331027936439661,0.22085,0.331028,"Success"
694,"colorectum","Poisson",16,0.000522539771931703,0.052254,1.02522670700955e-07,0.000320191615600651,0.032019,0,0.00115011533850898,0,0.115012,"Success"
