"ISOcode","AgeStart","AgeEnd","Di"
4,0,4,0
4,5,9,0
4,10,14,8
4,15,19,6
4,20,24,9
4,25,29,21
4,30,34,26
4,35,39,44
4,40,44,64
4,45,49,82
4,50,54,96
4,55,59,101
4,60,64,92
4,65,69,72
4,70,74,50
4,75,79,29
4,80,84,12
4,85,999,5
8,0,4,0
8,5,9,0
8,10,14,0
8,15,19,0
8,20,24,0
8,25,29,0
8,30,34,0
8,35,39,0
8,40,44,0
8,45,49,1
8,50,54,2
8,55,59,5
8,60,64,6
8,65,69,7
8,70,74,8
8,75,79,6
8,80,84,5
8,85,999,4
12,0,4,0
12,5,9,0
12,10,14,0
12,15,19,0
12,20,24,0
12,25,29,2
12,30,34,2
12,35,39,6
12,40,44,8
12,45,49,6
12,50,54,12
12,55,59,15
12,60,64,19
12,65,69,18
12,70,74,18
12,75,79,16
12,80,84,15
12,85,999,9
24,0,4,0
24,5,9,0
24,10,14,16
24,15,19,0
24,20,24,8
24,25,29,8
24,30,34,1
24,35,39,4
24,40,44,10
24,45,49,22
24,50,54,47
24,55,59,76
24,60,64,34
24,65,69,44
24,70,74,23
24,75,79,7
24,80,84,14
24,85,999,2
31,0,4,0
31,5,9,0
31,10,14,0
31,15,19,0
31,20,24,0
31,25,29,1
31,30,34,0
31,35,39,3
31,40,44,4
31,45,49,3
31,50,54,4
31,55,59,4
31,60,64,8
31,65,69,15
31,70,74,14
31,75,79,10
31,80,84,13
31,85,999,13
32,0,4,0
32,5,9,0
32,10,14,1
32,15,19,0
32,20,24,1
32,25,29,2
32,30,34,4
32,35,39,7
32,40,44,12
32,45,49,25
32,50,54,40
32,55,59,58
32,60,64,78
32,65,69,87
32,70,74,82
32,75,79,64
32,80,84,57
32,85,999,66
36,0,4,0
36,5,9,0
36,10,14,0
36,15,19,0
36,20,24,0
36,25,29,0
36,30,34,2
36,35,39,3
36,40,44,3
36,45,49,9
36,50,54,25
36,55,59,38
36,60,64,57
36,65,69,57
36,70,74,56
36,75,79,57
36,80,84,51
36,85,999,71
40,0,4,0
40,5,9,0
40,10,14,0
40,15,19,0
40,20,24,0
40,25,29,0
40,30,34,0
40,35,39,1
40,40,44,4
40,45,49,11
40,50,54,23
40,55,59,34
40,60,64,35
40,65,69,31
40,70,74,31
40,75,79,28
40,80,84,28
40,85,999,23
44,0,4,0
44,5,9,0
44,10,14,0
44,15,19,0
44,20,24,0
44,25,29,0
44,30,34,0
44,35,39,0
44,40,44,0
44,45,49,0
44,50,54,1
44,55,59,1
44,60,64,2
44,65,69,1
44,70,74,0
44,75,79,0
44,80,84,0
44,85,999,0
48,0,4,0
48,5,9,0
48,10,14,0
48,15,19,0
48,20,24,0
48,25,29,0
48,30,34,0
48,35,39,0
48,40,44,0
48,45,49,1
48,50,54,0
48,55,59,2
48,60,64,3
48,65,69,2
48,70,74,0
48,75,79,0
48,80,84,0
48,85,999,0
50,0,4,0
50,5,9,0
50,10,14,3
50,15,19,4
50,20,24,12
50,25,29,15
50,30,34,127
50,35,39,379
50,40,44,703
50,45,49,1012
50,50,54,1341
50,55,59,1553
50,60,64,1380
50,65,69,971
50,70,74,761
50,75,79,605
50,80,84,355
50,85,999,226
51,0,4,0
51,5,9,0
51,10,14,0
51,15,19,0
51,20,24,0
51,25,29,0
51,30,34,0
51,35,39,0
51,40,44,0
51,45,49,1
51,50,54,3
51,55,59,3
51,60,64,7
51,65,69,5
51,70,74,4
51,75,79,2
51,80,84,3
51,85,999,4
52,0,4,0
52,5,9,0
52,10,14,0
52,15,19,0
52,20,24,0
52,25,29,0
52,30,34,0
52,35,39,0
52,40,44,0
52,45,49,0
52,50,54,0
52,55,59,2
52,60,64,1
52,65,69,0
52,70,74,0
52,75,79,2
52,80,84,1
52,85,999,2
56,0,4,0
56,5,9,0
56,10,14,0
56,15,19,0
56,20,24,0
56,25,29,0
56,30,34,0
56,35,39,1
56,40,44,2
56,45,49,7
56,50,54,16
56,55,59,29
56,60,64,36
56,65,69,37
56,70,74,36
56,75,79,30
56,80,84,24
56,85,999,30
64,0,4,0
64,5,9,0
64,10,14,0
64,15,19,0
64,20,24,0
64,25,29,0
64,30,34,0
64,35,39,0
64,40,44,0
64,45,49,1
64,50,54,2
64,55,59,3
64,60,64,1
64,65,69,3
64,70,74,2
64,75,79,1
64,80,84,0
64,85,999,0
68,0,4,0
68,5,9,0
68,10,14,0
68,15,19,0
68,20,24,4
68,25,29,0
68,30,34,0
68,35,39,0
68,40,44,0
68,45,49,3
68,50,54,0
68,55,59,0
68,60,64,3
68,65,69,0
68,70,74,17
68,75,79,0
68,80,84,5
68,85,999,0
70,0,4,0
70,5,9,0
70,10,14,0
70,15,19,0
70,20,24,0
70,25,29,0
70,30,34,0
70,35,39,0
70,40,44,1
70,45,49,3
70,50,54,5
70,55,59,9
70,60,64,10
70,65,69,11
70,70,74,9
70,75,79,6
70,80,84,5
70,85,999,4
72,0,4,0
72,5,9,0
72,10,14,0
72,15,19,0
72,20,24,0
72,25,29,0
72,30,34,0
72,35,39,1
72,40,44,1
72,45,49,4
72,50,54,4
72,55,59,3
72,60,64,3
72,65,69,5
72,70,74,4
72,75,79,3
72,80,84,3
72,85,999,1
76,0,4,0
76,5,9,0
76,10,14,1
76,15,19,0
76,20,24,8
76,25,29,14
76,30,34,21
76,35,39,23
76,40,44,163
76,45,49,300
76,50,54,486
76,55,59,673
76,60,64,709
76,65,69,632
76,70,74,504
76,75,79,387
76,80,84,342
76,85,999,437
84,0,4,0
84,5,9,0
84,10,14,0
84,15,19,0
84,20,24,0
84,25,29,0
84,30,34,0
84,35,39,0
84,40,44,0
84,45,49,0
84,50,54,0
84,55,59,0
84,60,64,0
84,65,69,0
84,70,74,0
84,75,79,0
84,80,84,0
84,85,999,0
90,0,4,0
90,5,9,0
90,10,14,0
90,15,19,0
90,20,24,0
90,25,29,0
90,30,34,0
90,35,39,0
90,40,44,1
90,45,49,2
90,50,54,1
90,55,59,2
90,60,64,1
90,65,69,1
90,70,74,0
90,75,79,1
90,80,84,0
90,85,999,0
96,0,4,0
96,5,9,0
96,10,14,0
96,15,19,0
96,20,24,0
96,25,29,0
96,30,34,0
96,35,39,0
96,40,44,0
96,45,49,0
96,50,54,0
96,55,59,0
96,60,64,0
96,65,69,0
96,70,74,0
96,75,79,0
96,80,84,0
96,85,999,0
100,0,4,0
100,5,9,0
100,10,14,0
100,15,19,0
100,20,24,0
100,25,29,0
100,30,34,0
100,35,39,3
100,40,44,7
100,45,49,15
100,50,54,21
100,55,59,24
100,60,64,26
100,65,69,26
100,70,74,24
100,75,79,15
100,80,84,9
100,85,999,7
104,0,4,0
104,5,9,0
104,10,14,0
104,15,19,5
104,20,24,7
104,25,29,6
104,30,34,5
104,35,39,50
104,40,44,101
104,45,49,143
104,50,54,169
104,55,59,168
104,60,64,172
104,65,69,187
104,70,74,170
104,75,79,125
104,80,84,86
104,85,999,58
108,0,4,0
108,5,9,0
108,10,14,2
108,15,19,0
108,20,24,0
108,25,29,1
108,30,34,0
108,35,39,4
108,40,44,3
108,45,49,4
108,50,54,4
108,55,59,6
108,60,64,8
108,65,69,13
108,70,74,11
108,75,79,9
108,80,84,6
108,85,999,3
112,0,4,0
112,5,9,0
112,10,14,0
112,15,19,0
112,20,24,0
112,25,29,0
112,30,34,2
112,35,39,12
112,40,44,30
112,45,49,44
112,50,54,66
112,55,59,80
112,60,64,97
112,65,69,84
112,70,74,52
112,75,79,21
112,80,84,14
112,85,999,12
116,0,4,0
116,5,9,0
116,10,14,0
116,15,19,0
116,20,24,0
116,25,29,3
116,30,34,1
116,35,39,7
116,40,44,12
116,45,49,15
116,50,54,27
116,55,59,33
116,60,64,35
116,65,69,42
116,70,74,50
116,75,79,46
116,80,84,36
116,85,999,28
120,0,4,0
120,5,9,0
120,10,14,1
120,15,19,1
120,20,24,1
120,25,29,0
120,30,34,1
120,35,39,5
120,40,44,9
120,45,49,11
120,50,54,17
120,55,59,20
120,60,64,23
120,65,69,22
120,70,74,21
120,75,79,15
120,80,84,9
120,85,999,4
124,0,4,0
124,5,9,0
124,10,14,0
124,15,19,0
124,20,24,1
124,25,29,3
124,30,34,4
124,35,39,5
124,40,44,8
124,45,49,16
124,50,54,31
124,55,59,55
124,60,64,82
124,65,69,91
124,70,74,96
124,75,79,83
124,80,84,94
124,85,999,172
132,0,4,0
132,5,9,0
132,10,14,0
132,15,19,0
132,20,24,0
132,25,29,0
132,30,34,0
132,35,39,0
132,40,44,1
132,45,49,2
132,50,54,1
132,55,59,1
132,60,64,0
132,65,69,1
132,70,74,0
132,75,79,1
132,80,84,1
132,85,999,1
140,0,4,0
140,5,9,0
140,10,14,0
140,15,19,1
140,20,24,2
140,25,29,1
140,30,34,1
140,35,39,1
140,40,44,2
140,45,49,4
140,50,54,3
140,55,59,2
140,60,64,4
140,65,69,3
140,70,74,2
140,75,79,1
140,80,84,1
140,85,999,0
144,0,4,0
144,5,9,0
144,10,14,0
144,15,19,0
144,20,24,6
144,25,29,2
144,30,34,3
144,35,39,16
144,40,44,43
144,45,49,76
144,50,54,116
144,55,59,163
144,60,64,196
144,65,69,195
144,70,74,173
144,75,79,117
144,80,84,55
144,85,999,37
148,0,4,0
148,5,9,0
148,10,14,9
148,15,19,16
148,20,24,8
148,25,29,0
148,30,34,0
148,35,39,0
148,40,44,8
148,45,49,29
148,50,54,0
148,55,59,0
148,60,64,8
148,65,69,14
148,70,74,13
148,75,79,8
148,80,84,5
148,85,999,0
152,0,4,0
152,5,9,0
152,10,14,0
152,15,19,0
152,20,24,0
152,25,29,0
152,30,34,1
152,35,39,1
152,40,44,2
152,45,49,4
152,50,54,9
152,55,59,14
152,60,64,19
152,65,69,19
152,70,74,18
152,75,79,18
152,80,84,17
152,85,999,29
156,0,4,0
156,5,9,0
156,10,14,15
156,15,19,4
156,20,24,15
156,25,29,32
156,30,34,138
156,35,39,196
156,40,44,347
156,45,49,685
156,50,54,1822
156,55,59,2050
156,60,64,2026
156,65,69,3183
156,70,74,3030
156,75,79,2610
156,80,84,2211
156,85,999,2467
170,0,4,0
170,5,9,0
170,10,14,1
170,15,19,0
170,20,24,1
170,25,29,3
170,30,34,3
170,35,39,8
170,40,44,11
170,45,49,14
170,50,54,22
170,55,59,37
170,60,64,45
170,65,69,45
170,70,74,49
170,75,79,51
170,80,84,52
170,85,999,71
174,0,4,0
174,5,9,0
174,10,14,0
174,15,19,0
174,20,24,0
174,25,29,0
174,30,34,0
174,35,39,0
174,40,44,0
174,45,49,0
174,50,54,0
174,55,59,1
174,60,64,1
174,65,69,1
174,70,74,0
174,75,79,0
174,80,84,0
174,85,999,0
178,0,4,0
178,5,9,0
178,10,14,0
178,15,19,0
178,20,24,0
178,25,29,0
178,30,34,0
178,35,39,0
178,40,44,0
178,45,49,0
178,50,54,0
178,55,59,2
178,60,64,4
178,65,69,3
178,70,74,0
178,75,79,0
178,80,84,0
178,85,999,0
180,0,4,0
180,5,9,0
180,10,14,11
180,15,19,4
180,20,24,5
180,25,29,4
180,30,34,5
180,35,39,10
180,40,44,19
180,45,49,24
180,50,54,29
180,55,59,32
180,60,64,37
180,65,69,45
180,70,74,55
180,75,79,51
180,80,84,33
180,85,999,18
188,0,4,0
188,5,9,0
188,10,14,0
188,15,19,0
188,20,24,1
188,25,29,0
188,30,34,0
188,35,39,3
188,40,44,2
188,45,49,1
188,50,54,1
188,55,59,3
188,60,64,3
188,65,69,6
188,70,74,7
188,75,79,5
188,80,84,3
188,85,999,7
191,0,4,0
191,5,9,0
191,10,14,0
191,15,19,0
191,20,24,0
191,25,29,0
191,30,34,0
191,35,39,1
191,40,44,3
191,45,49,7
191,50,54,11
191,55,59,18
191,60,64,20
191,65,69,22
191,70,74,19
191,75,79,14
191,80,84,14
191,85,999,12
192,0,4,0
192,5,9,0
192,10,14,0
192,15,19,0
192,20,24,0
192,25,29,0
192,30,34,0
192,35,39,0
192,40,44,7
192,45,49,20
192,50,54,45
192,55,59,65
192,60,64,57
192,65,69,51
192,70,74,50
192,75,79,46
192,80,84,39
192,85,999,42
196,0,4,0
196,5,9,0
196,10,14,0
196,15,19,0
196,20,24,0
196,25,29,0
196,30,34,0
196,35,39,0
196,40,44,0
196,45,49,0
196,50,54,1
196,55,59,1
196,60,64,2
196,65,69,1
196,70,74,1
196,75,79,0
196,80,84,1
196,85,999,1
203,0,4,0
203,5,9,0
203,10,14,0
203,15,19,0
203,20,24,0
203,25,29,0
203,30,34,0
203,35,39,1
203,40,44,7
203,45,49,24
203,50,54,34
203,55,59,49
203,60,64,52
203,65,69,62
203,70,74,64
203,75,79,50
203,80,84,31
203,85,999,26
204,0,4,0
204,5,9,0
204,10,14,0
204,15,19,2
204,20,24,0
204,25,29,3
204,30,34,0
204,35,39,1
204,40,44,4
204,45,49,2
204,50,54,3
204,55,59,1
204,60,64,7
204,65,69,3
204,70,74,9
204,75,79,6
204,80,84,2
204,85,999,1
208,0,4,0
208,5,9,0
208,10,14,0
208,15,19,0
208,20,24,0
208,25,29,0
208,30,34,0
208,35,39,0
208,40,44,1
208,45,49,4
208,50,54,8
208,55,59,14
208,60,64,15
208,65,69,16
208,70,74,19
208,75,79,21
208,80,84,14
208,85,999,14
214,0,4,0
214,5,9,0
214,10,14,0
214,15,19,1
214,20,24,0
214,25,29,0
214,30,34,1
214,35,39,1
214,40,44,1
214,45,49,3
214,50,54,4
214,55,59,7
214,60,64,9
214,65,69,7
214,70,74,10
214,75,79,7
214,80,84,6
214,85,999,10
218,0,4,0
218,5,9,0
218,10,14,0
218,15,19,1
218,20,24,0
218,25,29,1
218,30,34,1
218,35,39,2
218,40,44,2
218,45,49,6
218,50,54,8
218,55,59,6
218,60,64,10
218,65,69,12
218,70,74,13
218,75,79,13
218,80,84,12
218,85,999,23
222,0,4,0
222,5,9,0
222,10,14,0
222,15,19,0
222,20,24,0
222,25,29,0
222,30,34,0
222,35,39,2
222,40,44,1
222,45,49,2
222,50,54,2
222,55,59,5
222,60,64,6
222,65,69,4
222,70,74,5
222,75,79,5
222,80,84,9
222,85,999,17
226,0,4,0
226,5,9,0
226,10,14,0
226,15,19,0
226,20,24,0
226,25,29,0
226,30,34,0
226,35,39,0
226,40,44,1
226,45,49,1
226,50,54,1
226,55,59,1
226,60,64,2
226,65,69,2
226,70,74,2
226,75,79,0
226,80,84,0
226,85,999,0
231,0,4,0
231,5,9,0
231,10,14,34
231,15,19,28
231,20,24,17
231,25,29,29
231,30,34,20
231,35,39,48
231,40,44,52
231,45,49,63
231,50,54,75
231,55,59,82
231,60,64,78
231,65,69,77
231,70,74,71
231,75,79,46
231,80,84,19
231,85,999,5
232,0,4,0
232,5,9,0
232,10,14,1
232,15,19,0
232,20,24,0
232,25,29,0
232,30,34,0
232,35,39,0
232,40,44,0
232,45,49,3
232,50,54,4
232,55,59,3
232,60,64,4
232,65,69,3
232,70,74,3
232,75,79,3
232,80,84,1
232,85,999,0
233,0,4,0
233,5,9,0
233,10,14,0
233,15,19,0
233,20,24,0
233,25,29,0
233,30,34,0
233,35,39,0
233,40,44,1
233,45,49,3
233,50,54,4
233,55,59,7
233,60,64,7
233,65,69,6
233,70,74,5
233,75,79,3
233,80,84,3
233,85,999,3
242,0,4,0
242,5,9,0
242,10,14,0
242,15,19,0
242,20,24,0
242,25,29,0
242,30,34,0
242,35,39,0
242,40,44,0
242,45,49,1
242,50,54,2
242,55,59,2
242,60,64,1
242,65,69,1
242,70,74,0
242,75,79,1
242,80,84,0
242,85,999,0
246,0,4,0
246,5,9,0
246,10,14,0
246,15,19,0
246,20,24,0
246,25,29,0
246,30,34,0
246,35,39,0
246,40,44,1
246,45,49,2
246,50,54,4
246,55,59,10
246,60,64,13
246,65,69,17
246,70,74,22
246,75,79,20
246,80,84,17
246,85,999,19
250,0,4,0
250,5,9,0
250,10,14,0
250,15,19,0
250,20,24,0
250,25,29,0
250,30,34,1
250,35,39,2
250,40,44,13
250,45,49,61
250,50,54,124
250,55,59,198
250,60,64,222
250,65,69,238
250,70,74,261
250,75,79,199
250,80,84,157
250,85,999,219
254,0,4,0
254,5,9,0
254,10,14,0
254,15,19,0
254,20,24,0
254,25,29,0
254,30,34,0
254,35,39,0
254,40,44,0
254,45,49,0
254,50,54,0
254,55,59,0
254,60,64,0
254,65,69,1
254,70,74,0
254,75,79,0
254,80,84,0
254,85,999,0
258,0,4,0
258,5,9,0
258,10,14,0
258,15,19,0
258,20,24,0
258,25,29,0
258,30,34,0
258,35,39,0
258,40,44,0
258,45,49,0
258,50,54,2
258,55,59,1
258,60,64,1
258,65,69,1
258,70,74,0
258,75,79,2
258,80,84,0
258,85,999,0
262,0,4,0
262,5,9,0
262,10,14,0
262,15,19,0
262,20,24,0
262,25,29,0
262,30,34,0
262,35,39,0
262,40,44,0
262,45,49,0
262,50,54,2
262,55,59,2
262,60,64,2
262,65,69,1
262,70,74,2
262,75,79,0
262,80,84,0
262,85,999,0
266,0,4,0
266,5,9,0
266,10,14,0
266,15,19,0
266,20,24,0
266,25,29,0
266,30,34,0
266,35,39,1
266,40,44,1
266,45,49,2
266,50,54,2
266,55,59,3
266,60,64,5
266,65,69,3
266,70,74,2
266,75,79,2
266,80,84,1
266,85,999,1
268,0,4,0
268,5,9,0
268,10,14,0
268,15,19,0
268,20,24,0
268,25,29,0
268,30,34,0
268,35,39,0
268,40,44,2
268,45,49,6
268,50,54,9
268,55,59,15
268,60,64,17
268,65,69,18
268,70,74,13
268,75,79,10
268,80,84,7
268,85,999,10
270,0,4,0
270,5,9,0
270,10,14,0
270,15,19,0
270,20,24,0
270,25,29,0
270,30,34,1
270,35,39,0
270,40,44,1
270,45,49,1
270,50,54,0
270,55,59,1
270,60,64,1
270,65,69,0
270,70,74,0
270,75,79,0
270,80,84,0
270,85,999,0
275,0,4,0
275,5,9,0
275,10,14,0
275,15,19,0
275,20,24,0
275,25,29,0
275,30,34,1
275,35,39,0
275,40,44,1
275,45,49,1
275,50,54,2
275,55,59,4
275,60,64,3
275,65,69,2
275,70,74,4
275,75,79,2
275,80,84,2
275,85,999,0
276,0,4,0
276,5,9,0
276,10,14,0
276,15,19,0
276,20,24,0
276,25,29,0
276,30,34,1
276,35,39,0
276,40,44,10
276,45,49,52
276,50,54,139
276,55,59,272
276,60,64,312
276,65,69,314
276,70,74,311
276,75,79,273
276,80,84,333
276,85,999,278
288,0,4,0
288,5,9,0
288,10,14,0
288,15,19,0
288,20,24,0
288,25,29,0
288,30,34,8
288,35,39,5
288,40,44,13
288,45,49,7
288,50,54,21
288,55,59,24
288,60,64,17
288,65,69,12
288,70,74,12
288,75,79,11
288,80,84,6
288,85,999,3
300,0,4,0
300,5,9,0
300,10,14,0
300,15,19,0
300,20,24,0
300,25,29,0
300,30,34,0
300,35,39,2
300,40,44,5
300,45,49,10
300,50,54,15
300,55,59,19
300,60,64,18
300,65,69,22
300,70,74,30
300,75,79,34
300,80,84,39
300,85,999,56
312,0,4,0
312,5,9,0
312,10,14,0
312,15,19,0
312,20,24,0
312,25,29,0
312,30,34,0
312,35,39,0
312,40,44,0
312,45,49,1
312,50,54,1
312,55,59,1
312,60,64,1
312,65,69,1
312,70,74,1
312,75,79,1
312,80,84,1
312,85,999,1
316,0,4,0
316,5,9,0
316,10,14,0
316,15,19,0
316,20,24,0
316,25,29,0
316,30,34,0
316,35,39,0
316,40,44,0
316,45,49,0
316,50,54,0
316,55,59,0
316,60,64,0
316,65,69,0
316,70,74,0
316,75,79,0
316,80,84,0
316,85,999,1
320,0,4,0
320,5,9,0
320,10,14,0
320,15,19,0
320,20,24,0
320,25,29,0
320,30,34,1
320,35,39,5
320,40,44,1
320,45,49,5
320,50,54,3
320,55,59,6
320,60,64,6
320,65,69,8
320,70,74,5
320,75,79,6
320,80,84,10
320,85,999,18
324,0,4,0
324,5,9,0
324,10,14,0
324,15,19,0
324,20,24,1
324,25,29,2
324,30,34,3
324,35,39,4
324,40,44,5
324,45,49,4
324,50,54,0
324,55,59,6
324,60,64,6
324,65,69,0
324,70,74,6
324,75,79,6
324,80,84,3
324,85,999,1
328,0,4,0
328,5,9,0
328,10,14,0
328,15,19,0
328,20,24,0
328,25,29,0
328,30,34,0
328,35,39,0
328,40,44,0
328,45,49,0
328,50,54,1
328,55,59,0
328,60,64,3
328,65,69,1
328,70,74,1
328,75,79,0
328,80,84,2
328,85,999,0
332,0,4,0
332,5,9,0
332,10,14,2
332,15,19,0
332,20,24,0
332,25,29,2
332,30,34,1
332,35,39,3
332,40,44,3
332,45,49,3
332,50,54,5
332,55,59,7
332,60,64,4
332,65,69,4
332,70,74,3
332,75,79,13
332,80,84,7
332,85,999,12
340,0,4,0
340,5,9,0
340,10,14,0
340,15,19,0
340,20,24,0
340,25,29,0
340,30,34,9
340,35,39,0
340,40,44,0
340,45,49,5
340,50,54,10
340,55,59,0
340,60,64,6
340,65,69,0
340,70,74,0
340,75,79,0
340,80,84,0
340,85,999,0
348,0,4,0
348,5,9,0
348,10,14,0
348,15,19,0
348,20,24,0
348,25,29,0
348,30,34,0
348,35,39,2
348,40,44,12
348,45,49,41
348,50,54,61
348,55,59,70
348,60,64,81
348,65,69,95
348,70,74,73
348,75,79,48
348,80,84,27
348,85,999,18
352,0,4,0
352,5,9,0
352,10,14,0
352,15,19,0
352,20,24,0
352,25,29,0
352,30,34,0
352,35,39,0
352,40,44,0
352,45,49,1
352,50,54,0
352,55,59,1
352,60,64,0
352,65,69,0
352,70,74,1
352,75,79,1
352,80,84,0
352,85,999,1
356,0,4,0
356,5,9,0
356,10,14,67
356,15,19,80
356,20,24,367
356,25,29,1013
356,30,34,2321
356,35,39,4120
356,40,44,6197
356,45,49,8210
356,50,54,10397
356,55,59,11801
356,60,64,11801
356,65,69,10092
356,70,74,6785
356,75,79,3792
356,80,84,1932
356,85,999,1004
360,0,4,0
360,5,9,0
360,10,14,17
360,15,19,4
360,20,24,13
360,25,29,11
360,30,34,10
360,35,39,68
360,40,44,136
360,45,49,220
360,50,54,300
360,55,59,367
360,60,64,450
360,65,69,483
360,70,74,496
360,75,79,454
360,80,84,321
360,85,999,196
364,0,4,0
364,5,9,0
364,10,14,2
364,15,19,2
364,20,24,2
364,25,29,4
364,30,34,8
364,35,39,17
364,40,44,22
364,45,49,24
364,50,54,27
364,55,59,28
364,60,64,42
364,65,69,50
364,70,74,48
364,75,79,46
364,80,84,57
364,85,999,68
368,0,4,0
368,5,9,0
368,10,14,0
368,15,19,1
368,20,24,0
368,25,29,8
368,30,34,2
368,35,39,12
368,40,44,11
368,45,49,8
368,50,54,18
368,55,59,23
368,60,64,23
368,65,69,23
368,70,74,17
368,75,79,11
368,80,84,8
368,85,999,6
372,0,4,0
372,5,9,0
372,10,14,0
372,15,19,0
372,20,24,0
372,25,29,0
372,30,34,0
372,35,39,0
372,40,44,3
372,45,49,4
372,50,54,6
372,55,59,10
372,60,64,12
372,65,69,14
372,70,74,15
372,75,79,13
372,80,84,10
372,85,999,11
376,0,4,0
376,5,9,0
376,10,14,0
376,15,19,0
376,20,24,0
376,25,29,0
376,30,34,1
376,35,39,0
376,40,44,0
376,45,49,1
376,50,54,1
376,55,59,4
376,60,64,8
376,65,69,9
376,70,74,9
376,75,79,8
376,80,84,8
376,85,999,18
380,0,4,0
380,5,9,0
380,10,14,0
380,15,19,0
380,20,24,0
380,25,29,1
380,30,34,3
380,35,39,8
380,40,44,21
380,45,49,50
380,50,54,87
380,55,59,130
380,60,64,144
380,65,69,172
380,70,74,239
380,75,79,264
380,80,84,311
380,85,999,411
384,0,4,0
384,5,9,0
384,10,14,4
384,15,19,0
384,20,24,2
384,25,29,4
384,30,34,2
384,35,39,12
384,40,44,16
384,45,49,17
384,50,54,14
384,55,59,12
384,60,64,10
384,65,69,10
384,70,74,11
384,75,79,10
384,80,84,7
384,85,999,3
388,0,4,0
388,5,9,0
388,10,14,0
388,15,19,0
388,20,24,0
388,25,29,0
388,30,34,0
388,35,39,0
388,40,44,0
388,45,49,0
388,50,54,1
388,55,59,0
388,60,64,1
388,65,69,2
388,70,74,3
388,75,79,3
388,80,84,1
388,85,999,4
392,0,4,0
392,5,9,0
392,10,14,0
392,15,19,0
392,20,24,3
392,25,29,7
392,30,34,10
392,35,39,22
392,40,44,27
392,45,49,56
392,50,54,66
392,55,59,96
392,60,64,153
392,65,69,233
392,70,74,370
392,75,79,500
392,80,84,689
392,85,999,1614
398,0,4,0
398,5,9,0
398,10,14,0
398,15,19,0
398,20,24,0
398,25,29,1
398,30,34,5
398,35,39,5
398,40,44,12
398,45,49,22
398,50,54,34
398,55,59,54
398,60,64,62
398,65,69,51
398,70,74,29
398,75,79,15
398,80,84,15
398,85,999,11
400,0,4,0
400,5,9,0
400,10,14,0
400,15,19,0
400,20,24,0
400,25,29,0
400,30,34,2
400,35,39,3
400,40,44,2
400,45,49,4
400,50,54,6
400,55,59,7
400,60,64,6
400,65,69,5
400,70,74,5
400,75,79,4
400,80,84,2
400,85,999,2
404,0,4,0
404,5,9,0
404,10,14,4
404,15,19,0
404,20,24,3
404,25,29,3
404,30,34,6
404,35,39,14
404,40,44,24
404,45,49,28
404,50,54,45
404,55,59,51
404,60,64,97
404,65,69,45
404,70,74,51
404,75,79,24
404,80,84,27
404,85,999,16
408,0,4,0
408,5,9,0
408,10,14,0
408,15,19,0
408,20,24,0
408,25,29,0
408,30,34,0
408,35,39,1
408,40,44,6
408,45,49,9
408,50,54,24
408,55,59,22
408,60,64,22
408,65,69,14
408,70,74,17
408,75,79,23
408,80,84,24
408,85,999,13
410,0,4,0
410,5,9,0
410,10,14,0
410,15,19,0
410,20,24,1
410,25,29,2
410,30,34,3
410,35,39,8
410,40,44,13
410,45,49,17
410,50,54,36
410,55,59,52
410,60,64,63
410,65,69,61
410,70,74,62
410,75,79,73
410,80,84,88
410,85,999,100
414,0,4,0
414,5,9,0
414,10,14,0
414,15,19,0
414,20,24,0
414,25,29,0
414,30,34,1
414,35,39,0
414,40,44,1
414,45,49,3
414,50,54,4
414,55,59,4
414,60,64,6
414,65,69,2
414,70,74,3
414,75,79,1
414,80,84,1
414,85,999,0
417,0,4,0
417,5,9,0
417,10,14,0
417,15,19,0
417,20,24,0
417,25,29,0
417,30,34,1
417,35,39,1
417,40,44,2
417,45,49,4
417,50,54,6
417,55,59,9
417,60,64,13
417,65,69,10
417,70,74,9
417,75,79,4
417,80,84,4
417,85,999,7
418,0,4,0
418,5,9,0
418,10,14,0
418,15,19,0
418,20,24,0
418,25,29,2
418,30,34,2
418,35,39,6
418,40,44,8
418,45,49,9
418,50,54,11
418,55,59,12
418,60,64,12
418,65,69,12
418,70,74,13
418,75,79,14
418,80,84,12
418,85,999,9
422,0,4,0
422,5,9,0
422,10,14,0
422,15,19,0
422,20,24,0
422,25,29,0
422,30,34,0
422,35,39,1
422,40,44,2
422,45,49,3
422,50,54,3
422,55,59,6
422,60,64,4
422,65,69,5
422,70,74,5
422,75,79,5
422,80,84,3
422,85,999,4
426,0,4,0
426,5,9,0
426,10,14,0
426,15,19,0
426,20,24,0
426,25,29,0
426,30,34,1
426,35,39,0
426,40,44,1
426,45,49,2
426,50,54,2
426,55,59,3
426,60,64,4
426,65,69,4
426,70,74,2
426,75,79,2
426,80,84,0
426,85,999,1
428,0,4,0
428,5,9,0
428,10,14,0
428,15,19,0
428,20,24,0
428,25,29,0
428,30,34,0
428,35,39,1
428,40,44,2
428,45,49,6
428,50,54,9
428,55,59,14
428,60,64,17
428,65,69,15
428,70,74,13
428,75,79,9
428,80,84,8
428,85,999,5
430,0,4,0
430,5,9,0
430,10,14,0
430,15,19,1
430,20,24,0
430,25,29,2
430,30,34,1
430,35,39,2
430,40,44,3
430,45,49,2
430,50,54,2
430,55,59,3
430,60,64,3
430,65,69,2
430,70,74,3
430,75,79,2
430,80,84,1
430,85,999,1
434,0,4,0
434,5,9,0
434,10,14,0
434,15,19,0
434,20,24,0
434,25,29,0
434,30,34,0
434,35,39,0
434,40,44,0
434,45,49,3
434,50,54,6
434,55,59,4
434,60,64,6
434,65,69,3
434,70,74,3
434,75,79,1
434,80,84,3
434,85,999,1
440,0,4,0
440,5,9,0
440,10,14,0
440,15,19,0
440,20,24,0
440,25,29,0
440,30,34,1
440,35,39,2
440,40,44,5
440,45,49,9
440,50,54,17
440,55,59,26
440,60,64,30
440,65,69,23
440,70,74,18
440,75,79,12
440,80,84,8
440,85,999,6
442,0,4,0
442,5,9,0
442,10,14,0
442,15,19,0
442,20,24,0
442,25,29,0
442,30,34,0
442,35,39,0
442,40,44,0
442,45,49,0
442,50,54,0
442,55,59,1
442,60,64,1
442,65,69,0
442,70,74,0
442,75,79,1
442,80,84,0
442,85,999,0
450,0,4,0
450,5,9,0
450,10,14,18
450,15,19,4
450,20,24,2
450,25,29,2
450,30,34,2
450,35,39,6
450,40,44,11
450,45,49,15
450,50,54,15
450,55,59,14
450,60,64,23
450,65,69,33
450,70,74,37
450,75,79,31
450,80,84,24
450,85,999,17
454,0,4,0
454,5,9,0
454,10,14,13
454,15,19,0
454,20,24,5
454,25,29,7
454,30,34,4
454,35,39,9
454,40,44,7
454,45,49,6
454,50,54,16
454,55,59,13
454,60,64,14
454,65,69,6
454,70,74,13
454,75,79,2
454,80,84,2
454,85,999,0
458,0,4,0
458,5,9,0
458,10,14,1
458,15,19,0
458,20,24,2
458,25,29,2
458,30,34,3
458,35,39,8
458,40,44,17
458,45,49,20
458,50,54,27
458,55,59,37
458,60,64,48
458,65,69,55
458,70,74,68
458,75,79,63
458,80,84,47
458,85,999,42
462,0,4,0
462,5,9,0
462,10,14,0
462,15,19,0
462,20,24,0
462,25,29,0
462,30,34,0
462,35,39,0
462,40,44,0
462,45,49,0
462,50,54,0
462,55,59,0
462,60,64,0
462,65,69,0
462,70,74,0
462,75,79,0
462,80,84,0
462,85,999,0
466,0,4,0
466,5,9,0
466,10,14,7
466,15,19,3
466,20,24,6
466,25,29,11
466,30,34,10
466,35,39,9
466,40,44,12
466,45,49,15
466,50,54,18
466,55,59,21
466,60,64,22
466,65,69,20
466,70,74,15
466,75,79,10
466,80,84,5
466,85,999,2
470,0,4,0
470,5,9,0
470,10,14,0
470,15,19,0
470,20,24,0
470,25,29,0
470,30,34,0
470,35,39,0
470,40,44,0
470,45,49,0
470,50,54,0
470,55,59,1
470,60,64,1
470,65,69,1
470,70,74,2
470,75,79,2
470,80,84,4
470,85,999,2
474,0,4,0
474,5,9,0
474,10,14,0
474,15,19,0
474,20,24,0
474,25,29,0
474,30,34,0
474,35,39,0
474,40,44,0
474,45,49,0
474,50,54,0
474,55,59,1
474,60,64,1
474,65,69,1
474,70,74,1
474,75,79,1
474,80,84,1
474,85,999,2
478,0,4,0
478,5,9,0
478,10,14,0
478,15,19,0
478,20,24,0
478,25,29,0
478,30,34,0
478,35,39,0
478,40,44,3
478,45,49,0
478,50,54,5
478,55,59,4
478,60,64,6
478,65,69,4
478,70,74,4
478,75,79,3
478,80,84,2
478,85,999,1
480,0,4,0
480,5,9,0
480,10,14,0
480,15,19,0
480,20,24,0
480,25,29,0
480,30,34,0
480,35,39,0
480,40,44,1
480,45,49,1
480,50,54,3
480,55,59,5
480,60,64,2
480,65,69,7
480,70,74,5
480,75,79,2
480,80,84,2
480,85,999,3
484,0,4,0
484,5,9,0
484,10,14,2
484,15,19,0
484,20,24,3
484,25,29,3
484,30,34,9
484,35,39,9
484,40,44,21
484,45,49,30
484,50,54,46
484,55,59,69
484,60,64,79
484,65,69,85
484,70,74,86
484,75,79,81
484,80,84,66
484,85,999,66
496,0,4,0
496,5,9,0
496,10,14,0
496,15,19,0
496,20,24,0
496,25,29,1
496,30,34,0
496,35,39,0
496,40,44,1
496,45,49,0
496,50,54,2
496,55,59,5
496,60,64,1
496,65,69,6
496,70,74,2
496,75,79,3
496,80,84,3
496,85,999,2
498,0,4,0
498,5,9,0
498,10,14,0
498,15,19,0
498,20,24,0
498,25,29,0
498,30,34,0
498,35,39,3
498,40,44,6
498,45,49,13
498,50,54,19
498,55,59,25
498,60,64,29
498,65,69,25
498,70,74,21
498,75,79,8
498,80,84,6
498,85,999,4
499,0,4,0
499,5,9,0
499,10,14,0
499,15,19,0
499,20,24,0
499,25,29,0
499,30,34,0
499,35,39,0
499,40,44,1
499,45,49,1
499,50,54,0
499,55,59,1
499,60,64,0
499,65,69,3
499,70,74,2
499,75,79,1
499,80,84,1
499,85,999,1
504,0,4,0
504,5,9,0
504,10,14,0
504,15,19,1
504,20,24,0
504,25,29,4
504,30,34,7
504,35,39,3
504,40,44,7
504,45,49,17
504,50,54,28
504,55,59,46
504,60,64,61
504,65,69,59
504,70,74,35
504,75,79,28
504,80,84,43
504,85,999,47
508,0,4,0
508,5,9,0
508,10,14,21
508,15,19,4
508,20,24,0
508,25,29,2
508,30,34,5
508,35,39,9
508,40,44,20
508,45,49,15
508,50,54,13
508,55,59,13
508,60,64,16
508,65,69,15
508,70,74,10
508,75,79,7
508,80,84,4
508,85,999,2
512,0,4,0
512,5,9,0
512,10,14,0
512,15,19,0
512,20,24,0
512,25,29,0
512,30,34,2
512,35,39,1
512,40,44,5
512,45,49,4
512,50,54,5
512,55,59,5
512,60,64,4
512,65,69,2
512,70,74,1
512,75,79,0
512,80,84,2
512,85,999,0
516,0,4,0
516,5,9,0
516,10,14,0
516,15,19,0
516,20,24,0
516,25,29,0
516,30,34,0
516,35,39,0
516,40,44,2
516,45,49,3
516,50,54,4
516,55,59,6
516,60,64,8
516,65,69,8
516,70,74,6
516,75,79,6
516,80,84,6
516,85,999,4
524,0,4,0
524,5,9,0
524,10,14,0
524,15,19,0
524,20,24,4
524,25,29,4
524,30,34,7
524,35,39,11
524,40,44,20
524,45,49,41
524,50,54,61
524,55,59,73
524,60,64,72
524,65,69,72
524,70,74,65
524,75,79,43
524,80,84,17
524,85,999,7
528,0,4,0
528,5,9,0
528,10,14,0
528,15,19,0
528,20,24,0
528,25,29,0
528,30,34,0
528,35,39,0
528,40,44,2
528,45,49,5
528,50,54,13
528,55,59,24
528,60,64,32
528,65,69,40
528,70,74,51
528,75,79,52
528,80,84,44
528,85,999,50
540,0,4,0
540,5,9,0
540,10,14,0
540,15,19,0
540,20,24,0
540,25,29,0
540,30,34,0
540,35,39,0
540,40,44,0
540,45,49,0
540,50,54,0
540,55,59,1
540,60,64,1
540,65,69,0
540,70,74,0
540,75,79,0
540,80,84,1
540,85,999,0
548,0,4,0
548,5,9,0
548,10,14,0
548,15,19,0
548,20,24,0
548,25,29,0
548,30,34,0
548,35,39,0
548,40,44,0
548,45,49,2
548,50,54,2
548,55,59,0
548,60,64,0
548,65,69,0
548,70,74,0
548,75,79,0
548,80,84,0
548,85,999,0
554,0,4,0
554,5,9,0
554,10,14,0
554,15,19,0
554,20,24,0
554,25,29,0
554,30,34,0
554,35,39,0
554,40,44,1
554,45,49,2
554,50,54,4
554,55,59,7
554,60,64,13
554,65,69,12
554,70,74,11
554,75,79,17
554,80,84,16
554,85,999,20
558,0,4,0
558,5,9,0
558,10,14,0
558,15,19,0
558,20,24,0
558,25,29,0
558,30,34,1
558,35,39,1
558,40,44,2
558,45,49,1
558,50,54,4
558,55,59,2
558,60,64,3
558,65,69,4
558,70,74,2
558,75,79,2
558,80,84,1
558,85,999,2
562,0,4,0
562,5,9,0
562,10,14,0
562,15,19,4
562,20,24,4
562,25,29,0
562,30,34,7
562,35,39,7
562,40,44,7
562,45,49,8
562,50,54,10
562,55,59,14
562,60,64,16
562,65,69,18
562,70,74,17
562,75,79,13
562,80,84,7
562,85,999,3
566,0,4,0
566,5,9,0
566,10,14,24
566,15,19,18
566,20,24,22
566,25,29,0
566,30,34,17
566,35,39,21
566,40,44,18
566,45,49,16
566,50,54,57
566,55,59,83
566,60,64,114
566,65,69,156
566,70,74,176
566,75,79,144
566,80,84,70
566,85,999,23
578,0,4,0
578,5,9,0
578,10,14,0
578,15,19,0
578,20,24,0
578,25,29,0
578,30,34,0
578,35,39,0
578,40,44,0
578,45,49,2
578,50,54,3
578,55,59,6
578,60,64,8
578,65,69,12
578,70,74,16
578,75,79,18
578,80,84,15
578,85,999,19
586,0,4,0
586,5,9,0
586,10,14,20
586,15,19,24
586,20,24,93
586,25,29,158
586,30,34,351
586,35,39,657
586,40,44,978
586,45,49,1231
586,50,54,1460
586,55,59,1552
586,60,64,1383
586,65,69,963
586,70,74,631
586,75,79,403
586,80,84,194
586,85,999,83
591,0,4,0
591,5,9,0
591,10,14,0
591,15,19,0
591,20,24,0
591,25,29,0
591,30,34,0
591,35,39,0
591,40,44,0
591,45,49,1
591,50,54,1
591,55,59,2
591,60,64,3
591,65,69,6
591,70,74,2
591,75,79,7
591,80,84,3
591,85,999,6
598,0,4,0
598,5,9,0
598,10,14,0
598,15,19,0
598,20,24,0
598,25,29,0
598,30,34,0
598,35,39,6
598,40,44,10
598,45,49,35
598,50,54,65
598,55,59,55
598,60,64,68
598,65,69,55
598,70,74,43
598,75,79,21
598,80,84,13
598,85,999,1
600,0,4,0
600,5,9,0
600,10,14,0
600,15,19,0
600,20,24,0
600,25,29,0
600,30,34,0
600,35,39,1
600,40,44,2
600,45,49,4
600,50,54,6
600,55,59,8
600,60,64,8
600,65,69,8
600,70,74,4
600,75,79,4
600,80,84,4
600,85,999,4
604,0,4,0
604,5,9,0
604,10,14,0
604,15,19,0
604,20,24,1
604,25,29,3
604,30,34,4
604,35,39,6
604,40,44,8
604,45,49,20
604,50,54,16
604,55,59,17
604,60,64,27
604,65,69,42
604,70,74,43
604,75,79,30
604,80,84,32
604,85,999,45
608,0,4,0
608,5,9,0
608,10,14,0
608,15,19,1
608,20,24,1
608,25,29,3
608,30,34,9
608,35,39,12
608,40,44,32
608,45,49,41
608,50,54,77
608,55,59,111
608,60,64,143
608,65,69,157
608,70,74,154
608,75,79,127
608,80,84,91
608,85,999,73
616,0,4,0
616,5,9,0
616,10,14,0
616,15,19,0
616,20,24,0
616,25,29,0
616,30,34,0
616,35,39,21
616,40,44,56
616,45,49,123
616,50,54,170
616,55,59,234
616,60,64,294
616,65,69,313
616,70,74,280
616,75,79,170
616,80,84,147
616,85,999,160
620,0,4,0
620,5,9,0
620,10,14,0
620,15,19,0
620,20,24,0
620,25,29,0
620,30,34,1
620,35,39,5
620,40,44,14
620,45,49,28
620,50,54,38
620,55,59,46
620,60,64,47
620,65,69,46
620,70,74,51
620,75,79,49
620,80,84,46
620,85,999,57
624,0,4,0
624,5,9,0
624,10,14,0
624,15,19,0
624,20,24,0
624,25,29,0
624,30,34,0
624,35,39,0
624,40,44,0
624,45,49,0
624,50,54,0
624,55,59,2
624,60,64,2
624,65,69,1
624,70,74,2
624,75,79,0
624,80,84,0
624,85,999,0
626,0,4,0
626,5,9,0
626,10,14,0
626,15,19,0
626,20,24,0
626,25,29,0
626,30,34,0
626,35,39,0
626,40,44,0
626,45,49,0
626,50,54,0
626,55,59,1
626,60,64,2
626,65,69,2
626,70,74,2
626,75,79,2
626,80,84,1
626,85,999,0
630,0,4,0
630,5,9,0
630,10,14,0
630,15,19,0
630,20,24,0
630,25,29,0
630,30,34,0
630,35,39,0
630,40,44,0
630,45,49,1
630,50,54,2
630,55,59,3
630,60,64,6
630,65,69,8
630,70,74,6
630,75,79,6
630,80,84,6
630,85,999,9
634,0,4,0
634,5,9,0
634,10,14,0
634,15,19,0
634,20,24,0
634,25,29,0
634,30,34,0
634,35,39,0
634,40,44,2
634,45,49,0
634,50,54,1
634,55,59,2
634,60,64,1
634,65,69,1
634,70,74,2
634,75,79,2
634,80,84,0
634,85,999,0
638,0,4,0
638,5,9,0
638,10,14,0
638,15,19,0
638,20,24,0
638,25,29,0
638,30,34,0
638,35,39,0
638,40,44,1
638,45,49,1
638,50,54,2
638,55,59,4
638,60,64,5
638,65,69,4
638,70,74,2
638,75,79,2
638,80,84,2
638,85,999,2
642,0,4,0
642,5,9,0
642,10,14,0
642,15,19,0
642,20,24,0
642,25,29,0
642,30,34,0
642,35,39,7
642,40,44,29
642,45,49,74
642,50,54,136
642,55,59,111
642,60,64,140
642,65,69,150
642,70,74,121
642,75,79,72
642,80,84,54
642,85,999,42
643,0,4,0
643,5,9,0
643,10,14,3
643,15,19,4
643,20,24,2
643,25,29,11
643,30,34,21
643,35,39,96
643,40,44,220
643,45,49,372
643,50,54,530
643,55,59,780
643,60,64,1083
643,65,69,920
643,70,74,631
643,75,79,256
643,80,84,269
643,85,999,200
646,0,4,0
646,5,9,0
646,10,14,3
646,15,19,1
646,20,24,1
646,25,29,1
646,30,34,1
646,35,39,2
646,40,44,2
646,45,49,2
646,50,54,4
646,55,59,6
646,60,64,9
646,65,69,10
646,70,74,7
646,75,79,4
646,80,84,2
646,85,999,1
662,0,4,0
662,5,9,0
662,10,14,0
662,15,19,0
662,20,24,0
662,25,29,0
662,30,34,0
662,35,39,0
662,40,44,0
662,45,49,0
662,50,54,1
662,55,59,1
662,60,64,0
662,65,69,0
662,70,74,0
662,75,79,0
662,80,84,0
662,85,999,0
678,0,4,0
678,5,9,0
678,10,14,0
678,15,19,0
678,20,24,0
678,25,29,0
678,30,34,0
678,35,39,0
678,40,44,0
678,45,49,0
678,50,54,0
678,55,59,0
678,60,64,0
678,65,69,0
678,70,74,0
678,75,79,0
678,80,84,0
678,85,999,0
682,0,4,0
682,5,9,0
682,10,14,0
682,15,19,2
682,20,24,0
682,25,29,4
682,30,34,5
682,35,39,6
682,40,44,15
682,45,49,16
682,50,54,29
682,55,59,34
682,60,64,33
682,65,69,26
682,70,74,17
682,75,79,10
682,80,84,8
682,85,999,8
686,0,4,0
686,5,9,0
686,10,14,4
686,15,19,0
686,20,24,2
686,25,29,4
686,30,34,4
686,35,39,4
686,40,44,7
686,45,49,9
686,50,54,11
686,55,59,12
686,60,64,12
686,65,69,12
686,70,74,11
686,75,79,10
686,80,84,6
686,85,999,3
688,0,4,0
688,5,9,0
688,10,14,0
688,15,19,0
688,20,24,0
688,25,29,0
688,30,34,0
688,35,39,2
688,40,44,4
688,45,49,12
688,50,54,20
688,55,59,34
688,60,64,43
688,65,69,50
688,70,74,56
688,75,79,43
688,80,84,34
688,85,999,26
694,0,4,0
694,5,9,0
694,10,14,0
694,15,19,0
694,20,24,0
694,25,29,0
694,30,34,0
694,35,39,0
694,40,44,1
694,45,49,0
694,50,54,0
694,55,59,1
694,60,64,0
694,65,69,0
694,70,74,0
694,75,79,0
694,80,84,0
694,85,999,0
702,0,4,0
702,5,9,0
702,10,14,0
702,15,19,0
702,20,24,0
702,25,29,1
702,30,34,0
702,35,39,2
702,40,44,1
702,45,49,2
702,50,54,7
702,55,59,12
702,60,64,15
702,65,69,18
702,70,74,11
702,75,79,8
702,80,84,7
702,85,999,10
703,0,4,0
703,5,9,0
703,10,14,0
703,15,19,0
703,20,24,0
703,25,29,0
703,30,34,0
703,35,39,4
703,40,44,11
703,45,49,24
703,50,54,31
703,55,59,42
703,60,64,46
703,65,69,47
703,70,74,37
703,75,79,21
703,80,84,14
703,85,999,10
704,0,4,0
704,5,9,0
704,10,14,3
704,15,19,4
704,20,24,2
704,25,29,5
704,30,34,2
704,35,39,25
704,40,44,75
704,45,49,117
704,50,54,161
704,55,59,183
704,60,64,187
704,65,69,164
704,70,74,115
704,75,79,79
704,80,84,66
704,85,999,91
705,0,4,0
705,5,9,0
705,10,14,0
705,15,19,0
705,20,24,0
705,25,29,0
705,30,34,0
705,35,39,0
705,40,44,1
705,45,49,1
705,50,54,2
705,55,59,5
705,60,64,6
705,65,69,6
705,70,74,5
705,75,79,3
705,80,84,4
705,85,999,4
706,0,4,0
706,5,9,0
706,10,14,4
706,15,19,3
706,20,24,2
706,25,29,2
706,30,34,3
706,35,39,3
706,40,44,4
706,45,49,11
706,50,54,17
706,55,59,22
706,60,64,23
706,65,69,20
706,70,74,16
706,75,79,10
706,80,84,4
706,85,999,2
710,0,4,0
710,5,9,0
710,10,14,2
710,15,19,1
710,20,24,1
710,25,29,2
710,30,34,3
710,35,39,14
710,40,44,14
710,45,49,40
710,50,54,76
710,55,59,104
710,60,64,121
710,65,69,110
710,70,74,74
710,75,79,41
710,80,84,34
710,85,999,29
716,0,4,0
716,5,9,0
716,10,14,2
716,15,19,0
716,20,24,0
716,25,29,1
716,30,34,1
716,35,39,2
716,40,44,2
716,45,49,4
716,50,54,4
716,55,59,6
716,60,64,9
716,65,69,11
716,70,74,10
716,75,79,7
716,80,84,5
716,85,999,2
724,0,4,0
724,5,9,0
724,10,14,0
724,15,19,0
724,20,24,0
724,25,29,0
724,30,34,1
724,35,39,1
724,40,44,9
724,45,49,39
724,50,54,73
724,55,59,109
724,60,64,130
724,65,69,141
724,70,74,161
724,75,79,169
724,80,84,146
724,85,999,232
728,0,4,0
728,5,9,0
728,10,14,3
728,15,19,2
728,20,24,0
728,25,29,1
728,30,34,3
728,35,39,3
728,40,44,5
728,45,49,7
728,50,54,9
728,55,59,11
728,60,64,12
728,65,69,10
728,70,74,9
728,75,79,7
728,80,84,4
728,85,999,2
729,0,4,0
729,5,9,0
729,10,14,7
729,15,19,2
729,20,24,7
729,25,29,2
729,30,34,12
729,35,39,6
729,40,44,13
729,45,49,41
729,50,54,37
729,55,59,37
729,60,64,20
729,65,69,28
729,70,74,12
729,75,79,15
729,80,84,13
729,85,999,10
740,0,4,0
740,5,9,0
740,10,14,0
740,15,19,0
740,20,24,0
740,25,29,0
740,30,34,0
740,35,39,0
740,40,44,0
740,45,49,1
740,50,54,0
740,55,59,2
740,60,64,1
740,65,69,1
740,70,74,1
740,75,79,1
740,80,84,0
740,85,999,1
748,0,4,0
748,5,9,0
748,10,14,0
748,15,19,0
748,20,24,0
748,25,29,0
748,30,34,0
748,35,39,0
748,40,44,0
748,45,49,0
748,50,54,0
748,55,59,0
748,60,64,1
748,65,69,2
748,70,74,1
748,75,79,0
748,80,84,0
748,85,999,0
752,0,4,0
752,5,9,0
752,10,14,0
752,15,19,0
752,20,24,0
752,25,29,0
752,30,34,0
752,35,39,0
752,40,44,2
752,45,49,3
752,50,54,7
752,55,59,13
752,60,64,19
752,65,69,27
752,70,74,39
752,75,79,49
752,80,84,40
752,85,999,49
756,0,4,0
756,5,9,0
756,10,14,0
756,15,19,0
756,20,24,0
756,25,29,0
756,30,34,0
756,35,39,0
756,40,44,1
756,45,49,5
756,50,54,12
756,55,59,20
756,60,64,24
756,65,69,26
756,70,74,30
756,75,79,33
756,80,84,28
756,85,999,34
760,0,4,0
760,5,9,0
760,10,14,0
760,15,19,0
760,20,24,0
760,25,29,2
760,30,34,2
760,35,39,5
760,40,44,10
760,45,49,6
760,50,54,13
760,55,59,19
760,60,64,21
760,65,69,20
760,70,74,15
760,75,79,10
760,80,84,7
760,85,999,6
762,0,4,0
762,5,9,0
762,10,14,0
762,15,19,0
762,20,24,1
762,25,29,2
762,30,34,1
762,35,39,3
762,40,44,4
762,45,49,2
762,50,54,2
762,55,59,6
762,60,64,10
762,65,69,8
762,70,74,5
762,75,79,4
762,80,84,4
762,85,999,2
764,0,4,0
764,5,9,0
764,10,14,7
764,15,19,2
764,20,24,3
764,25,29,6
764,30,34,8
764,35,39,26
764,40,44,55
764,45,49,91
764,50,54,146
764,55,59,205
764,60,64,266
764,65,69,307
764,70,74,318
764,75,79,315
764,80,84,300
764,85,999,363
768,0,4,0
768,5,9,0
768,10,14,0
768,15,19,2
768,20,24,0
768,25,29,2
768,30,34,2
768,35,39,2
768,40,44,4
768,45,49,4
768,50,54,4
768,55,59,5
768,60,64,5
768,65,69,3
768,70,74,6
768,75,79,4
768,80,84,1
768,85,999,1
780,0,4,0
780,5,9,0
780,10,14,0
780,15,19,0
780,20,24,0
780,25,29,0
780,30,34,0
780,35,39,0
780,40,44,0
780,45,49,0
780,50,54,3
780,55,59,3
780,60,64,4
780,65,69,2
780,70,74,3
780,75,79,3
780,80,84,2
780,85,999,3
784,0,4,0
784,5,9,0
784,10,14,0
784,15,19,0
784,20,24,0
784,25,29,0
784,30,34,0
784,35,39,1
784,40,44,2
784,45,49,2
784,50,54,5
784,55,59,9
784,60,64,7
784,65,69,4
784,70,74,2
784,75,79,3
784,80,84,2
784,85,999,2
788,0,4,0
788,5,9,0
788,10,14,0
788,15,19,0
788,20,24,0
788,25,29,0
788,30,34,4
788,35,39,4
788,40,44,3
788,45,49,6
788,50,54,9
788,55,59,15
788,60,64,19
788,65,69,20
788,70,74,15
788,75,79,10
788,80,84,13
788,85,999,17
792,0,4,0
792,5,9,0
792,10,14,0
792,15,19,0
792,20,24,0
792,25,29,3
792,30,34,8
792,35,39,7
792,40,44,17
792,45,49,26
792,50,54,29
792,55,59,51
792,60,64,67
792,65,69,74
792,70,74,72
792,75,79,60
792,80,84,63
792,85,999,74
795,0,4,0
795,5,9,0
795,10,14,0
795,15,19,1
795,20,24,0
795,25,29,2
795,30,34,5
795,35,39,3
795,40,44,3
795,45,49,7
795,50,54,10
795,55,59,14
795,60,64,16
795,65,69,14
795,70,74,9
795,75,79,5
795,80,84,3
795,85,999,2
800,0,4,0
800,5,9,0
800,10,14,8
800,15,19,2
800,20,24,0
800,25,29,2
800,30,34,5
800,35,39,17
800,40,44,21
800,45,49,24
800,50,54,27
800,55,59,27
800,60,64,29
800,65,69,35
800,70,74,38
800,75,79,31
800,80,84,18
800,85,999,9
804,0,4,0
804,5,9,0
804,10,14,0
804,15,19,0
804,20,24,0
804,25,29,2
804,30,34,7
804,35,39,30
804,40,44,74
804,45,49,135
804,50,54,209
804,55,59,288
804,60,64,352
804,65,69,275
804,70,74,188
804,75,79,78
804,80,84,70
804,85,999,41
807,0,4,0
807,5,9,0
807,10,14,0
807,15,19,0
807,20,24,0
807,25,29,0
807,30,34,0
807,35,39,0
807,40,44,0
807,45,49,1
807,50,54,2
807,55,59,3
807,60,64,6
807,65,69,7
807,70,74,7
807,75,79,2
807,80,84,2
807,85,999,2
818,0,4,0
818,5,9,0
818,10,14,4
818,15,19,3
818,20,24,12
818,25,29,9
818,30,34,13
818,35,39,26
818,40,44,24
818,45,49,42
818,50,54,54
818,55,59,67
818,60,64,74
818,65,69,72
818,70,74,85
818,75,79,79
818,80,84,52
818,85,999,43
826,0,4,0
826,5,9,0
826,10,14,0
826,15,19,0
826,20,24,0
826,25,29,1
826,30,34,4
826,35,39,8
826,40,44,20
826,45,49,48
826,50,54,99
826,55,59,164
826,60,64,198
826,65,69,217
826,70,74,257
826,75,79,265
826,80,84,204
826,85,999,248
834,0,4,0
834,5,9,0
834,10,14,6
834,15,19,4
834,20,24,2
834,25,29,6
834,30,34,12
834,35,39,5
834,40,44,4
834,45,49,18
834,50,54,11
834,55,59,15
834,60,64,23
834,65,69,61
834,70,74,103
834,75,79,103
834,80,84,58
834,85,999,25
840,0,4,0
840,5,9,0
840,10,14,0
840,15,19,2
840,20,24,4
840,25,29,12
840,30,34,20
840,35,39,33
840,40,44,52
840,45,49,106
840,50,54,238
840,55,59,385
840,60,64,550
840,65,69,610
840,70,74,580
840,75,79,503
840,80,84,432
840,85,999,628
854,0,4,0
854,5,9,0
854,10,14,0
854,15,19,0
854,20,24,0
854,25,29,22
854,30,34,2
854,35,39,0
854,40,44,17
854,45,49,17
854,50,54,17
854,55,59,36
854,60,64,22
854,65,69,28
854,70,74,5
854,75,79,0
854,80,84,0
854,85,999,0
858,0,4,0
858,5,9,0
858,10,14,0
858,15,19,0
858,20,24,0
858,25,29,0
858,30,34,0
858,35,39,0
858,40,44,1
858,45,49,3
858,50,54,5
858,55,59,9
858,60,64,11
858,65,69,11
858,70,74,10
858,75,79,9
858,80,84,9
858,85,999,15
860,0,4,0
860,5,9,0
860,10,14,3
860,15,19,3
860,20,24,3
860,25,29,5
860,30,34,6
860,35,39,16
860,40,44,22
860,45,49,33
860,50,54,47
860,55,59,67
860,60,64,80
860,65,69,74
860,70,74,43
860,75,79,23
860,80,84,16
860,85,999,10
862,0,4,0
862,5,9,0
862,10,14,0
862,15,19,1
862,20,24,0
862,25,29,2
862,30,34,4
862,35,39,5
862,40,44,8
862,45,49,16
862,50,54,25
862,55,59,33
862,60,64,39
862,65,69,36
862,70,74,31
862,75,79,33
862,80,84,29
862,85,999,33
882,0,4,0
882,5,9,0
882,10,14,0
882,15,19,0
882,20,24,0
882,25,29,0
882,30,34,0
882,35,39,0
882,40,44,0
882,45,49,0
882,50,54,0
882,55,59,0
882,60,64,1
882,65,69,0
882,70,74,0
882,75,79,0
882,80,84,0
882,85,999,0
887,0,4,0
887,5,9,0
887,10,14,0
887,15,19,0
887,20,24,0
887,25,29,0
887,30,34,5
887,35,39,8
887,40,44,16
887,45,49,23
887,50,54,25
887,55,59,24
887,60,64,23
887,65,69,24
887,70,74,22
887,75,79,17
887,80,84,12
887,85,999,8
894,0,4,0
894,5,9,0
894,10,14,2
894,15,19,2
894,20,24,0
894,25,29,2
894,30,34,2
894,35,39,3
894,40,44,7
894,45,49,5
894,50,54,4
894,55,59,2
894,60,64,5
894,65,69,8
894,70,74,11
894,75,79,9
894,80,84,6
894,85,999,3
900,0,4,0
900,5,9,0
900,10,14,366
900,15,19,261
900,20,24,683
900,25,29,1527
900,30,34,3380
900,35,39,6360
900,40,44,10290
900,45,49,14729
900,50,54,20515
900,55,59,24447
900,60,64,25574
900,65,69,24263
900,70,74,19691
900,75,79,14328
900,80,84,10837
900,85,999,11164
